{
    "blocking_state": "AgentState.NAVIGATING",
    "brake": 0.0,
    "brake_noise": 0.0,
    "current_waypoint": {
        "pitch": -1.012520670890808,
        "roll": 0.0,
        "x": -88.14537048339844,
        "y": 80.52825164794922,
        "yaw": 89.84373474121094,
        "z": 0.7092251181602478
    },
    "ego_planned_trajectory": [],
    "ego_vehicle_can_speed": 0.13179240704361486,
    "ego_vehicle_can_timestamp": "587",
    "ego_vehicle_id": 171,
    "ego_vehicle_transform": {
        "pitch": -1.014679193496704,
        "roll": -0.001281768549233675,
        "x": -88.14537048339844,
        "y": 80.52833557128906,
        "yaw": 89.8431625366211,
        "z": 0.7201095223426819
    },
    "ego_velocity": {
        "vx": -4.0929171518655494e-05,
        "vy": 0.002942238934338093,
        "vz": 0.13175955414772034
    },
    "hand_brake": false,
    "left_distance": 1.7498389711845264,
    "next_target_location": null,
    "other_actors": {
        "171": {
            "bounding_box": {
                "extent_x": 2.452350616455078,
                "extent_y": 1.0303291082382202,
                "extent_z": 0.7391985058784485,
                "loc_x": 0.060644909739494324,
                "loc_y": 0.0,
                "loc_z": 0.7473415732383728
            },
            "transform": {
                "pitch": -1.014679193496704,
                "roll": -0.001281768549233675,
                "x": -88.14537048339844,
                "y": 80.52833557128906,
                "yaw": 89.8431625366211,
                "z": 0.7201095223426819
            },
            "type": "vehicle.lincoln.mkz2017",
            "velocity": 0.002942523601233499,
            "velocity_vec": {
                "vx": -4.0929171518655494e-05,
                "vy": 0.002942238934338093,
                "vz": 0.13175955414772034
            }
        },
        "173": {
            "bounding_box": {
                "extent_x": 2.073613166809082,
                "extent_y": 1.0016015768051147,
                "extent_z": 0.691210925579071,
                "loc_x": 0.0,
                "loc_y": 0.0,
                "loc_z": 0.7043752670288086
            },
            "transform": {
                "pitch": 0.0,
                "roll": 0.0,
                "x": -43.889949798583984,
                "y": 131.4618682861328,
                "yaw": 178.7031707763672,
                "z": -0.0024428940378129482
            },
            "type": "vehicle.audi.tt",
            "velocity": 9.810445811635204e-08,
            "velocity_vec": {
                "vx": -4.037903789111397e-09,
                "vy": -9.802132439062916e-08,
                "vz": -0.02045971341431141
            }
        },
        "180": {
            "bounding_box": {
                "extent_x": 2.5996146202087402,
                "extent_y": 1.3075095415115356,
                "extent_z": 1.2384252548217773,
                "loc_x": 0.0,
                "loc_y": 0.0,
                "loc_z": 1.2300000190734863
            },
            "transform": {
                "pitch": -0.07113641500473022,
                "roll": -0.01736450009047985,
                "x": -84.52189636230469,
                "y": 126.66100311279297,
                "yaw": 90.23246002197266,
                "z": -0.012707006186246872
            },
            "type": "vehicle.carlamotors.carlacola",
            "velocity": 0.0006803229002929323,
            "velocity_vec": {
                "vx": 0.0003870324289891869,
                "vy": 0.0005595043767243624,
                "vz": 0.23539148271083832
            }
        }
    },
    "reverse": false,
    "right_distance": 1.750223282037695,
    "steer": 0.0,
    "steer_noise": 0.0,
    "target_road_option": "RoadOption.LANEFOLLOW",
    "target_waypoint": {
        "pitch": -1.012520670890808,
        "roll": 0.0,
        "x": -88.1453628540039,
        "y": 80.53042602539062,
        "yaw": 89.84373474121094,
        "z": 0.7091866731643677
    },
    "throttle": 0.0,
    "throttle_noise": 0.0
}