{
    "blocking_state": "AgentState.NAVIGATING",
    "brake": 0.0,
    "brake_noise": 0.0,
    "current_waypoint": {
        "pitch": -1.012520670890808,
        "roll": 0.0,
        "x": -88.14537811279297,
        "y": 80.52709197998047,
        "yaw": 89.84373474121094,
        "z": 0.7092456221580505
    },
    "ego_planned_trajectory": [],
    "ego_vehicle_can_speed": 0.22187313146839843,
    "ego_vehicle_can_timestamp": "584",
    "ego_vehicle_id": 171,
    "ego_vehicle_transform": {
        "pitch": -0.9964562654495239,
        "roll": -0.0019530890276655555,
        "x": -88.14537811279297,
        "y": 80.52798461914062,
        "yaw": 89.84326171875,
        "z": 0.6941646933555603
    },
    "ego_velocity": {
        "vx": -2.019575003942009e-05,
        "vy": 0.004383889026939869,
        "vz": 0.22182981669902802
    },
    "hand_brake": false,
    "left_distance": -1,
    "next_target_location": null,
    "other_actors": {
        "171": {
            "bounding_box": {
                "extent_x": 2.452350616455078,
                "extent_y": 1.0303291082382202,
                "extent_z": 0.7391985058784485,
                "loc_x": 0.060644909739494324,
                "loc_y": 0.0,
                "loc_z": 0.7473415732383728
            },
            "transform": {
                "pitch": -0.9964562654495239,
                "roll": -0.0019530890276655555,
                "x": -88.14537811279297,
                "y": 80.52798461914062,
                "yaw": 89.84326171875,
                "z": 0.6941646933555603
            },
            "type": "vehicle.lincoln.mkz2017",
            "velocity": 0.00438393554569903,
            "velocity_vec": {
                "vx": -2.019575003942009e-05,
                "vy": 0.004383889026939869,
                "vz": 0.22182981669902802
            }
        },
        "173": {
            "bounding_box": {
                "extent_x": 2.073613166809082,
                "extent_y": 1.0016015768051147,
                "extent_z": 0.691210925579071,
                "loc_x": 0.0,
                "loc_y": 0.0,
                "loc_z": 0.7043752670288086
            },
            "transform": {
                "pitch": 0.0,
                "roll": 0.0,
                "x": -43.889949798583984,
                "y": 131.4618682861328,
                "yaw": 178.7031707763672,
                "z": 0.0
            },
            "type": "vehicle.audi.tt",
            "velocity": 0.0,
            "velocity_vec": {
                "vx": 0.0,
                "vy": 0.0,
                "vz": 9.15527380129788e-06
            }
        },
        "180": {
            "bounding_box": {
                "extent_x": 2.5996146202087402,
                "extent_y": 1.3075095415115356,
                "extent_z": 1.2384252548217773,
                "loc_x": 0.0,
                "loc_y": 0.0,
                "loc_z": 1.2300000190734863
            },
            "transform": {
                "pitch": -0.10449505597352982,
                "roll": -0.015228271484375,
                "x": -84.52197265625,
                "y": 126.66065216064453,
                "yaw": 90.2319564819336,
                "z": -0.04812886193394661
            },
            "type": "vehicle.carlamotors.carlacola",
            "velocity": 0.001471562503085294,
            "velocity_vec": {
                "vx": 0.00025414719129912555,
                "vy": 0.0014494500355795026,
                "vz": 0.1774207502603531
            }
        }
    },
    "reverse": false,
    "right_distance": -1,
    "steer": 0.0,
    "steer_noise": 0.0,
    "target_road_option": "RoadOption.LANEFOLLOW",
    "target_waypoint": "None",
    "throttle": 0.0,
    "throttle_noise": 0.0
}