{
    "blocking_state": "AgentState.NAVIGATING",
    "brake": 0.0,
    "brake_noise": 0.0,
    "current_waypoint": {
        "pitch": -1.012520670890808,
        "roll": 0.0,
        "x": -88.14537048339844,
        "y": 80.52840423583984,
        "yaw": 89.84373474121094,
        "z": 0.7092224359512329
    },
    "ego_planned_trajectory": [],
    "ego_vehicle_can_speed": 0.08407924468567127,
    "ego_vehicle_can_timestamp": "591",
    "ego_vehicle_id": 171,
    "ego_vehicle_transform": {
        "pitch": -1.0257577896118164,
        "roll": -0.0008544441661797464,
        "x": -88.14537048339844,
        "y": 80.52845764160156,
        "yaw": 89.84310150146484,
        "z": 0.7305009365081787
    },
    "ego_velocity": {
        "vx": -1.343499116046587e-05,
        "vy": 0.0019811070524156094,
        "vz": 0.08405590057373047
    },
    "hand_brake": false,
    "left_distance": 1.749750949687908,
    "next_target_location": null,
    "other_actors": {
        "171": {
            "bounding_box": {
                "extent_x": 2.452350616455078,
                "extent_y": 1.0303291082382202,
                "extent_z": 0.7391985058784485,
                "loc_x": 0.060644909739494324,
                "loc_y": 0.0,
                "loc_z": 0.7473415732383728
            },
            "transform": {
                "pitch": -1.0257577896118164,
                "roll": -0.0008544441661797464,
                "x": -88.14537048339844,
                "y": 80.52845764160156,
                "yaw": 89.84310150146484,
                "z": 0.7305009365081787
            },
            "type": "vehicle.lincoln.mkz2017",
            "velocity": 0.0019811526069736136,
            "velocity_vec": {
                "vx": -1.343499116046587e-05,
                "vy": 0.0019811070524156094,
                "vz": 0.08405590057373047
            }
        },
        "173": {
            "bounding_box": {
                "extent_x": 2.073613166809082,
                "extent_y": 1.0016015768051147,
                "extent_z": 0.691210925579071,
                "loc_x": 0.0,
                "loc_y": 0.0,
                "loc_z": 0.7043752670288086
            },
            "transform": {
                "pitch": 0.0,
                "roll": 0.0,
                "x": -43.889949798583984,
                "y": 131.4618682861328,
                "yaw": 178.7031707763672,
                "z": -0.004326286260038614
            },
            "type": "vehicle.audi.tt",
            "velocity": 6.236145346255699e-08,
            "velocity_vec": {
                "vx": -2.915274466275264e-09,
                "vy": -6.229327453866063e-08,
                "vz": -0.01709204912185669
            }
        },
        "180": {
            "bounding_box": {
                "extent_x": 2.5996146202087402,
                "extent_y": 1.3075095415115356,
                "extent_z": 1.2384252548217773,
                "loc_x": 0.0,
                "loc_y": 0.0,
                "loc_z": 1.2300000190734863
            },
            "transform": {
                "pitch": -0.07931898534297943,
                "roll": -0.01831054501235485,
                "x": -84.52183532714844,
                "y": 126.66099548339844,
                "yaw": 90.23271942138672,
                "z": 0.007619949523359537
            },
            "type": "vehicle.carlamotors.carlacola",
            "velocity": 0.0003683703770603151,
            "velocity_vec": {
                "vx": 0.00031447940273210406,
                "vy": 0.00019183180120307952,
                "vz": 0.17679333686828613
            }
        }
    },
    "reverse": false,
    "right_distance": 1.7505024372630227,
    "steer": 0.006263999734073877,
    "steer_noise": 0.0,
    "target_road_option": "RoadOption.LANEFOLLOW",
    "target_waypoint": {
        "pitch": -0.7469339966773987,
        "roll": 0.0,
        "x": -88.05536651611328,
        "y": 113.53031158447266,
        "yaw": 89.84373474121094,
        "z": 0.14425444602966309
    },
    "throttle": 0.75,
    "throttle_noise": 0.0
}