{
    "blocking_state": "AgentState.NAVIGATING",
    "brake": 0.0,
    "brake_noise": 0.0,
    "current_waypoint": {
        "pitch": -1.012520670890808,
        "roll": 0.0,
        "x": -88.14537048339844,
        "y": 80.52859497070312,
        "yaw": 89.84373474121094,
        "z": 0.7092190384864807
    },
    "ego_planned_trajectory": [],
    "ego_vehicle_can_speed": 0.009951953591039729,
    "ego_vehicle_can_timestamp": "599",
    "ego_vehicle_id": 171,
    "ego_vehicle_transform": {
        "pitch": -1.044854998588562,
        "roll": -0.00012210993736516684,
        "x": -88.1453628540039,
        "y": 80.52860260009766,
        "yaw": 89.84290313720703,
        "z": 0.7444268465042114
    },
    "ego_velocity": {
        "vx": -3.4700153719313676e-06,
        "vy": 0.00026521325344219804,
        "vz": 0.009948418475687504
    },
    "hand_brake": false,
    "left_distance": 1.7497218645189971,
    "next_target_location": null,
    "other_actors": {
        "171": {
            "bounding_box": {
                "extent_x": 2.452350616455078,
                "extent_y": 1.0303291082382202,
                "extent_z": 0.7391985058784485,
                "loc_x": 0.060644909739494324,
                "loc_y": 0.0,
                "loc_z": 0.7473415732383728
            },
            "transform": {
                "pitch": -1.044854998588562,
                "roll": -0.00012210993736516684,
                "x": -88.1453628540039,
                "y": 80.52860260009766,
                "yaw": 89.84290313720703,
                "z": 0.7444268465042114
            },
            "type": "vehicle.lincoln.mkz2017",
            "velocity": 0.00026523595308343287,
            "velocity_vec": {
                "vx": -3.4700153719313676e-06,
                "vy": 0.00026521325344219804,
                "vz": 0.009948418475687504
            }
        },
        "173": {
            "bounding_box": {
                "extent_x": 2.073613166809082,
                "extent_y": 1.0016015768051147,
                "extent_z": 0.691210925579071,
                "loc_x": 0.0,
                "loc_y": 0.0,
                "loc_z": 0.7043752670288086
            },
            "transform": {
                "pitch": 0.0,
                "roll": 0.0,
                "x": -43.889949798583984,
                "y": 131.4618682861328,
                "yaw": 178.7031707763672,
                "z": -0.007557868957519531
            },
            "type": "vehicle.audi.tt",
            "velocity": 1.6593116174141512e-07,
            "velocity_vec": {
                "vx": 3.7071647973618838e-09,
                "vy": 1.6588974460773898e-07,
                "vz": -0.0008736870368011296
            }
        },
        "180": {
            "bounding_box": {
                "extent_x": 2.5996146202087402,
                "extent_y": 1.3075095415115356,
                "extent_z": 1.2384252548217773,
                "loc_x": 0.0,
                "loc_y": 0.0,
                "loc_z": 1.2300000190734863
            },
            "transform": {
                "pitch": -0.1293979287147522,
                "roll": -0.01959228701889515,
                "x": -84.52183532714844,
                "y": 126.6606674194336,
                "yaw": 90.23314666748047,
                "z": 0.04043087363243103
            },
            "type": "vehicle.carlamotors.carlacola",
            "velocity": 0.00016705451232360512,
            "velocity_vec": {
                "vx": 0.00015739905938971788,
                "vy": -5.5970940593397245e-05,
                "vz": 0.02646569162607193
            }
        }
    },
    "reverse": false,
    "right_distance": 1.7509807776617259,
    "steer": 1.1922507837880403e-05,
    "steer_noise": 0.0,
    "target_road_option": "RoadOption.LANEFOLLOW",
    "target_waypoint": {
        "pitch": -0.7469339966773987,
        "roll": 0.0,
        "x": -88.05536651611328,
        "y": 113.53031158447266,
        "yaw": 89.84373474121094,
        "z": 0.14425444602966309
    },
    "throttle": 0.75,
    "throttle_noise": 0.0
}