{
    "blocking_state": "AgentState.NAVIGATING",
    "brake": 0.0,
    "brake_noise": 0.0,
    "current_waypoint": {
        "pitch": -1.012520670890808,
        "roll": 0.0,
        "x": -88.14537048339844,
        "y": 80.52859497070312,
        "yaw": 89.84373474121094,
        "z": 0.7092190384864807
    },
    "ego_planned_trajectory": [],
    "ego_vehicle_can_speed": 0.013232974531731705,
    "ego_vehicle_can_timestamp": "598",
    "ego_vehicle_id": 171,
    "ego_vehicle_transform": {
        "pitch": -1.0440080165863037,
        "roll": -0.00018316484056413174,
        "x": -88.1453628540039,
        "y": 80.52859497070312,
        "yaw": 89.84294128417969,
        "z": 0.7438684105873108
    },
    "ego_velocity": {
        "vx": -4.606823495123535e-06,
        "vy": 0.0003481849853415042,
        "vz": 0.013228392228484154
    },
    "hand_brake": false,
    "left_distance": 1.7497205656910924,
    "next_target_location": null,
    "other_actors": {
        "171": {
            "bounding_box": {
                "extent_x": 2.452350616455078,
                "extent_y": 1.0303291082382202,
                "extent_z": 0.7391985058784485,
                "loc_x": 0.060644909739494324,
                "loc_y": 0.0,
                "loc_z": 0.7473415732383728
            },
            "transform": {
                "pitch": -1.0440080165863037,
                "roll": -0.00018316484056413174,
                "x": -88.1453628540039,
                "y": 80.52859497070312,
                "yaw": 89.84294128417969,
                "z": 0.7438684105873108
            },
            "type": "vehicle.lincoln.mkz2017",
            "velocity": 0.0003482154603689772,
            "velocity_vec": {
                "vx": -4.606823495123535e-06,
                "vy": 0.0003481849853415042,
                "vz": 0.013228392228484154
            }
        },
        "173": {
            "bounding_box": {
                "extent_x": 2.073613166809082,
                "extent_y": 1.0016015768051147,
                "extent_z": 0.691210925579071,
                "loc_x": 0.0,
                "loc_y": 0.0,
                "loc_z": 0.7043752670288086
            },
            "transform": {
                "pitch": 0.0,
                "roll": 0.0,
                "x": -43.889949798583984,
                "y": 131.4618682861328,
                "yaw": 178.7031707763672,
                "z": -0.007486419286578894
            },
            "type": "vehicle.audi.tt",
            "velocity": 1.995739749626416e-07,
            "velocity_vec": {
                "vx": -5.203323549807237e-09,
                "vy": -1.9950613250330207e-07,
                "vz": -0.003722352208569646
            }
        },
        "180": {
            "bounding_box": {
                "extent_x": 2.5996146202087402,
                "extent_y": 1.3075095415115356,
                "extent_z": 1.2384252548217773,
                "loc_x": 0.0,
                "loc_y": 0.0,
                "loc_z": 1.2300000190734863
            },
            "transform": {
                "pitch": -0.12570279836654663,
                "roll": -0.019500732421875,
                "x": -84.5218276977539,
                "y": 126.66069030761719,
                "yaw": 90.2331314086914,
                "z": 0.03894314542412758
            },
            "type": "vehicle.carlamotors.carlacola",
            "velocity": 0.0001778342440172294,
            "velocity_vec": {
                "vx": 0.0001649462355999276,
                "vy": -6.646621477557346e-05,
                "vz": 0.03463492915034294
            }
        }
    },
    "reverse": false,
    "right_distance": 1.750959797246662,
    "steer": 1.1923848433070816e-05,
    "steer_noise": 0.0,
    "target_road_option": "RoadOption.LANEFOLLOW",
    "target_waypoint": {
        "pitch": -0.7469339966773987,
        "roll": 0.0,
        "x": -88.05536651611328,
        "y": 113.53031158447266,
        "yaw": 89.84373474121094,
        "z": 0.14425444602966309
    },
    "throttle": 0.75,
    "throttle_noise": 0.0
}