{
    "blocking_state": "AgentState.NAVIGATING",
    "brake": 0.0,
    "brake_noise": 0.0,
    "current_waypoint": {
        "pitch": -1.012520670890808,
        "roll": 0.0,
        "x": -88.14537048339844,
        "y": 80.52833557128906,
        "yaw": 89.84373474121094,
        "z": 0.7092235684394836
    },
    "ego_planned_trajectory": [],
    "ego_vehicle_can_speed": 0.10599634024148046,
    "ego_vehicle_can_timestamp": "590",
    "ego_vehicle_id": 171,
    "ego_vehicle_transform": {
        "pitch": -1.0205326080322266,
        "roll": -0.0010681335115805268,
        "x": -88.14537048339844,
        "y": 80.52840423583984,
        "yaw": 89.84313201904297,
        "z": 0.725889265537262
    },
    "ego_velocity": {
        "vx": -4.3910215026699007e-05,
        "vy": 0.002435424830764532,
        "vz": 0.10596834868192673
    },
    "hand_brake": false,
    "left_distance": 1.749782485670271,
    "next_target_location": null,
    "other_actors": {
        "171": {
            "bounding_box": {
                "extent_x": 2.452350616455078,
                "extent_y": 1.0303291082382202,
                "extent_z": 0.7391985058784485,
                "loc_x": 0.060644909739494324,
                "loc_y": 0.0,
                "loc_z": 0.7473415732383728
            },
            "transform": {
                "pitch": -1.0205326080322266,
                "roll": -0.0010681335115805268,
                "x": -88.14537048339844,
                "y": 80.52840423583984,
                "yaw": 89.84313201904297,
                "z": 0.725889265537262
            },
            "type": "vehicle.lincoln.mkz2017",
            "velocity": 0.0024358206447290284,
            "velocity_vec": {
                "vx": -4.3910215026699007e-05,
                "vy": 0.002435424830764532,
                "vz": 0.10596834868192673
            }
        },
        "173": {
            "bounding_box": {
                "extent_x": 2.073613166809082,
                "extent_y": 1.0016015768051147,
                "extent_z": 0.691210925579071,
                "loc_x": 0.0,
                "loc_y": 0.0,
                "loc_z": 0.7043752670288086
            },
            "transform": {
                "pitch": 0.0,
                "roll": 0.0,
                "x": -43.889949798583984,
                "y": 131.4618682861328,
                "yaw": 178.7031707763672,
                "z": -0.003432655241340399
            },
            "type": "vehicle.audi.tt",
            "velocity": 4.770268280225728e-08,
            "velocity_vec": {
                "vx": -2.738858473350092e-09,
                "vy": -4.762399186120092e-08,
                "vz": -0.01929468847811222
            }
        },
        "180": {
            "bounding_box": {
                "extent_x": 2.5996146202087402,
                "extent_y": 1.3075095415115356,
                "extent_z": 1.2384252548217773,
                "loc_x": 0.0,
                "loc_y": 0.0,
                "loc_z": 1.2300000190734863
            },
            "transform": {
                "pitch": -0.07369773834943771,
                "roll": -0.01788330264389515,
                "x": -84.52186584472656,
                "y": 126.6610107421875,
                "yaw": 90.23259735107422,
                "z": -0.001798422308638692
            },
            "type": "vehicle.carlamotors.carlacola",
            "velocity": 0.0004959536615316901,
            "velocity_vec": {
                "vx": 0.00035137886879965663,
                "vy": 0.00035000417847186327,
                "vz": 0.2080278992652893
            }
        }
    },
    "reverse": false,
    "right_distance": 1.7503709503424703,
    "steer": -0.0007698117406107485,
    "steer_noise": 0.0,
    "target_road_option": "RoadOption.LANEFOLLOW",
    "target_waypoint": {
        "pitch": -0.7469339966773987,
        "roll": 0.0,
        "x": -88.05536651611328,
        "y": 113.53031158447266,
        "yaw": 89.84373474121094,
        "z": 0.14425444602966309
    },
    "throttle": 0.75,
    "throttle_noise": 0.0
}