{
    "blocking_state": "AgentState.NAVIGATING",
    "brake": 0.0,
    "brake_noise": 0.0,
    "current_waypoint": {
        "pitch": -1.012520670890808,
        "roll": 0.0,
        "x": -88.14537048339844,
        "y": 80.52857208251953,
        "yaw": 89.84373474121094,
        "z": 0.7092194557189941
    },
    "ego_planned_trajectory": [],
    "ego_vehicle_can_speed": 0.023101792991100528,
    "ego_vehicle_can_timestamp": "596",
    "ego_vehicle_id": 171,
    "ego_vehicle_transform": {
        "pitch": -1.0414056777954102,
        "roll": -0.0002746936515904963,
        "x": -88.1453628540039,
        "y": 80.52857971191406,
        "yaw": 89.84297943115234,
        "z": 0.7421475052833557
    },
    "ego_velocity": {
        "vx": -1.566677565278951e-05,
        "vy": 0.0005938044050708413,
        "vz": 0.02309415489435196
    },
    "hand_brake": false,
    "left_distance": 1.7497177694386514,
    "next_target_location": null,
    "other_actors": {
        "171": {
            "bounding_box": {
                "extent_x": 2.452350616455078,
                "extent_y": 1.0303291082382202,
                "extent_z": 0.7391985058784485,
                "loc_x": 0.060644909739494324,
                "loc_y": 0.0,
                "loc_z": 0.7473415732383728
            },
            "transform": {
                "pitch": -1.0414056777954102,
                "roll": -0.0002746936515904963,
                "x": -88.1453628540039,
                "y": 80.52857971191406,
                "yaw": 89.84297943115234,
                "z": 0.7421475052833557
            },
            "type": "vehicle.lincoln.mkz2017",
            "velocity": 0.0005940110431135861,
            "velocity_vec": {
                "vx": -1.566677565278951e-05,
                "vy": 0.0005938044050708413,
                "vz": 0.02309415489435196
            }
        },
        "173": {
            "bounding_box": {
                "extent_x": 2.073613166809082,
                "extent_y": 1.0016015768051147,
                "extent_z": 0.691210925579071,
                "loc_x": 0.0,
                "loc_y": 0.0,
                "loc_z": 0.7043752670288086
            },
            "transform": {
                "pitch": 0.0,
                "roll": 0.0,
                "x": -43.889949798583984,
                "y": 131.4618682861328,
                "yaw": 178.7031707763672,
                "z": -0.007021369878202677
            },
            "type": "vehicle.audi.tt",
            "velocity": 1.1659660679086557e-07,
            "velocity_vec": {
                "vx": -2.4034243484294393e-09,
                "vy": -1.1657183307534069e-07,
                "vz": -0.006156791467219591
            }
        },
        "180": {
            "bounding_box": {
                "extent_x": 2.5996146202087402,
                "extent_y": 1.3075095415115356,
                "extent_z": 1.2384252548217773,
                "loc_x": 0.0,
                "loc_y": 0.0,
                "loc_z": 1.2300000190734863
            },
            "transform": {
                "pitch": -0.11562826484441757,
                "roll": -0.019317619502544403,
                "x": -84.5218276977539,
                "y": 126.66075897216797,
                "yaw": 90.23308563232422,
                "z": 0.03448876366019249
            },
            "type": "vehicle.carlamotors.carlacola",
            "velocity": 0.00020345683373924027,
            "velocity_vec": {
                "vx": 0.00018905496108345687,
                "vy": -7.518580241594464e-05,
                "vz": 0.05820339173078537
            }
        }
    },
    "reverse": false,
    "right_distance": 1.7508961808634556,
    "steer": 1.1690064638969488e-05,
    "steer_noise": 0.0,
    "target_road_option": "RoadOption.LANEFOLLOW",
    "target_waypoint": {
        "pitch": -0.7469339966773987,
        "roll": 0.0,
        "x": -88.05536651611328,
        "y": 113.53031158447266,
        "yaw": 89.84373474121094,
        "z": 0.14425444602966309
    },
    "throttle": 0.75,
    "throttle_noise": 0.0
}