{
    "blocking_state": "AgentState.NAVIGATING",
    "brake": 0.0,
    "brake_noise": 0.0,
    "current_waypoint": {
        "pitch": -1.012520670890808,
        "roll": 0.0,
        "x": -88.14537048339844,
        "y": 80.52852630615234,
        "yaw": 89.84373474121094,
        "z": 0.7092202305793762
    },
    "ego_planned_trajectory": [],
    "ego_vehicle_can_speed": 0.039551634838493874,
    "ego_vehicle_can_timestamp": "594",
    "ego_vehicle_id": 171,
    "ego_vehicle_transform": {
        "pitch": -1.037041187286377,
        "roll": -0.00045775098260492086,
        "x": -88.14537048339844,
        "y": 80.52854919433594,
        "yaw": 89.8430404663086,
        "z": 0.7391695976257324
    },
    "ego_velocity": {
        "vx": -2.0868365027126856e-05,
        "vy": 0.0009880912257358432,
        "vz": 0.03953928500413895
    },
    "hand_brake": false,
    "left_distance": 1.74972456436143,
    "next_target_location": null,
    "other_actors": {
        "171": {
            "bounding_box": {
                "extent_x": 2.452350616455078,
                "extent_y": 1.0303291082382202,
                "extent_z": 0.7391985058784485,
                "loc_x": 0.060644909739494324,
                "loc_y": 0.0,
                "loc_z": 0.7473415732383728
            },
            "transform": {
                "pitch": -1.037041187286377,
                "roll": -0.00045775098260492086,
                "x": -88.14537048339844,
                "y": 80.52854919433594,
                "yaw": 89.8430404663086,
                "z": 0.7391695976257324
            },
            "type": "vehicle.lincoln.mkz2017",
            "velocity": 0.0009883115698174673,
            "velocity_vec": {
                "vx": -2.0868365027126856e-05,
                "vy": 0.0009880912257358432,
                "vz": 0.03953928500413895
            }
        },
        "173": {
            "bounding_box": {
                "extent_x": 2.073613166809082,
                "extent_y": 1.0016015768051147,
                "extent_z": 0.691210925579071,
                "loc_x": 0.0,
                "loc_y": 0.0,
                "loc_z": 0.7043752670288086
            },
            "transform": {
                "pitch": 0.0,
                "roll": 0.0,
                "x": -43.889949798583984,
                "y": 131.4618682861328,
                "yaw": 178.7031707763672,
                "z": -0.006265411153435707
            },
            "type": "vehicle.audi.tt",
            "velocity": 9.137520136127436e-08,
            "velocity_vec": {
                "vx": -3.0845708209881195e-09,
                "vy": -9.132312328574699e-08,
                "vz": -0.009772350080311298
            }
        },
        "180": {
            "bounding_box": {
                "extent_x": 2.5996146202087402,
                "extent_y": 1.3075095415115356,
                "extent_z": 1.2384252548217773,
                "loc_x": 0.0,
                "loc_y": 0.0,
                "loc_z": 1.2300000190734863
            },
            "transform": {
                "pitch": -0.1020771712064743,
                "roll": -0.0190734826028347,
                "x": -84.5218276977539,
                "y": 126.66085052490234,
                "yaw": 90.23297882080078,
                "z": 0.027139713987708092
            },
            "type": "vehicle.carlamotors.carlacola",
            "velocity": 0.00023051192645331202,
            "velocity_vec": {
                "vx": 0.00022660828835796565,
                "vy": -4.224253643769771e-05,
                "vz": 0.0945836529135704
            }
        }
    },
    "reverse": false,
    "right_distance": 1.7507824569508028,
    "steer": 1.1684564924507868e-05,
    "steer_noise": 0.0,
    "target_road_option": "RoadOption.LANEFOLLOW",
    "target_waypoint": {
        "pitch": -0.7469339966773987,
        "roll": 0.0,
        "x": -88.05536651611328,
        "y": 113.53031158447266,
        "yaw": 89.84373474121094,
        "z": 0.14425444602966309
    },
    "throttle": 0.75,
    "throttle_noise": 0.0
}