{
    "blocking_state": "AgentState.NAVIGATING",
    "brake": 0.0,
    "brake_noise": 0.0,
    "current_waypoint": {
        "pitch": -1.012520670890808,
        "roll": 0.0,
        "x": -88.14537048339844,
        "y": 80.52849578857422,
        "yaw": 89.84373474121094,
        "z": 0.7092207670211792
    },
    "ego_planned_trajectory": [],
    "ego_vehicle_can_speed": 0.05126800468392988,
    "ego_vehicle_can_timestamp": "593",
    "ego_vehicle_id": 171,
    "ego_vehicle_transform": {
        "pitch": -1.0339949131011963,
        "roll": -0.0005493327043950558,
        "x": -88.14537048339844,
        "y": 80.52852630615234,
        "yaw": 89.84306335449219,
        "z": 0.7369734644889832
    },
    "ego_velocity": {
        "vx": -2.486194898665417e-05,
        "vy": 0.001259498530998826,
        "vz": 0.05125252529978752
    },
    "hand_brake": false,
    "left_distance": 1.7497271863175292,
    "next_target_location": null,
    "other_actors": {
        "171": {
            "bounding_box": {
                "extent_x": 2.452350616455078,
                "extent_y": 1.0303291082382202,
                "extent_z": 0.7391985058784485,
                "loc_x": 0.060644909739494324,
                "loc_y": 0.0,
                "loc_z": 0.7473415732383728
            },
            "transform": {
                "pitch": -1.0339949131011963,
                "roll": -0.0005493327043950558,
                "x": -88.14537048339844,
                "y": 80.52852630615234,
                "yaw": 89.84306335449219,
                "z": 0.7369734644889832
            },
            "type": "vehicle.lincoln.mkz2017",
            "velocity": 0.0012597438890884192,
            "velocity_vec": {
                "vx": -2.486194898665417e-05,
                "vy": 0.001259498530998826,
                "vz": 0.05125252529978752
            }
        },
        "173": {
            "bounding_box": {
                "extent_x": 2.073613166809082,
                "extent_y": 1.0016015768051147,
                "extent_z": 0.691210925579071,
                "loc_x": 0.0,
                "loc_y": 0.0,
                "loc_z": 0.7043752670288086
            },
            "transform": {
                "pitch": 0.0,
                "roll": 0.0,
                "x": -43.889949798583984,
                "y": 131.4618682861328,
                "yaw": 178.7031707763672,
                "z": -0.005739936605095863
            },
            "type": "vehicle.audi.tt",
            "velocity": 1.1579600804717659e-07,
            "velocity_vec": {
                "vx": -1.170308072673265e-09,
                "vy": -1.1579009395745743e-07,
                "vz": -0.012046083807945251
            }
        },
        "180": {
            "bounding_box": {
                "extent_x": 2.5996146202087402,
                "extent_y": 1.3075095415115356,
                "extent_z": 1.2384252548217773,
                "loc_x": 0.0,
                "loc_y": 0.0,
                "loc_z": 1.2300000190734863
            },
            "transform": {
                "pitch": -0.09436588734388351,
                "roll": -0.0188598595559597,
                "x": -84.5218276977539,
                "y": 126.66089630126953,
                "yaw": 90.23289489746094,
                "z": 0.021951952949166298
            },
            "type": "vehicle.carlamotors.carlacola",
            "velocity": 0.0002511237448087706,
            "velocity_vec": {
                "vx": 0.00025109678972512484,
                "vy": 3.679320116134477e-06,
                "vz": 0.11851026117801666
            }
        }
    },
    "reverse": false,
    "right_distance": 1.7507074614188243,
    "steer": 1.1677475413307548e-05,
    "steer_noise": 0.0,
    "target_road_option": "RoadOption.LANEFOLLOW",
    "target_waypoint": {
        "pitch": -0.7469339966773987,
        "roll": 0.0,
        "x": -88.05536651611328,
        "y": 113.53031158447266,
        "yaw": 89.84373474121094,
        "z": 0.14425444602966309
    },
    "throttle": 0.75,
    "throttle_noise": 0.0
}