{
    "blocking_state": "AgentState.NAVIGATING",
    "brake": 0.0,
    "brake_noise": 0.0,
    "current_waypoint": {
        "pitch": -1.012520670890808,
        "roll": 0.0,
        "x": -88.14537048339844,
        "y": 80.52845764160156,
        "yaw": 89.84373474121094,
        "z": 0.7092214226722717
    },
    "ego_planned_trajectory": [],
    "ego_vehicle_can_speed": 0.06595999287564014,
    "ego_vehicle_can_timestamp": "592",
    "ego_vehicle_id": 171,
    "ego_vehicle_transform": {
        "pitch": -1.0302451848983765,
        "roll": -0.0007018619799055159,
        "x": -88.14537048339844,
        "y": 80.52849578857422,
        "yaw": 89.84307098388672,
        "z": 0.7341364026069641
    },
    "ego_velocity": {
        "vx": -2.5579502107575536e-05,
        "vy": 0.0015888282796368003,
        "vz": 0.06594084948301315
    },
    "hand_brake": false,
    "left_distance": 1.7497346481408518,
    "next_target_location": null,
    "other_actors": {
        "171": {
            "bounding_box": {
                "extent_x": 2.452350616455078,
                "extent_y": 1.0303291082382202,
                "extent_z": 0.7391985058784485,
                "loc_x": 0.060644909739494324,
                "loc_y": 0.0,
                "loc_z": 0.7473415732383728
            },
            "transform": {
                "pitch": -1.0302451848983765,
                "roll": -0.0007018619799055159,
                "x": -88.14537048339844,
                "y": 80.52849578857422,
                "yaw": 89.84307098388672,
                "z": 0.7341364026069641
            },
            "type": "vehicle.lincoln.mkz2017",
            "velocity": 0.0015890341761905897,
            "velocity_vec": {
                "vx": -2.5579502107575536e-05,
                "vy": 0.0015888282796368003,
                "vz": 0.06594084948301315
            }
        },
        "173": {
            "bounding_box": {
                "extent_x": 2.073613166809082,
                "extent_y": 1.0016015768051147,
                "extent_z": 0.691210925579071,
                "loc_x": 0.0,
                "loc_y": 0.0,
                "loc_z": 0.7043752670288086
            },
            "transform": {
                "pitch": 0.0,
                "roll": 0.0,
                "x": -43.889949798583984,
                "y": 131.4618682861328,
                "yaw": 178.7031707763672,
                "z": -0.0050965119153261185
            },
            "type": "vehicle.audi.tt",
            "velocity": 1.5447656397129204e-07,
            "velocity_vec": {
                "vx": -1.6733863184015263e-09,
                "vy": -1.5446750012415578e-07,
                "vz": -0.01454906165599823
            }
        },
        "180": {
            "bounding_box": {
                "extent_x": 2.5996146202087402,
                "extent_y": 1.3075095415115356,
                "extent_z": 1.2384252548217773,
                "loc_x": 0.0,
                "loc_y": 0.0,
                "loc_z": 1.2300000190734863
            },
            "transform": {
                "pitch": -0.0865248292684555,
                "roll": -0.01861572265625,
                "x": -84.5218276977539,
                "y": 126.66094207763672,
                "yaw": 90.2328109741211,
                "z": 0.015502295456826687
            },
            "type": "vehicle.carlamotors.carlacola",
            "velocity": 0.00029110996561145425,
            "velocity_vec": {
                "vx": 0.00028019605088047683,
                "vy": 7.89631885709241e-05,
                "vz": 0.1462094783782959
            }
        }
    },
    "reverse": false,
    "right_distance": 1.7506146589513347,
    "steer": 1.1671903848764487e-05,
    "steer_noise": 0.0,
    "target_road_option": "RoadOption.LANEFOLLOW",
    "target_waypoint": {
        "pitch": -0.7469339966773987,
        "roll": 0.0,
        "x": -88.05536651611328,
        "y": 113.53031158447266,
        "yaw": 89.84373474121094,
        "z": 0.14425444602966309
    },
    "throttle": 0.75,
    "throttle_noise": 0.0
}