{
    "blocking_state": "AgentState.NAVIGATING",
    "brake": 0.0,
    "brake_noise": 0.0,
    "current_waypoint": {
        "pitch": -1.012520670890808,
        "roll": 0.0,
        "x": -88.14537048339844,
        "y": 80.52854919433594,
        "yaw": 89.84373474121094,
        "z": 0.7092198133468628
    },
    "ego_planned_trajectory": [],
    "ego_vehicle_can_speed": 0.030313084010028583,
    "ego_vehicle_can_timestamp": "595",
    "ego_vehicle_id": 171,
    "ego_vehicle_transform": {
        "pitch": -1.0394933223724365,
        "roll": -0.0003662757808342576,
        "x": -88.1453628540039,
        "y": 80.528564453125,
        "yaw": 89.84300994873047,
        "z": 0.7408578991889954
    },
    "ego_velocity": {
        "vx": -1.813605376810301e-05,
        "vy": 0.0007694068481214345,
        "vz": 0.030303312465548515
    },
    "hand_brake": false,
    "left_distance": 1.7497167886692715,
    "next_target_location": null,
    "other_actors": {
        "171": {
            "bounding_box": {
                "extent_x": 2.452350616455078,
                "extent_y": 1.0303291082382202,
                "extent_z": 0.7391985058784485,
                "loc_x": 0.060644909739494324,
                "loc_y": 0.0,
                "loc_z": 0.7473415732383728
            },
            "transform": {
                "pitch": -1.0394933223724365,
                "roll": -0.0003662757808342576,
                "x": -88.1453628540039,
                "y": 80.528564453125,
                "yaw": 89.84300994873047,
                "z": 0.7408578991889954
            },
            "type": "vehicle.lincoln.mkz2017",
            "velocity": 0.0007696205652023857,
            "velocity_vec": {
                "vx": -1.813605376810301e-05,
                "vy": 0.0007694068481214345,
                "vz": 0.030303312465548515
            }
        },
        "173": {
            "bounding_box": {
                "extent_x": 2.073613166809082,
                "extent_y": 1.0016015768051147,
                "extent_z": 0.691210925579071,
                "loc_x": 0.0,
                "loc_y": 0.0,
                "loc_z": 0.7043752670288086
            },
            "transform": {
                "pitch": 0.0,
                "roll": 0.0,
                "x": -43.889949798583984,
                "y": 131.4618682861328,
                "yaw": 178.7031707763672,
                "z": -0.0066872406750917435
            },
            "type": "vehicle.audi.tt",
            "velocity": 2.3270066955161557e-07,
            "velocity_vec": {
                "vx": 7.452106487448873e-09,
                "vy": 2.325813142078914e-07,
                "vz": -0.007804123219102621
            }
        },
        "180": {
            "bounding_box": {
                "extent_x": 2.5996146202087402,
                "extent_y": 1.3075095415115356,
                "extent_z": 1.2384252548217773,
                "loc_x": 0.0,
                "loc_y": 0.0,
                "loc_z": 1.2300000190734863
            },
            "transform": {
                "pitch": -0.10924886912107468,
                "roll": -0.019195551052689552,
                "x": -84.5218276977539,
                "y": 126.66079711914062,
                "yaw": 90.23302459716797,
                "z": 0.031256988644599915
            },
            "type": "vehicle.carlamotors.carlacola",
            "velocity": 0.0002163745367819975,
            "velocity_vec": {
                "vx": 0.0002059302933048457,
                "vy": -6.641275831498206e-05,
                "vz": 0.07456732541322708
            }
        }
    },
    "reverse": false,
    "right_distance": 1.750849609831926,
    "steer": 1.1686881407513283e-05,
    "steer_noise": 0.0,
    "target_road_option": "RoadOption.LANEFOLLOW",
    "target_waypoint": {
        "pitch": -0.7469339966773987,
        "roll": 0.0,
        "x": -88.05536651611328,
        "y": 113.53031158447266,
        "yaw": 89.84373474121094,
        "z": 0.14425444602966309
    },
    "throttle": 0.75,
    "throttle_noise": 0.0
}