{
    "blocking_state": "AgentState.NAVIGATING",
    "brake": 0.0,
    "brake_noise": 0.0,
    "current_waypoint": {
        "pitch": -1.012520670890808,
        "roll": 0.0,
        "x": -88.14537048339844,
        "y": 80.52857971191406,
        "yaw": 89.84373474121094,
        "z": 0.7092192769050598
    },
    "ego_planned_trajectory": [],
    "ego_vehicle_can_speed": 0.017523339396970886,
    "ego_vehicle_can_timestamp": "597",
    "ego_vehicle_id": 171,
    "ego_vehicle_transform": {
        "pitch": -1.0428742170333862,
        "roll": -0.00021363886480685323,
        "x": -88.1453628540039,
        "y": 80.52859497070312,
        "yaw": 89.84294128417969,
        "z": 0.7431273460388184
    },
    "ego_velocity": {
        "vx": -1.1528721188369673e-05,
        "vy": 0.00045552104711532593,
        "vz": 0.017517413944005966
    },
    "hand_brake": false,
    "left_distance": 1.7497191870078324,
    "next_target_location": null,
    "other_actors": {
        "171": {
            "bounding_box": {
                "extent_x": 2.452350616455078,
                "extent_y": 1.0303291082382202,
                "extent_z": 0.7391985058784485,
                "loc_x": 0.060644909739494324,
                "loc_y": 0.0,
                "loc_z": 0.7473415732383728
            },
            "transform": {
                "pitch": -1.0428742170333862,
                "roll": -0.00021363886480685323,
                "x": -88.1453628540039,
                "y": 80.52859497070312,
                "yaw": 89.84294128417969,
                "z": 0.7431273460388184
            },
            "type": "vehicle.lincoln.mkz2017",
            "velocity": 0.0004556669131912939,
            "velocity_vec": {
                "vx": -1.1528721188369673e-05,
                "vy": 0.00045552104711532593,
                "vz": 0.017517413944005966
            }
        },
        "173": {
            "bounding_box": {
                "extent_x": 2.073613166809082,
                "extent_y": 1.0016015768051147,
                "extent_z": 0.691210925579071,
                "loc_x": 0.0,
                "loc_y": 0.0,
                "loc_z": 0.7043752670288086
            },
            "transform": {
                "pitch": 0.0,
                "roll": 0.0,
                "x": -43.889949798583984,
                "y": 131.4618682861328,
                "yaw": 178.7031707763672,
                "z": -0.007283134385943413
            },
            "type": "vehicle.audi.tt",
            "velocity": 2.0421252230257527e-07,
            "velocity_vec": {
                "vx": -4.86815565636789e-09,
                "vy": -2.0415448886978993e-07,
                "vz": -0.004806785378605127
            }
        },
        "180": {
            "bounding_box": {
                "extent_x": 2.5996146202087402,
                "extent_y": 1.3075095415115356,
                "extent_z": 1.2384252548217773,
                "loc_x": 0.0,
                "loc_y": 0.0,
                "loc_z": 1.2300000190734863
            },
            "transform": {
                "pitch": -0.12111973762512207,
                "roll": -0.01943969540297985,
                "x": -84.5218276977539,
                "y": 126.66072082519531,
                "yaw": 90.2331314086914,
                "z": 0.03700276464223862
            },
            "type": "vehicle.carlamotors.carlacola",
            "velocity": 0.00019115585360012795,
            "velocity_vec": {
                "vx": 0.00017629320791456848,
                "vy": -7.390037353616208e-05,
                "vz": 0.04505424574017525
            }
        }
    },
    "reverse": false,
    "right_distance": 1.7509321680901646,
    "steer": 1.3774446415482089e-05,
    "steer_noise": 0.0,
    "target_road_option": "RoadOption.LANEFOLLOW",
    "target_waypoint": {
        "pitch": -0.7469339966773987,
        "roll": 0.0,
        "x": -88.05536651611328,
        "y": 113.53031158447266,
        "yaw": 89.84373474121094,
        "z": 0.14425444602966309
    },
    "throttle": 0.75,
    "throttle_noise": 0.0
}