{
    "blocking_state": "AgentState.NAVIGATING",
    "brake": 0.0,
    "brake_noise": 0.0,
    "current_waypoint": {
        "pitch": -1.012520670890808,
        "roll": 0.0,
        "x": -88.14537048339844,
        "y": 80.52861785888672,
        "yaw": 89.84373474121094,
        "z": 0.7092185616493225
    },
    "ego_planned_trajectory": [],
    "ego_vehicle_can_speed": 0.0015828902383134933,
    "ego_vehicle_can_timestamp": "607",
    "ego_vehicle_id": 171,
    "ego_vehicle_transform": {
        "pitch": -1.0462688207626343,
        "roll": -6.105499051045626e-05,
        "x": -88.1453628540039,
        "y": 80.52861785888672,
        "yaw": 89.84288787841797,
        "z": 0.7457213997840881
    },
    "ego_velocity": {
        "vx": -8.479802318106522e-07,
        "vy": 5.100488488096744e-05,
        "vz": 0.0015820680418983102
    },
    "hand_brake": false,
    "left_distance": 1.749725492001286,
    "next_target_location": null,
    "other_actors": {
        "171": {
            "bounding_box": {
                "extent_x": 2.452350616455078,
                "extent_y": 1.0303291082382202,
                "extent_z": 0.7391985058784485,
                "loc_x": 0.060644909739494324,
                "loc_y": 0.0,
                "loc_z": 0.7473415732383728
            },
            "transform": {
                "pitch": -1.0462688207626343,
                "roll": -6.105499051045626e-05,
                "x": -88.1453628540039,
                "y": 80.52861785888672,
                "yaw": 89.84288787841797,
                "z": 0.7457213997840881
            },
            "type": "vehicle.lincoln.mkz2017",
            "velocity": 5.101193342928968e-05,
            "velocity_vec": {
                "vx": -8.479802318106522e-07,
                "vy": 5.100488488096744e-05,
                "vz": 0.0015820680418983102
            }
        },
        "173": {
            "bounding_box": {
                "extent_x": 2.073613166809082,
                "extent_y": 1.0016015768051147,
                "extent_z": 0.691210925579071,
                "loc_x": 0.0,
                "loc_y": 0.0,
                "loc_z": 0.7043752670288086
            },
            "transform": {
                "pitch": 0.0,
                "roll": 0.0,
                "x": -43.889949798583984,
                "y": 131.4618682861328,
                "yaw": 178.7031707763672,
                "z": -0.00798442866653204
            },
            "type": "vehicle.audi.tt",
            "velocity": 0.0,
            "velocity_vec": {
                "vx": 0.0,
                "vy": 0.0,
                "vz": 0.0
            }
        },
        "180": {
            "bounding_box": {
                "extent_x": 2.5996146202087402,
                "extent_y": 1.3075095415115356,
                "extent_z": 1.2384252548217773,
                "loc_x": 0.0,
                "loc_y": 0.0,
                "loc_z": 1.2300000190734863
            },
            "transform": {
                "pitch": -0.13821570575237274,
                "roll": -0.01974487118422985,
                "x": -84.52183532714844,
                "y": 126.66061401367188,
                "yaw": 90.23316192626953,
                "z": 0.04392380267381668
            },
            "type": "vehicle.carlamotors.carlacola",
            "velocity": 0.0,
            "velocity_vec": {
                "vx": 0.0,
                "vy": 0.0,
                "vz": 0.0
            }
        }
    },
    "reverse": false,
    "right_distance": 1.7510301689030705,
    "steer": 1.1930759683309589e-05,
    "steer_noise": 0.0,
    "target_road_option": "RoadOption.LANEFOLLOW",
    "target_waypoint": {
        "pitch": -0.7469339966773987,
        "roll": 0.0,
        "x": -88.05536651611328,
        "y": 113.53031158447266,
        "yaw": 89.84373474121094,
        "z": 0.14425444602966309
    },
    "throttle": 0.75,
    "throttle_noise": 0.0
}