{
    "blocking_state": "AgentState.NAVIGATING",
    "brake": 0.0,
    "brake_noise": 0.0,
    "current_waypoint": {
        "pitch": -1.012520670890808,
        "roll": 0.0,
        "x": -88.14537048339844,
        "y": 80.52860260009766,
        "yaw": 89.84373474121094,
        "z": 0.7092188596725464
    },
    "ego_planned_trajectory": [],
    "ego_vehicle_can_speed": 0.007459224174512792,
    "ego_vehicle_can_timestamp": "600",
    "ego_vehicle_id": 171,
    "ego_vehicle_transform": {
        "pitch": -1.0454355478286743,
        "roll": -9.158246393781155e-05,
        "x": -88.1453628540039,
        "y": 80.52861022949219,
        "yaw": 89.84288787841797,
        "z": 0.7448452711105347
    },
    "ego_velocity": {
        "vx": -3.1417903301189654e-06,
        "vy": 0.00020151435455773026,
        "vz": 0.007456501014530659
    },
    "hand_brake": false,
    "left_distance": 1.7497229391266516,
    "next_target_location": null,
    "other_actors": {
        "171": {
            "bounding_box": {
                "extent_x": 2.452350616455078,
                "extent_y": 1.0303291082382202,
                "extent_z": 0.7391985058784485,
                "loc_x": 0.060644909739494324,
                "loc_y": 0.0,
                "loc_z": 0.7473415732383728
            },
            "transform": {
                "pitch": -1.0454355478286743,
                "roll": -9.158246393781155e-05,
                "x": -88.1453628540039,
                "y": 80.52861022949219,
                "yaw": 89.84288787841797,
                "z": 0.7448452711105347
            },
            "type": "vehicle.lincoln.mkz2017",
            "velocity": 0.00020153884474040495,
            "velocity_vec": {
                "vx": -3.1417903301189654e-06,
                "vy": 0.00020151435455773026,
                "vz": 0.007456501014530659
            }
        },
        "173": {
            "bounding_box": {
                "extent_x": 2.073613166809082,
                "extent_y": 1.0016015768051147,
                "extent_z": 0.691210925579071,
                "loc_x": 0.0,
                "loc_y": 0.0,
                "loc_z": 0.7043752670288086
            },
            "transform": {
                "pitch": 0.0,
                "roll": 0.0,
                "x": -43.889949798583984,
                "y": 131.4618682861328,
                "yaw": 178.7031707763672,
                "z": -0.007619781419634819
            },
            "type": "vehicle.audi.tt",
            "velocity": 2.7214395936943836e-07,
            "velocity_vec": {
                "vx": 8.131594064764158e-09,
                "vy": 2.720224472341215e-07,
                "vz": -0.0013698393013328314
            }
        },
        "180": {
            "bounding_box": {
                "extent_x": 2.5996146202087402,
                "extent_y": 1.3075095415115356,
                "extent_z": 1.2384252548217773,
                "loc_x": 0.0,
                "loc_y": 0.0,
                "loc_z": 1.2300000190734863
            },
            "transform": {
                "pitch": -0.1323280781507492,
                "roll": -0.019653325900435448,
                "x": -84.52183532714844,
                "y": 126.66065216064453,
                "yaw": 90.233154296875,
                "z": 0.04156479239463806
            },
            "type": "vehicle.carlamotors.carlacola",
            "velocity": 0.00015766448985331176,
            "velocity_vec": {
                "vx": 0.00015129754319787025,
                "vy": -4.435250593814999e-05,
                "vz": 0.020116738975048065
            }
        }
    },
    "reverse": false,
    "right_distance": 1.7509966331171043,
    "steer": 1.1932629604416434e-05,
    "steer_noise": 0.0,
    "target_road_option": "RoadOption.LANEFOLLOW",
    "target_waypoint": {
        "pitch": -0.7469339966773987,
        "roll": 0.0,
        "x": -88.05536651611328,
        "y": 113.53031158447266,
        "yaw": 89.84373474121094,
        "z": 0.14425444602966309
    },
    "throttle": 0.75,
    "throttle_noise": 0.0
}