{
    "blocking_state": "AgentState.NAVIGATING",
    "brake": 0.0,
    "brake_noise": 0.0,
    "current_waypoint": {
        "pitch": -1.012520670890808,
        "roll": 0.0,
        "x": -88.14537048339844,
        "y": 80.52861785888672,
        "yaw": 89.84373474121094,
        "z": 0.7092185616493225
    },
    "ego_planned_trajectory": [],
    "ego_vehicle_can_speed": 0.0016895784389067683,
    "ego_vehicle_can_timestamp": "602",
    "ego_vehicle_id": 171,
    "ego_vehicle_transform": {
        "pitch": -1.045865774154663,
        "roll": -9.152910934062675e-05,
        "x": -88.1453628540039,
        "y": 80.52861785888672,
        "yaw": 89.8428726196289,
        "z": 0.745209813117981
    },
    "ego_velocity": {
        "vx": -7.047550525385304e-07,
        "vy": 5.330950079951435e-05,
        "vz": 0.001688737072981894
    },
    "hand_brake": false,
    "left_distance": 1.7497239361500667,
    "next_target_location": null,
    "other_actors": {
        "171": {
            "bounding_box": {
                "extent_x": 2.452350616455078,
                "extent_y": 1.0303291082382202,
                "extent_z": 0.7391985058784485,
                "loc_x": 0.060644909739494324,
                "loc_y": 0.0,
                "loc_z": 0.7473415732383728
            },
            "transform": {
                "pitch": -1.045865774154663,
                "roll": -9.152910934062675e-05,
                "x": -88.1453628540039,
                "y": 80.52861785888672,
                "yaw": 89.8428726196289,
                "z": 0.745209813117981
            },
            "type": "vehicle.lincoln.mkz2017",
            "velocity": 5.3314159049707424e-05,
            "velocity_vec": {
                "vx": -7.047550525385304e-07,
                "vy": 5.330950079951435e-05,
                "vz": 0.001688737072981894
            }
        },
        "173": {
            "bounding_box": {
                "extent_x": 2.073613166809082,
                "extent_y": 1.0016015768051147,
                "extent_z": 0.691210925579071,
                "loc_x": 0.0,
                "loc_y": 0.0,
                "loc_z": 0.7043752670288086
            },
            "transform": {
                "pitch": 0.0,
                "roll": 0.0,
                "x": -43.889949798583984,
                "y": 131.4618682861328,
                "yaw": 178.7031707763672,
                "z": -0.0077677154913544655
            },
            "type": "vehicle.audi.tt",
            "velocity": 1.180454203155957e-07,
            "velocity_vec": {
                "vx": -2.8017248521194915e-09,
                "vy": -1.1801216714957263e-07,
                "vz": -0.0014491525944322348
            }
        },
        "180": {
            "bounding_box": {
                "extent_x": 2.5996146202087402,
                "extent_y": 1.3075095415115356,
                "extent_z": 1.2384252548217773,
                "loc_x": 0.0,
                "loc_y": 0.0,
                "loc_z": 1.2300000190734863
            },
            "transform": {
                "pitch": -0.13622811436653137,
                "roll": -0.0197448693215847,
                "x": -84.52183532714844,
                "y": 126.66062927246094,
                "yaw": 90.23314666748047,
                "z": 0.04307262971997261
            },
            "type": "vehicle.carlamotors.carlacola",
            "velocity": 0.00014439851829317832,
            "velocity_vec": {
                "vx": 0.00014259302406571805,
                "vy": -2.276316263305489e-05,
                "vz": 0.011473325081169605
            }
        }
    },
    "reverse": false,
    "right_distance": 1.7510105494982104,
    "steer": 1.1926163097086828e-05,
    "steer_noise": 0.0,
    "target_road_option": "RoadOption.LANEFOLLOW",
    "target_waypoint": {
        "pitch": -0.7469339966773987,
        "roll": 0.0,
        "x": -88.05536651611328,
        "y": 113.53031158447266,
        "yaw": 89.84373474121094,
        "z": 0.14425444602966309
    },
    "throttle": 0.75,
    "throttle_noise": 0.0
}