{
    "blocking_state": "AgentState.NAVIGATING",
    "brake": 0.0,
    "brake_noise": 0.0,
    "current_waypoint": {
        "pitch": -1.012520670890808,
        "roll": 0.0,
        "x": -88.14537048339844,
        "y": 80.52861785888672,
        "yaw": 89.84373474121094,
        "z": 0.7092185616493225
    },
    "ego_planned_trajectory": [],
    "ego_vehicle_can_speed": 0.0021994825491961135,
    "ego_vehicle_can_timestamp": "603",
    "ego_vehicle_id": 171,
    "ego_vehicle_transform": {
        "pitch": -1.0459887981414795,
        "roll": -9.152910934062675e-05,
        "x": -88.1453628540039,
        "y": 80.52861785888672,
        "yaw": 89.8428726196289,
        "z": 0.7453141808509827
    },
    "ego_velocity": {
        "vx": -1.8830398857971886e-06,
        "vy": 6.38970741420053e-05,
        "vz": 0.0021985534112900496
    },
    "hand_brake": false,
    "left_distance": 1.7497242414148968,
    "next_target_location": null,
    "other_actors": {
        "171": {
            "bounding_box": {
                "extent_x": 2.452350616455078,
                "extent_y": 1.0303291082382202,
                "extent_z": 0.7391985058784485,
                "loc_x": 0.060644909739494324,
                "loc_y": 0.0,
                "loc_z": 0.7473415732383728
            },
            "transform": {
                "pitch": -1.0459887981414795,
                "roll": -9.152910934062675e-05,
                "x": -88.1453628540039,
                "y": 80.52861785888672,
                "yaw": 89.8428726196289,
                "z": 0.7453141808509827
            },
            "type": "vehicle.lincoln.mkz2017",
            "velocity": 6.392481461154522e-05,
            "velocity_vec": {
                "vx": -1.8830398857971886e-06,
                "vy": 6.38970741420053e-05,
                "vz": 0.0021985534112900496
            }
        },
        "173": {
            "bounding_box": {
                "extent_x": 2.073613166809082,
                "extent_y": 1.0016015768051147,
                "extent_z": 0.691210925579071,
                "loc_x": 0.0,
                "loc_y": 0.0,
                "loc_z": 0.7043752670288086
            },
            "transform": {
                "pitch": 0.0,
                "roll": 0.0,
                "x": -43.889949798583984,
                "y": 131.4618682861328,
                "yaw": 178.7031707763672,
                "z": -0.00783538818359375
            },
            "type": "vehicle.audi.tt",
            "velocity": 5.59275905799743e-09,
            "velocity_vec": {
                "vx": 2.544094046541545e-09,
                "vy": 4.98061636378111e-09,
                "vz": -0.001299908384680748
            }
        },
        "180": {
            "bounding_box": {
                "extent_x": 2.5996146202087402,
                "extent_y": 1.3075095415115356,
                "extent_z": 1.2384252548217773,
                "loc_x": 0.0,
                "loc_y": 0.0,
                "loc_z": 1.2300000190734863
            },
            "transform": {
                "pitch": -0.13738924264907837,
                "roll": -0.0197753868997097,
                "x": -84.52183532714844,
                "y": 126.6606216430664,
                "yaw": 90.23316192626953,
                "z": 0.04355961084365845
            },
            "type": "vehicle.carlamotors.carlacola",
            "velocity": 0.00014042247727297504,
            "velocity_vec": {
                "vx": 0.00013972268789075315,
                "vy": -1.400152177666314e-05,
                "vz": 0.008616717532277107
            }
        }
    },
    "reverse": false,
    "right_distance": 1.7510145398975732,
    "steer": 1.1925846592930611e-05,
    "steer_noise": 0.0,
    "target_road_option": "RoadOption.LANEFOLLOW",
    "target_waypoint": {
        "pitch": -0.7469339966773987,
        "roll": 0.0,
        "x": -88.05536651611328,
        "y": 113.53031158447266,
        "yaw": 89.84373474121094,
        "z": 0.14425444602966309
    },
    "throttle": 0.75,
    "throttle_noise": 0.0
}