{
    "blocking_state": "AgentState.NAVIGATING",
    "brake": 0.0,
    "brake_noise": 0.0,
    "current_waypoint": {
        "pitch": -1.012520670890808,
        "roll": 0.0,
        "x": -88.14537048339844,
        "y": 80.52861022949219,
        "yaw": 89.84373474121094,
        "z": 0.7092187404632568
    },
    "ego_planned_trajectory": [],
    "ego_vehicle_can_speed": 0.00040986519160795285,
    "ego_vehicle_can_timestamp": "614",
    "ego_vehicle_id": 171,
    "ego_vehicle_transform": {
        "pitch": -1.0463849306106567,
        "roll": -3.0474126106128097e-05,
        "x": -88.1453628540039,
        "y": 80.52861022949219,
        "yaw": 89.84288787841797,
        "z": 0.7459573149681091
    },
    "ego_velocity": {
        "vx": -1.2616975482160342e-06,
        "vy": 2.5777517294045538e-05,
        "vz": 0.0004090518341399729
    },
    "hand_brake": false,
    "left_distance": 1.74972625925605,
    "next_target_location": null,
    "other_actors": {
        "171": {
            "bounding_box": {
                "extent_x": 2.452350616455078,
                "extent_y": 1.0303291082382202,
                "extent_z": 0.7391985058784485,
                "loc_x": 0.060644909739494324,
                "loc_y": 0.0,
                "loc_z": 0.7473415732383728
            },
            "transform": {
                "pitch": -1.0463849306106567,
                "roll": -3.0474126106128097e-05,
                "x": -88.1453628540039,
                "y": 80.52861022949219,
                "yaw": 89.84288787841797,
                "z": 0.7459573149681091
            },
            "type": "vehicle.lincoln.mkz2017",
            "velocity": 2.5808376131558358e-05,
            "velocity_vec": {
                "vx": -1.2616975482160342e-06,
                "vy": 2.5777517294045538e-05,
                "vz": 0.0004090518341399729
            }
        },
        "173": {
            "bounding_box": {
                "extent_x": 2.073613166809082,
                "extent_y": 1.0016015768051147,
                "extent_z": 0.691210925579071,
                "loc_x": 0.0,
                "loc_y": 0.0,
                "loc_z": 0.7043752670288086
            },
            "transform": {
                "pitch": 0.0,
                "roll": 0.0,
                "x": -43.889949798583984,
                "y": 131.4618682861328,
                "yaw": 178.7031707763672,
                "z": -0.008096580393612385
            },
            "type": "vehicle.audi.tt",
            "velocity": 2.1597809903355173e-08,
            "velocity_vec": {
                "vx": 3.3891747741598977e-10,
                "vy": 2.159515055666361e-08,
                "vz": -0.000170450410223566
            }
        },
        "180": {
            "bounding_box": {
                "extent_x": 2.5996146202087402,
                "extent_y": 1.3075095415115356,
                "extent_z": 1.2384252548217773,
                "loc_x": 0.0,
                "loc_y": 0.0,
                "loc_z": 1.2300000190734863
            },
            "transform": {
                "pitch": -0.13821570575237274,
                "roll": -0.01974487118422985,
                "x": -84.52183532714844,
                "y": 126.66061401367188,
                "yaw": 90.23316192626953,
                "z": 0.04392380267381668
            },
            "type": "vehicle.carlamotors.carlacola",
            "velocity": 0.0,
            "velocity_vec": {
                "vx": 0.0,
                "vy": 0.0,
                "vz": 0.0
            }
        }
    },
    "reverse": false,
    "right_distance": 1.7510392596344324,
    "steer": 1.1936286682612263e-05,
    "steer_noise": 0.0,
    "target_road_option": "RoadOption.LANEFOLLOW",
    "target_waypoint": {
        "pitch": -0.7469339966773987,
        "roll": 0.0,
        "x": -88.05536651611328,
        "y": 113.53031158447266,
        "yaw": 89.84373474121094,
        "z": 0.14425444602966309
    },
    "throttle": 0.75,
    "throttle_noise": 0.0
}