{
    "blocking_state": "AgentState.NAVIGATING",
    "brake": 0.0,
    "brake_noise": 0.0,
    "current_waypoint": {
        "pitch": -1.012520670890808,
        "roll": 0.0,
        "x": -88.14497375488281,
        "y": 80.67453002929688,
        "yaw": 89.84373474121094,
        "z": 0.7066401243209839
    },
    "ego_planned_trajectory": [],
    "ego_vehicle_can_speed": 1.9498358175053299,
    "ego_vehicle_can_timestamp": "626",
    "ego_vehicle_id": 171,
    "ego_vehicle_transform": {
        "pitch": -0.2851535379886627,
        "roll": 0.00016612772014923394,
        "x": -88.14470672607422,
        "y": 80.76810455322266,
        "yaw": 89.8424072265625,
        "z": 0.733485221862793
    },
    "ego_velocity": {
        "vx": 0.005305169615894556,
        "vy": 1.949518084526062,
        "vz": -0.03479667380452156
    },
    "hand_brake": false,
    "left_distance": 1.7497144968069236,
    "next_target_location": null,
    "other_actors": {
        "171": {
            "bounding_box": {
                "extent_x": 2.452350616455078,
                "extent_y": 1.0303291082382202,
                "extent_z": 0.7391985058784485,
                "loc_x": 0.060644909739494324,
                "loc_y": 0.0,
                "loc_z": 0.7473415732383728
            },
            "transform": {
                "pitch": -0.2851535379886627,
                "roll": 0.00016612772014923394,
                "x": -88.14470672607422,
                "y": 80.76810455322266,
                "yaw": 89.8424072265625,
                "z": 0.733485221862793
            },
            "type": "vehicle.lincoln.mkz2017",
            "velocity": 1.9495253029183333,
            "velocity_vec": {
                "vx": 0.005305169615894556,
                "vy": 1.949518084526062,
                "vz": -0.03479667380452156
            }
        },
        "173": {
            "bounding_box": {
                "extent_x": 2.073613166809082,
                "extent_y": 1.0016015768051147,
                "extent_z": 0.691210925579071,
                "loc_x": 0.0,
                "loc_y": 0.0,
                "loc_z": 0.7043752670288086
            },
            "transform": {
                "pitch": 0.03307860344648361,
                "roll": 1.135317415901227e-05,
                "x": -43.99028396606445,
                "y": 131.46414184570312,
                "yaw": 178.70236206054688,
                "z": -0.00842357613146305
            },
            "type": "vehicle.audi.tt",
            "velocity": 1.6783371356283483,
            "velocity_vec": {
                "vx": -1.6779073476791382,
                "vy": 0.03797990828752518,
                "vz": -1.3845043213223107e-05
            }
        },
        "180": {
            "bounding_box": {
                "extent_x": 2.5996146202087402,
                "extent_y": 1.3075095415115356,
                "extent_z": 1.2384252548217773,
                "loc_x": 0.0,
                "loc_y": 0.0,
                "loc_z": 1.2300000190734863
            },
            "transform": {
                "pitch": -0.13821570575237274,
                "roll": -0.01974487118422985,
                "x": -84.52183532714844,
                "y": 126.66061401367188,
                "yaw": 90.23316192626953,
                "z": 0.04392380267381668
            },
            "type": "vehicle.carlamotors.carlacola",
            "velocity": 0.0,
            "velocity_vec": {
                "vx": 0.0,
                "vy": 0.0,
                "vz": 0.0
            }
        }
    },
    "reverse": false,
    "right_distance": 1.7507423247499885,
    "steer": 1.7626132830628194e-05,
    "steer_noise": 0.0,
    "target_road_option": "RoadOption.LANEFOLLOW",
    "target_waypoint": {
        "pitch": -0.7469339966773987,
        "roll": 0.0,
        "x": -88.05536651611328,
        "y": 113.53031158447266,
        "yaw": 89.84373474121094,
        "z": 0.14425444602966309
    },
    "throttle": 0.75,
    "throttle_noise": 0.0
}