{
    "blocking_state": "AgentState.NAVIGATING",
    "brake": 0.0,
    "brake_noise": 0.0,
    "current_waypoint": {
        "pitch": -1.012520670890808,
        "roll": 0.0,
        "x": -88.14537048339844,
        "y": 80.52861785888672,
        "yaw": 89.84373474121094,
        "z": 0.7092185616493225
    },
    "ego_planned_trajectory": [],
    "ego_vehicle_can_speed": 0.605320591861722,
    "ego_vehicle_can_timestamp": "623",
    "ego_vehicle_id": 171,
    "ego_vehicle_transform": {
        "pitch": -0.9264194965362549,
        "roll": -6.105279317125678e-05,
        "x": -88.14530181884766,
        "y": 80.55032348632812,
        "yaw": 89.8426513671875,
        "z": 0.7443343997001648
    },
    "ego_velocity": {
        "vx": 0.0016515129245817661,
        "vy": 0.605225145816803,
        "vz": -0.010621408000588417
    },
    "hand_brake": false,
    "left_distance": 1.7497208108538453,
    "next_target_location": null,
    "other_actors": {
        "171": {
            "bounding_box": {
                "extent_x": 2.452350616455078,
                "extent_y": 1.0303291082382202,
                "extent_z": 0.7391985058784485,
                "loc_x": 0.060644909739494324,
                "loc_y": 0.0,
                "loc_z": 0.7473415732383728
            },
            "transform": {
                "pitch": -0.9264194965362549,
                "roll": -6.105279317125678e-05,
                "x": -88.14530181884766,
                "y": 80.55032348632812,
                "yaw": 89.8426513671875,
                "z": 0.7443343997001648
            },
            "type": "vehicle.lincoln.mkz2017",
            "velocity": 0.6052273991021148,
            "velocity_vec": {
                "vx": 0.0016515129245817661,
                "vy": 0.605225145816803,
                "vz": -0.010621408000588417
            }
        },
        "173": {
            "bounding_box": {
                "extent_x": 2.073613166809082,
                "extent_y": 1.0016015768051147,
                "extent_z": 0.691210925579071,
                "loc_x": 0.0,
                "loc_y": 0.0,
                "loc_z": 0.7043752670288086
            },
            "transform": {
                "pitch": 0.0,
                "roll": 0.0,
                "x": -43.889949798583984,
                "y": 131.4618682861328,
                "yaw": 178.7031707763672,
                "z": -0.00812404602766037
            },
            "type": "vehicle.audi.tt",
            "velocity": 7.165987342447019e-09,
            "velocity_vec": {
                "vx": -1.2992017461854743e-09,
                "vy": -7.047229910739361e-09,
                "vz": -3.1313444196712226e-05
            }
        },
        "180": {
            "bounding_box": {
                "extent_x": 2.5996146202087402,
                "extent_y": 1.3075095415115356,
                "extent_z": 1.2384252548217773,
                "loc_x": 0.0,
                "loc_y": 0.0,
                "loc_z": 1.2300000190734863
            },
            "transform": {
                "pitch": -0.13821570575237274,
                "roll": -0.01974487118422985,
                "x": -84.52183532714844,
                "y": 126.66061401367188,
                "yaw": 90.23316192626953,
                "z": 0.04392380267381668
            },
            "type": "vehicle.carlamotors.carlacola",
            "velocity": 0.0,
            "velocity_vec": {
                "vx": 0.0,
                "vy": 0.0,
                "vz": 0.0
            }
        }
    },
    "reverse": false,
    "right_distance": 1.7509930934858398,
    "steer": 1.1931373592233285e-05,
    "steer_noise": 0.0,
    "target_road_option": "RoadOption.LANEFOLLOW",
    "target_waypoint": {
        "pitch": -0.7469339966773987,
        "roll": 0.0,
        "x": -88.05536651611328,
        "y": 113.53031158447266,
        "yaw": 89.84373474121094,
        "z": 0.14425444602966309
    },
    "throttle": 0.75,
    "throttle_noise": 0.0
}