{
    "blocking_state": "AgentState.NAVIGATING",
    "brake": 0.0,
    "brake_noise": 0.0,
    "current_waypoint": {
        "pitch": -1.012520670890808,
        "roll": 0.0,
        "x": -88.14408111572266,
        "y": 81.00182342529297,
        "yaw": 89.84373474121094,
        "z": 0.7008562684059143
    },
    "ego_planned_trajectory": [],
    "ego_vehicle_can_speed": 2.7791728303611585,
    "ego_vehicle_can_timestamp": "629",
    "ego_vehicle_id": 171,
    "ego_vehicle_transform": {
        "pitch": 0.04695071652531624,
        "roll": 0.00040088186506181955,
        "x": -88.14369201660156,
        "y": 81.1375732421875,
        "yaw": 89.84251403808594,
        "z": 0.7233056426048279
    },
    "ego_velocity": {
        "vx": 0.007543177809566259,
        "vy": 2.778722047805786,
        "vz": -0.04948234558105469
    },
    "hand_brake": false,
    "left_distance": 1.7497165949186115,
    "next_target_location": null,
    "other_actors": {
        "171": {
            "bounding_box": {
                "extent_x": 2.452350616455078,
                "extent_y": 1.0303291082382202,
                "extent_z": 0.7391985058784485,
                "loc_x": 0.060644909739494324,
                "loc_y": 0.0,
                "loc_z": 0.7473415732383728
            },
            "transform": {
                "pitch": 0.04695071652531624,
                "roll": 0.00040088186506181955,
                "x": -88.14369201660156,
                "y": 81.1375732421875,
                "yaw": 89.84251403808594,
                "z": 0.7233056426048279
            },
            "type": "vehicle.lincoln.mkz2017",
            "velocity": 2.778732286222163,
            "velocity_vec": {
                "vx": 0.007543177809566259,
                "vy": 2.778722047805786,
                "vz": -0.04948234558105469
            }
        },
        "173": {
            "bounding_box": {
                "extent_x": 2.073613166809082,
                "extent_y": 1.0016015768051147,
                "extent_z": 0.691210925579071,
                "loc_x": 0.0,
                "loc_y": 0.0,
                "loc_z": 0.7043752670288086
            },
            "transform": {
                "pitch": 0.09685207903385162,
                "roll": 6.269043660722673e-05,
                "x": -44.41518783569336,
                "y": 131.47373962402344,
                "yaw": 178.7002716064453,
                "z": -0.008999328128993511
            },
            "type": "vehicle.audi.tt",
            "velocity": 3.617448471202122,
            "velocity_vec": {
                "vx": -3.6165194511413574,
                "vy": 0.08197866380214691,
                "vz": -1.4951120647310745e-05
            }
        },
        "180": {
            "bounding_box": {
                "extent_x": 2.5996146202087402,
                "extent_y": 1.3075095415115356,
                "extent_z": 1.2384252548217773,
                "loc_x": 0.0,
                "loc_y": 0.0,
                "loc_z": 1.2300000190734863
            },
            "transform": {
                "pitch": -0.13821570575237274,
                "roll": -0.01974487118422985,
                "x": -84.52183532714844,
                "y": 126.66061401367188,
                "yaw": 90.23316192626953,
                "z": 0.04392380267381668
            },
            "type": "vehicle.carlamotors.carlacola",
            "velocity": 0.0,
            "velocity_vec": {
                "vx": 0.0,
                "vy": 0.0,
                "vz": 0.0
            }
        }
    },
    "reverse": false,
    "right_distance": 1.7506285212962398,
    "steer": 2.8776177714462392e-05,
    "steer_noise": 0.0,
    "target_road_option": "RoadOption.LANEFOLLOW",
    "target_waypoint": {
        "pitch": -0.7469339966773987,
        "roll": 0.0,
        "x": -88.05536651611328,
        "y": 113.53031158447266,
        "yaw": 89.84373474121094,
        "z": 0.14425444602966309
    },
    "throttle": 0.75,
    "throttle_noise": 0.0
}