{
    "blocking_state": "AgentState.NAVIGATING",
    "brake": 0.0,
    "brake_noise": 0.0,
    "current_waypoint": {
        "pitch": -1.012520670890808,
        "roll": 0.0,
        "x": -88.14441680908203,
        "y": 80.8780288696289,
        "yaw": 89.84373474121094,
        "z": 0.7030438780784607
    },
    "ego_planned_trajectory": [],
    "ego_vehicle_can_speed": 2.541426000338657,
    "ego_vehicle_can_timestamp": "628",
    "ego_vehicle_id": 171,
    "ego_vehicle_transform": {
        "pitch": -0.016235359013080597,
        "roll": 0.000299833802273497,
        "x": -88.14405822753906,
        "y": 81.00181579589844,
        "yaw": 89.84244537353516,
        "z": 0.7264058589935303
    },
    "ego_velocity": {
        "vx": 0.006811648607254028,
        "vy": 2.5410120487213135,
        "vz": -0.04535950720310211
    },
    "hand_brake": false,
    "left_distance": 1.7497121067616475,
    "next_target_location": null,
    "other_actors": {
        "171": {
            "bounding_box": {
                "extent_x": 2.452350616455078,
                "extent_y": 1.0303291082382202,
                "extent_z": 0.7391985058784485,
                "loc_x": 0.060644909739494324,
                "loc_y": 0.0,
                "loc_z": 0.7473415732383728
            },
            "transform": {
                "pitch": -0.016235359013080597,
                "roll": 0.000299833802273497,
                "x": -88.14405822753906,
                "y": 81.00181579589844,
                "yaw": 89.84244537353516,
                "z": 0.7264058589935303
            },
            "type": "vehicle.lincoln.mkz2017",
            "velocity": 2.541021178641303,
            "velocity_vec": {
                "vx": 0.006811648607254028,
                "vy": 2.5410120487213135,
                "vz": -0.04535950720310211
            }
        },
        "173": {
            "bounding_box": {
                "extent_x": 2.073613166809082,
                "extent_y": 1.0016015768051147,
                "extent_z": 0.691210925579071,
                "loc_x": 0.0,
                "loc_y": 0.0,
                "loc_z": 0.7043752670288086
            },
            "transform": {
                "pitch": 0.07897747308015823,
                "roll": 4.260575951775536e-05,
                "x": -44.24259567260742,
                "y": 131.46983337402344,
                "yaw": 178.70118713378906,
                "z": -0.008837814442813396
            },
            "type": "vehicle.audi.tt",
            "velocity": 3.0800396437042723,
            "velocity_vec": {
                "vx": -3.079249620437622,
                "vy": 0.06975658982992172,
                "vz": -1.3997605492477305e-05
            }
        },
        "180": {
            "bounding_box": {
                "extent_x": 2.5996146202087402,
                "extent_y": 1.3075095415115356,
                "extent_z": 1.2384252548217773,
                "loc_x": 0.0,
                "loc_y": 0.0,
                "loc_z": 1.2300000190734863
            },
            "transform": {
                "pitch": -0.13821570575237274,
                "roll": -0.01974487118422985,
                "x": -84.52183532714844,
                "y": 126.66061401367188,
                "yaw": 90.23316192626953,
                "z": 0.04392380267381668
            },
            "type": "vehicle.carlamotors.carlacola",
            "velocity": 0.0,
            "velocity_vec": {
                "vx": 0.0,
                "vy": 0.0,
                "vz": 0.0
            }
        }
    },
    "reverse": false,
    "right_distance": 1.7506533396399186,
    "steer": 8.93415417522192e-05,
    "steer_noise": 0.0,
    "target_road_option": "RoadOption.LANEFOLLOW",
    "target_waypoint": {
        "pitch": -0.7469339966773987,
        "roll": 0.0,
        "x": -88.05536651611328,
        "y": 113.53031158447266,
        "yaw": 89.84373474121094,
        "z": 0.14425444602966309
    },
    "throttle": 0.75,
    "throttle_noise": 0.0
}