{
    "blocking_state": "AgentState.NAVIGATING",
    "brake": 0.0,
    "brake_noise": 0.0,
    "current_waypoint": {
        "pitch": -1.012520670890808,
        "roll": 0.0,
        "x": -88.14530944824219,
        "y": 80.55032348632812,
        "yaw": 89.84373474121094,
        "z": 0.7088350057601929
    },
    "ego_planned_trajectory": [],
    "ego_vehicle_can_speed": 1.1300247278702182,
    "ego_vehicle_can_timestamp": "624",
    "ego_vehicle_id": 171,
    "ego_vehicle_transform": {
        "pitch": -0.7159404158592224,
        "roll": -6.104957719799131e-05,
        "x": -88.14517211914062,
        "y": 80.60055541992188,
        "yaw": 89.84261322021484,
        "z": 0.7411483526229858
    },
    "ego_velocity": {
        "vx": 0.0030260332860052586,
        "vy": 1.129844069480896,
        "vz": -0.019977672025561333
    },
    "hand_brake": false,
    "left_distance": 1.7497255524942914,
    "next_target_location": null,
    "other_actors": {
        "171": {
            "bounding_box": {
                "extent_x": 2.452350616455078,
                "extent_y": 1.0303291082382202,
                "extent_z": 0.7391985058784485,
                "loc_x": 0.060644909739494324,
                "loc_y": 0.0,
                "loc_z": 0.7473415732383728
            },
            "transform": {
                "pitch": -0.7159404158592224,
                "roll": -6.104957719799131e-05,
                "x": -88.14517211914062,
                "y": 80.60055541992188,
                "yaw": 89.84261322021484,
                "z": 0.7411483526229858
            },
            "type": "vehicle.lincoln.mkz2017",
            "velocity": 1.1298481217484941,
            "velocity_vec": {
                "vx": 0.0030260332860052586,
                "vy": 1.129844069480896,
                "vz": -0.019977672025561333
            }
        },
        "173": {
            "bounding_box": {
                "extent_x": 2.073613166809082,
                "extent_y": 1.0016015768051147,
                "extent_z": 0.691210925579071,
                "loc_x": 0.0,
                "loc_y": 0.0,
                "loc_z": 0.7043752670288086
            },
            "transform": {
                "pitch": -3.415094397496432e-05,
                "roll": 2.456722540955525e-06,
                "x": -43.88996887207031,
                "y": 131.4618682861328,
                "yaw": 178.70297241210938,
                "z": -0.00812404602766037
            },
            "type": "vehicle.audi.tt",
            "velocity": 0.0012341767666656195,
            "velocity_vec": {
                "vx": -0.0012341499095782638,
                "vy": 8.141993930621538e-06,
                "vz": -8.200232514354866e-06
            }
        },
        "180": {
            "bounding_box": {
                "extent_x": 2.5996146202087402,
                "extent_y": 1.3075095415115356,
                "extent_z": 1.2384252548217773,
                "loc_x": 0.0,
                "loc_y": 0.0,
                "loc_z": 1.2300000190734863
            },
            "transform": {
                "pitch": -0.13821570575237274,
                "roll": -0.01974487118422985,
                "x": -84.52183532714844,
                "y": 126.66061401367188,
                "yaw": 90.23316192626953,
                "z": 0.04392380267381668
            },
            "type": "vehicle.carlamotors.carlacola",
            "velocity": 0.0,
            "velocity_vec": {
                "vx": 0.0,
                "vy": 0.0,
                "vz": 0.0
            }
        }
    },
    "reverse": false,
    "right_distance": 1.7508976114723322,
    "steer": 8.058991079451516e-05,
    "steer_noise": 0.0,
    "target_road_option": "RoadOption.LANEFOLLOW",
    "target_waypoint": {
        "pitch": -0.7469339966773987,
        "roll": 0.0,
        "x": -88.05536651611328,
        "y": 113.53031158447266,
        "yaw": 89.84373474121094,
        "z": 0.14425444602966309
    },
    "throttle": 0.75,
    "throttle_noise": 0.0
}