{
    "blocking_state": "AgentState.NAVIGATING",
    "brake": 0.0,
    "brake_noise": 0.0,
    "current_waypoint": {
        "pitch": -1.012520670890808,
        "roll": 0.0,
        "x": -88.14244079589844,
        "y": 81.60392761230469,
        "yaw": 89.84373474121094,
        "z": 0.6902158260345459
    },
    "ego_planned_trajectory": [],
    "ego_vehicle_can_speed": 3.510779165623215,
    "ego_vehicle_can_timestamp": "633",
    "ego_vehicle_id": 171,
    "ego_vehicle_transform": {
        "pitch": -0.012608528137207031,
        "roll": 0.0005264285719022155,
        "x": -88.14195251464844,
        "y": 81.7763442993164,
        "yaw": 89.84254455566406,
        "z": 0.7126410603523254
    },
    "ego_velocity": {
        "vx": 0.009555580094456673,
        "vy": 3.510220527648926,
        "vz": -0.061894167214632034
    },
    "hand_brake": false,
    "left_distance": 1.749715552399165,
    "next_target_location": null,
    "other_actors": {
        "171": {
            "bounding_box": {
                "extent_x": 2.452350616455078,
                "extent_y": 1.0303291082382202,
                "extent_z": 0.7391985058784485,
                "loc_x": 0.060644909739494324,
                "loc_y": 0.0,
                "loc_z": 0.7473415732383728
            },
            "transform": {
                "pitch": -0.012608528137207031,
                "roll": 0.0005264285719022155,
                "x": -88.14195251464844,
                "y": 81.7763442993164,
                "yaw": 89.84254455566406,
                "z": 0.7126410603523254
            },
            "type": "vehicle.lincoln.mkz2017",
            "velocity": 3.5102335338035338,
            "velocity_vec": {
                "vx": 0.009555580094456673,
                "vy": 3.510220527648926,
                "vz": -0.061894167214632034
            }
        },
        "173": {
            "bounding_box": {
                "extent_x": 2.073613166809082,
                "extent_y": 1.0016015768051147,
                "extent_z": 0.691210925579071,
                "loc_x": 0.0,
                "loc_y": 0.0,
                "loc_z": 0.7043752670288086
            },
            "transform": {
                "pitch": 0.07862230390310287,
                "roll": 9.342941484646872e-05,
                "x": -45.17585372924805,
                "y": 131.49099731445312,
                "yaw": 178.69935607910156,
                "z": -0.008836975321173668
            },
            "type": "vehicle.audi.tt",
            "velocity": 3.440852221068643,
            "velocity_vec": {
                "vx": -3.4399654865264893,
                "vy": 0.07811183482408524,
                "vz": -2.7461242098070215e-06
            }
        },
        "180": {
            "bounding_box": {
                "extent_x": 2.5996146202087402,
                "extent_y": 1.3075095415115356,
                "extent_z": 1.2384252548217773,
                "loc_x": 0.0,
                "loc_y": 0.0,
                "loc_z": 1.2300000190734863
            },
            "transform": {
                "pitch": -0.13821570575237274,
                "roll": -0.01974487118422985,
                "x": -84.52183532714844,
                "y": 126.66061401367188,
                "yaw": 90.23316192626953,
                "z": 0.04392380267381668
            },
            "type": "vehicle.carlamotors.carlacola",
            "velocity": 0.0,
            "velocity_vec": {
                "vx": 0.0,
                "vy": 0.0,
                "vz": 0.0
            }
        }
    },
    "reverse": false,
    "right_distance": 1.7506467540002557,
    "steer": 2.842752292053774e-05,
    "steer_noise": 0.0,
    "target_road_option": "RoadOption.LANEFOLLOW",
    "target_waypoint": {
        "pitch": -0.7469339966773987,
        "roll": 0.0,
        "x": -88.05536651611328,
        "y": 113.53031158447266,
        "yaw": 89.84373474121094,
        "z": 0.14425444602966309
    },
    "throttle": 0.75,
    "throttle_noise": 0.0
}