{
    "blocking_state": "AgentState.NAVIGATING",
    "brake": 0.0,
    "brake_noise": 0.0,
    "current_waypoint": {
        "pitch": -1.012520670890808,
        "roll": 0.0,
        "x": -88.1409683227539,
        "y": 82.14360809326172,
        "yaw": 89.84373474121094,
        "z": 0.6806787252426147
    },
    "ego_planned_trajectory": [],
    "ego_vehicle_can_speed": 3.942533500126537,
    "ego_vehicle_can_timestamp": "636",
    "ego_vehicle_id": 171,
    "ego_vehicle_transform": {
        "pitch": -0.18048091232776642,
        "roll": 0.0006137995515018702,
        "x": -88.14041900634766,
        "y": 82.33782958984375,
        "yaw": 89.84242248535156,
        "z": 0.7045636773109436
    },
    "ego_velocity": {
        "vx": 0.010801032185554504,
        "vy": 3.9419076442718506,
        "vz": -0.06941081583499908
    },
    "hand_brake": false,
    "left_distance": 1.749709269318266,
    "next_target_location": null,
    "other_actors": {
        "171": {
            "bounding_box": {
                "extent_x": 2.452350616455078,
                "extent_y": 1.0303291082382202,
                "extent_z": 0.7391985058784485,
                "loc_x": 0.060644909739494324,
                "loc_y": 0.0,
                "loc_z": 0.7473415732383728
            },
            "transform": {
                "pitch": -0.18048091232776642,
                "roll": 0.0006137995515018702,
                "x": -88.14041900634766,
                "y": 82.33782958984375,
                "yaw": 89.84242248535156,
                "z": 0.7045636773109436
            },
            "type": "vehicle.lincoln.mkz2017",
            "velocity": 3.9419224419393544,
            "velocity_vec": {
                "vx": 0.010801032185554504,
                "vy": 3.9419076442718506,
                "vz": -0.06941081583499908
            }
        },
        "173": {
            "bounding_box": {
                "extent_x": 2.073613166809082,
                "extent_y": 1.0016015768051147,
                "extent_z": 0.691210925579071,
                "loc_x": 0.0,
                "loc_y": 0.0,
                "loc_z": 0.7043752670288086
            },
            "transform": {
                "pitch": 0.00358584919013083,
                "roll": 3.133432619506493e-05,
                "x": -45.58273696899414,
                "y": 131.500244140625,
                "yaw": 178.70040893554688,
                "z": -0.008162078447639942
            },
            "type": "vehicle.audi.tt",
            "velocity": 2.1491118029215652,
            "velocity_vec": {
                "vx": -2.1485586166381836,
                "vy": 0.04875871539115906,
                "vz": 7.628123199765469e-08
            }
        },
        "180": {
            "bounding_box": {
                "extent_x": 2.5996146202087402,
                "extent_y": 1.3075095415115356,
                "extent_z": 1.2384252548217773,
                "loc_x": 0.0,
                "loc_y": 0.0,
                "loc_z": 1.2300000190734863
            },
            "transform": {
                "pitch": -0.13821570575237274,
                "roll": -0.01974487118422985,
                "x": -84.52183532714844,
                "y": 126.66061401367188,
                "yaw": 90.23316192626953,
                "z": 0.04392380267381668
            },
            "type": "vehicle.carlamotors.carlacola",
            "velocity": 0.0,
            "velocity_vec": {
                "vx": 0.0,
                "vy": 0.0,
                "vz": 0.0
            }
        }
    },
    "reverse": false,
    "right_distance": 1.7507079781227828,
    "steer": 2.1255367755657062e-05,
    "steer_noise": 0.0,
    "target_road_option": "RoadOption.LANEFOLLOW",
    "target_waypoint": {
        "pitch": -0.7469339966773987,
        "roll": 0.0,
        "x": -88.05536651611328,
        "y": 113.53031158447266,
        "yaw": 89.84373474121094,
        "z": 0.14425444602966309
    },
    "throttle": 0.75,
    "throttle_noise": 0.0
}