{
    "blocking_state": "AgentState.NAVIGATING",
    "brake": 0.0,
    "brake_noise": 0.0,
    "current_waypoint": {
        "pitch": -1.012520670890808,
        "roll": 0.0,
        "x": -88.13932037353516,
        "y": 82.74629974365234,
        "yaw": 89.84373474121094,
        "z": 0.6700279712677002
    },
    "ego_planned_trajectory": [],
    "ego_vehicle_can_speed": 4.32959910875085,
    "ego_vehicle_can_timestamp": "639",
    "ego_vehicle_id": 171,
    "ego_vehicle_transform": {
        "pitch": -0.33176276087760925,
        "roll": 0.0004442365316208452,
        "x": -88.13871002197266,
        "y": 82.9601821899414,
        "yaw": 89.8425064086914,
        "z": 0.6952359676361084
    },
    "ego_velocity": {
        "vx": 0.011840594001114368,
        "vy": 4.3289103507995605,
        "vz": -0.07631132006645203
    },
    "hand_brake": false,
    "left_distance": 1.7496992289159323,
    "next_target_location": null,
    "other_actors": {
        "171": {
            "bounding_box": {
                "extent_x": 2.452350616455078,
                "extent_y": 1.0303291082382202,
                "extent_z": 0.7391985058784485,
                "loc_x": 0.060644909739494324,
                "loc_y": 0.0,
                "loc_z": 0.7473415732383728
            },
            "transform": {
                "pitch": -0.33176276087760925,
                "roll": 0.0004442365316208452,
                "x": -88.13871002197266,
                "y": 82.9601821899414,
                "yaw": 89.8425064086914,
                "z": 0.6952359676361084
            },
            "type": "vehicle.lincoln.mkz2017",
            "velocity": 4.328926544182273,
            "velocity_vec": {
                "vx": 0.011840594001114368,
                "vy": 4.3289103507995605,
                "vz": -0.07631132006645203
            }
        },
        "173": {
            "bounding_box": {
                "extent_x": 2.073613166809082,
                "extent_y": 1.0016015768051147,
                "extent_z": 0.691210925579071,
                "loc_x": 0.0,
                "loc_y": 0.0,
                "loc_z": 0.7043752670288086
            },
            "transform": {
                "pitch": -0.02559954673051834,
                "roll": -3.051758903893642e-05,
                "x": -45.889896392822266,
                "y": 131.50721740722656,
                "yaw": 178.70053100585938,
                "z": -0.007899322547018528
            },
            "type": "vehicle.audi.tt",
            "velocity": 2.146098587837718,
            "velocity_vec": {
                "vx": -2.1455466747283936,
                "vy": 0.04866842180490494,
                "vz": -5.7210922221884175e-08
            }
        },
        "180": {
            "bounding_box": {
                "extent_x": 2.5996146202087402,
                "extent_y": 1.3075095415115356,
                "extent_z": 1.2384252548217773,
                "loc_x": 0.0,
                "loc_y": 0.0,
                "loc_z": 1.2300000190734863
            },
            "transform": {
                "pitch": -0.13821570575237274,
                "roll": -0.01974487118422985,
                "x": -84.52183532714844,
                "y": 126.66061401367188,
                "yaw": 90.23316192626953,
                "z": 0.04392380267381668
            },
            "type": "vehicle.carlamotors.carlacola",
            "velocity": 0.0,
            "velocity_vec": {
                "vx": 0.0,
                "vy": 0.0,
                "vz": 0.0
            }
        }
    },
    "reverse": false,
    "right_distance": 1.7507710293137957,
    "steer": 2.2495123630505987e-05,
    "steer_noise": 0.0,
    "target_road_option": "RoadOption.LANEFOLLOW",
    "target_waypoint": {
        "pitch": -0.7469339966773987,
        "roll": 0.0,
        "x": -88.05536651611328,
        "y": 113.53031158447266,
        "yaw": 89.84373474121094,
        "z": 0.14425444602966309
    },
    "throttle": 0.75,
    "throttle_noise": 0.0
}