{
    "blocking_state": "AgentState.NAVIGATING",
    "brake": 0.0,
    "brake_noise": 0.0,
    "current_waypoint": {
        "pitch": -1.012520670890808,
        "roll": 0.0,
        "x": -88.14043426513672,
        "y": 82.33783721923828,
        "yaw": 89.84373474121094,
        "z": 0.6772463917732239
    },
    "ego_planned_trajectory": [],
    "ego_vehicle_can_speed": 4.075364244324428,
    "ego_vehicle_can_timestamp": "637",
    "ego_vehicle_id": 171,
    "ego_vehicle_transform": {
        "pitch": -0.23510192334651947,
        "roll": 0.000549968215636909,
        "x": -88.13986206054688,
        "y": 82.53878784179688,
        "yaw": 89.8424301147461,
        "z": 0.7016152143478394
    },
    "ego_velocity": {
        "vx": 0.011151804588735104,
        "vy": 4.074717044830322,
        "vz": -0.07176604866981506
    },
    "hand_brake": false,
    "left_distance": 1.7497035832488537,
    "next_target_location": null,
    "other_actors": {
        "171": {
            "bounding_box": {
                "extent_x": 2.452350616455078,
                "extent_y": 1.0303291082382202,
                "extent_z": 0.7391985058784485,
                "loc_x": 0.060644909739494324,
                "loc_y": 0.0,
                "loc_z": 0.7473415732383728
            },
            "transform": {
                "pitch": -0.23510192334651947,
                "roll": 0.000549968215636909,
                "x": -88.13986206054688,
                "y": 82.53878784179688,
                "yaw": 89.8424301147461,
                "z": 0.7016152143478394
            },
            "type": "vehicle.lincoln.mkz2017",
            "velocity": 4.07473230509396,
            "velocity_vec": {
                "vx": 0.011151804588735104,
                "vy": 4.074717044830322,
                "vz": -0.07176604866981506
            }
        },
        "173": {
            "bounding_box": {
                "extent_x": 2.073613166809082,
                "extent_y": 1.0016015768051147,
                "extent_z": 0.691210925579071,
                "loc_x": 0.0,
                "loc_y": 0.0,
                "loc_z": 0.7043752670288086
            },
            "transform": {
                "pitch": -0.014739547856152058,
                "roll": 8.966460882220417e-06,
                "x": -45.68405532836914,
                "y": 131.50254821777344,
                "yaw": 178.70053100585938,
                "z": -0.00799716915935278
            },
            "type": "vehicle.audi.tt",
            "velocity": 2.002650403451934,
            "velocity_vec": {
                "vx": -2.0021352767944336,
                "vy": 0.045419950038194656,
                "vz": 3.432655262258777e-07
            }
        },
        "180": {
            "bounding_box": {
                "extent_x": 2.5996146202087402,
                "extent_y": 1.3075095415115356,
                "extent_z": 1.2384252548217773,
                "loc_x": 0.0,
                "loc_y": 0.0,
                "loc_z": 1.2300000190734863
            },
            "transform": {
                "pitch": -0.13821570575237274,
                "roll": -0.01974487118422985,
                "x": -84.52183532714844,
                "y": 126.66061401367188,
                "yaw": 90.23316192626953,
                "z": 0.04392380267381668
            },
            "type": "vehicle.carlamotors.carlacola",
            "velocity": 0.0,
            "velocity_vec": {
                "vx": 0.0,
                "vy": 0.0,
                "vz": 0.0
            }
        }
    },
    "reverse": false,
    "right_distance": 1.7507324424554986,
    "steer": 2.232394035672769e-05,
    "steer_noise": 0.0,
    "target_road_option": "RoadOption.LANEFOLLOW",
    "target_waypoint": {
        "pitch": -0.7469339966773987,
        "roll": 0.0,
        "x": -88.05536651611328,
        "y": 113.53031158447266,
        "yaw": 89.84373474121094,
        "z": 0.14425444602966309
    },
    "throttle": 0.75,
    "throttle_noise": 0.0
}