{
    "blocking_state": "AgentState.NAVIGATING",
    "brake": 0.0,
    "brake_noise": 0.0,
    "current_waypoint": {
        "pitch": -1.012520670890808,
        "roll": 0.0,
        "x": -88.143310546875,
        "y": 81.28385162353516,
        "yaw": 89.84373474121094,
        "z": 0.6958723068237305
    },
    "ego_planned_trajectory": [],
    "ego_vehicle_can_speed": 3.178002470274483,
    "ego_vehicle_can_timestamp": "631",
    "ego_vehicle_id": 171,
    "ego_vehicle_transform": {
        "pitch": 0.06276260316371918,
        "roll": 0.0006490884115919471,
        "x": -88.14286041259766,
        "y": 81.43955993652344,
        "yaw": 89.84229278564453,
        "z": 0.7177761793136597
    },
    "ego_velocity": {
        "vx": 0.008695832453668118,
        "vy": 3.177492618560791,
        "vz": -0.056256044656038284
    },
    "hand_brake": false,
    "left_distance": 1.7497107791868736,
    "next_target_location": null,
    "other_actors": {
        "171": {
            "bounding_box": {
                "extent_x": 2.452350616455078,
                "extent_y": 1.0303291082382202,
                "extent_z": 0.7391985058784485,
                "loc_x": 0.060644909739494324,
                "loc_y": 0.0,
                "loc_z": 0.7473415732383728
            },
            "transform": {
                "pitch": 0.06276260316371918,
                "roll": 0.0006490884115919471,
                "x": -88.14286041259766,
                "y": 81.43955993652344,
                "yaw": 89.84229278564453,
                "z": 0.7177761793136597
            },
            "type": "vehicle.lincoln.mkz2017",
            "velocity": 3.177504517464983,
            "velocity_vec": {
                "vx": 0.008695832453668118,
                "vy": 3.177492618560791,
                "vz": -0.056256044656038284
            }
        },
        "173": {
            "bounding_box": {
                "extent_x": 2.073613166809082,
                "extent_y": 1.0016015768051147,
                "extent_z": 0.691210925579071,
                "loc_x": 0.0,
                "loc_y": 0.0,
                "loc_z": 0.7043752670288086
            },
            "transform": {
                "pitch": 0.10771890729665756,
                "roll": 9.867345215752721e-05,
                "x": -44.80606460571289,
                "y": 131.4825897216797,
                "yaw": 178.69911193847656,
                "z": -0.009098205715417862
            },
            "type": "vehicle.audi.tt",
            "velocity": 3.958643244097109,
            "velocity_vec": {
                "vx": -3.9576234817504883,
                "vy": 0.08984826505184174,
                "vz": -8.33372450870229e-06
            }
        },
        "180": {
            "bounding_box": {
                "extent_x": 2.5996146202087402,
                "extent_y": 1.3075095415115356,
                "extent_z": 1.2384252548217773,
                "loc_x": 0.0,
                "loc_y": 0.0,
                "loc_z": 1.2300000190734863
            },
            "transform": {
                "pitch": -0.13821570575237274,
                "roll": -0.01974487118422985,
                "x": -84.52183532714844,
                "y": 126.66061401367188,
                "yaw": 90.23316192626953,
                "z": 0.04392380267381668
            },
            "type": "vehicle.carlamotors.carlacola",
            "velocity": 0.0,
            "velocity_vec": {
                "vx": 0.0,
                "vy": 0.0,
                "vz": 0.0
            }
        }
    },
    "reverse": false,
    "right_distance": 1.75062854764581,
    "steer": 1.890130624815356e-05,
    "steer_noise": 0.0,
    "target_road_option": "RoadOption.LANEFOLLOW",
    "target_waypoint": {
        "pitch": -0.7469339966773987,
        "roll": 0.0,
        "x": -88.05536651611328,
        "y": 113.53031158447266,
        "yaw": 89.84373474121094,
        "z": 0.14425444602966309
    },
    "throttle": 0.75,
    "throttle_noise": 0.0
}