{
    "blocking_state": "AgentState.NAVIGATING",
    "brake": 0.0,
    "brake_noise": 0.0,
    "current_waypoint": {
        "pitch": -1.012520670890808,
        "roll": 0.0,
        "x": -88.1414794921875,
        "y": 81.95634460449219,
        "yaw": 89.84373474121094,
        "z": 0.6839879751205444
    },
    "ego_planned_trajectory": [],
    "ego_vehicle_can_speed": 3.804923467181013,
    "ego_vehicle_can_timestamp": "635",
    "ego_vehicle_id": 171,
    "ego_vehicle_transform": {
        "pitch": -0.12335321307182312,
        "roll": 0.0006520377355627716,
        "x": -88.14093780517578,
        "y": 82.14360046386719,
        "yaw": 89.84249877929688,
        "z": 0.7073667645454407
    },
    "ego_velocity": {
        "vx": 0.01052466593682766,
        "vy": 3.804319143295288,
        "vz": -0.06699013710021973
    },
    "hand_brake": false,
    "left_distance": 1.7496992964963296,
    "next_target_location": null,
    "other_actors": {
        "171": {
            "bounding_box": {
                "extent_x": 2.452350616455078,
                "extent_y": 1.0303291082382202,
                "extent_z": 0.7391985058784485,
                "loc_x": 0.060644909739494324,
                "loc_y": 0.0,
                "loc_z": 0.7473415732383728
            },
            "transform": {
                "pitch": -0.12335321307182312,
                "roll": 0.0006520377355627716,
                "x": -88.14093780517578,
                "y": 82.14360046386719,
                "yaw": 89.84249877929688,
                "z": 0.7073667645454407
            },
            "type": "vehicle.lincoln.mkz2017",
            "velocity": 3.804333701535142,
            "velocity_vec": {
                "vx": 0.01052466593682766,
                "vy": 3.804319143295288,
                "vz": -0.06699013710021973
            }
        },
        "173": {
            "bounding_box": {
                "extent_x": 2.073613166809082,
                "extent_y": 1.0016015768051147,
                "extent_z": 0.691210925579071,
                "loc_x": 0.0,
                "loc_y": 0.0,
                "loc_z": 0.7043752670288086
            },
            "transform": {
                "pitch": 0.02855701930820942,
                "roll": 5.499844701262191e-05,
                "x": -45.46953582763672,
                "y": 131.49766540527344,
                "yaw": 178.70004272460938,
                "z": -0.008386841043829918
            },
            "type": "vehicle.audi.tt",
            "velocity": 2.549850403004411,
            "velocity_vec": {
                "vx": -2.5491936206817627,
                "vy": 0.05787021666765213,
                "vz": 3.0512492799061874e-07
            }
        },
        "180": {
            "bounding_box": {
                "extent_x": 2.5996146202087402,
                "extent_y": 1.3075095415115356,
                "extent_z": 1.2384252548217773,
                "loc_x": 0.0,
                "loc_y": 0.0,
                "loc_z": 1.2300000190734863
            },
            "transform": {
                "pitch": -0.13821570575237274,
                "roll": -0.01974487118422985,
                "x": -84.52183532714844,
                "y": 126.66061401367188,
                "yaw": 90.23316192626953,
                "z": 0.04392380267381668
            },
            "type": "vehicle.carlamotors.carlacola",
            "velocity": 0.0,
            "velocity_vec": {
                "vx": 0.0,
                "vy": 0.0,
                "vz": 0.0
            }
        }
    },
    "reverse": false,
    "right_distance": 1.750698770281472,
    "steer": -4.242013892508112e-05,
    "steer_noise": 0.0,
    "target_road_option": "RoadOption.LANEFOLLOW",
    "target_waypoint": {
        "pitch": -0.7469339966773987,
        "roll": 0.0,
        "x": -88.05536651611328,
        "y": 113.53031158447266,
        "yaw": 89.84373474121094,
        "z": 0.14425444602966309
    },
    "throttle": 0.75,
    "throttle_noise": 0.0
}