{
    "blocking_state": "AgentState.NAVIGATING",
    "brake": 0.0,
    "brake_noise": 0.0,
    "current_waypoint": {
        "pitch": -1.012520670890808,
        "roll": 0.0,
        "x": -88.14288330078125,
        "y": 81.43955993652344,
        "yaw": 89.84373474121094,
        "z": 0.6931205987930298
    },
    "ego_planned_trajectory": [],
    "ego_vehicle_can_speed": 3.3505789114873368,
    "ego_vehicle_can_timestamp": "632",
    "ego_vehicle_id": 171,
    "ego_vehicle_transform": {
        "pitch": 0.03251169994473457,
        "roll": 0.0005257278680801392,
        "x": -88.14241790771484,
        "y": 81.60392761230469,
        "yaw": 89.8424072265625,
        "z": 0.7151967287063599
    },
    "ego_velocity": {
        "vx": 0.009025625884532928,
        "vy": 3.3500442504882812,
        "vz": -0.05917009338736534
    },
    "hand_brake": false,
    "left_distance": 1.7497180275712432,
    "next_target_location": null,
    "other_actors": {
        "171": {
            "bounding_box": {
                "extent_x": 2.452350616455078,
                "extent_y": 1.0303291082382202,
                "extent_z": 0.7391985058784485,
                "loc_x": 0.060644909739494324,
                "loc_y": 0.0,
                "loc_z": 0.7473415732383728
            },
            "transform": {
                "pitch": 0.03251169994473457,
                "roll": 0.0005257278680801392,
                "x": -88.14241790771484,
                "y": 81.60392761230469,
                "yaw": 89.8424072265625,
                "z": 0.7151967287063599
            },
            "type": "vehicle.lincoln.mkz2017",
            "velocity": 3.350056408801529,
            "velocity_vec": {
                "vx": 0.009025625884532928,
                "vy": 3.3500442504882812,
                "vz": -0.05917009338736534
            }
        },
        "173": {
            "bounding_box": {
                "extent_x": 2.073613166809082,
                "extent_y": 1.0016015768051147,
                "extent_z": 0.691210925579071,
                "loc_x": 0.0,
                "loc_y": 0.0,
                "loc_z": 0.7043752670288086
            },
            "transform": {
                "pitch": 0.09732335805892944,
                "roll": 0.00010125923290615901,
                "x": -44.99813461303711,
                "y": 131.48695373535156,
                "yaw": 178.69911193847656,
                "z": -0.00900501199066639
            },
            "type": "vehicle.audi.tt",
            "velocity": 3.767525528446517,
            "velocity_vec": {
                "vx": -3.766554594039917,
                "vy": 0.08552834391593933,
                "vz": -6.026216851751087e-06
            }
        },
        "180": {
            "bounding_box": {
                "extent_x": 2.5996146202087402,
                "extent_y": 1.3075095415115356,
                "extent_z": 1.2384252548217773,
                "loc_x": 0.0,
                "loc_y": 0.0,
                "loc_z": 1.2300000190734863
            },
            "transform": {
                "pitch": -0.13821570575237274,
                "roll": -0.01974487118422985,
                "x": -84.52183532714844,
                "y": 126.66061401367188,
                "yaw": 90.23316192626953,
                "z": 0.04392380267381668
            },
            "type": "vehicle.carlamotors.carlacola",
            "velocity": 0.0,
            "velocity_vec": {
                "vx": 0.0,
                "vy": 0.0,
                "vz": 0.0
            }
        }
    },
    "reverse": false,
    "right_distance": 1.7506303305076978,
    "steer": 9.007983317133039e-05,
    "steer_noise": 0.0,
    "target_road_option": "RoadOption.LANEFOLLOW",
    "target_waypoint": {
        "pitch": -0.7469339966773987,
        "roll": 0.0,
        "x": -88.05536651611328,
        "y": 113.53031158447266,
        "yaw": 89.84373474121094,
        "z": 0.14425444602966309
    },
    "throttle": 0.75,
    "throttle_noise": 0.0
}