{
    "blocking_state": "AgentState.NAVIGATING",
    "brake": 0.0,
    "brake_noise": 0.0,
    "current_waypoint": {
        "pitch": -1.012520670890808,
        "roll": 0.0,
        "x": -88.14370727539062,
        "y": 81.1375732421875,
        "yaw": 89.84373474121094,
        "z": 0.6984573006629944
    },
    "ego_planned_trajectory": [],
    "ego_vehicle_can_speed": 2.989211028338676,
    "ego_vehicle_can_timestamp": "630",
    "ego_vehicle_id": 171,
    "ego_vehicle_transform": {
        "pitch": 0.0704260766506195,
        "roll": 0.0005989960045553744,
        "x": -88.1432876586914,
        "y": 81.28384399414062,
        "yaw": 89.84237670898438,
        "z": 0.7204532623291016
    },
    "ego_velocity": {
        "vx": 0.008253157138824463,
        "vy": 2.9887285232543945,
        "vz": -0.053068555891513824
    },
    "hand_brake": false,
    "left_distance": 1.7497157671767727,
    "next_target_location": null,
    "other_actors": {
        "171": {
            "bounding_box": {
                "extent_x": 2.452350616455078,
                "extent_y": 1.0303291082382202,
                "extent_z": 0.7391985058784485,
                "loc_x": 0.060644909739494324,
                "loc_y": 0.0,
                "loc_z": 0.7473415732383728
            },
            "transform": {
                "pitch": 0.0704260766506195,
                "roll": 0.0005989960045553744,
                "x": -88.1432876586914,
                "y": 81.28384399414062,
                "yaw": 89.84237670898438,
                "z": 0.7204532623291016
            },
            "type": "vehicle.lincoln.mkz2017",
            "velocity": 2.98873991848022,
            "velocity_vec": {
                "vx": 0.008253157138824463,
                "vy": 2.9887285232543945,
                "vz": -0.053068555891513824
            }
        },
        "173": {
            "bounding_box": {
                "extent_x": 2.073613166809082,
                "extent_y": 1.0016015768051147,
                "extent_z": 0.691210925579071,
                "loc_x": 0.0,
                "loc_y": 0.0,
                "loc_z": 0.7043752670288086
            },
            "transform": {
                "pitch": 0.1074320375919342,
                "roll": 8.414061449002475e-05,
                "x": -44.60762023925781,
                "y": 131.47808837890625,
                "yaw": 178.69949340820312,
                "z": -0.009095191955566406
            },
            "type": "vehicle.audi.tt",
            "velocity": 3.932938932066734,
            "velocity_vec": {
                "vx": -3.93192720413208,
                "vy": 0.08920260518789291,
                "vz": -1.291059743380174e-05
            }
        },
        "180": {
            "bounding_box": {
                "extent_x": 2.5996146202087402,
                "extent_y": 1.3075095415115356,
                "extent_z": 1.2384252548217773,
                "loc_x": 0.0,
                "loc_y": 0.0,
                "loc_z": 1.2300000190734863
            },
            "transform": {
                "pitch": -0.13821570575237274,
                "roll": -0.01974487118422985,
                "x": -84.52183532714844,
                "y": 126.66061401367188,
                "yaw": 90.23316192626953,
                "z": 0.04392380267381668
            },
            "type": "vehicle.carlamotors.carlacola",
            "velocity": 0.0,
            "velocity_vec": {
                "vx": 0.0,
                "vy": 0.0,
                "vz": 0.0
            }
        }
    },
    "reverse": false,
    "right_distance": 1.7506216375923143,
    "steer": -3.9615199057152495e-05,
    "steer_noise": 0.0,
    "target_road_option": "RoadOption.LANEFOLLOW",
    "target_waypoint": {
        "pitch": -0.7469339966773987,
        "roll": 0.0,
        "x": -88.05536651611328,
        "y": 113.53031158447266,
        "yaw": 89.84373474121094,
        "z": 0.14425444602966309
    },
    "throttle": 0.75,
    "throttle_noise": 0.0
}