{
    "blocking_state": "AgentState.NAVIGATING",
    "brake": 0.0,
    "brake_noise": 0.0,
    "current_waypoint": {
        "pitch": -1.012520670890808,
        "roll": 0.0,
        "x": -88.139892578125,
        "y": 82.5387954711914,
        "yaw": 89.84373474121094,
        "z": 0.6736950874328613
    },
    "ego_planned_trajectory": [],
    "ego_vehicle_can_speed": 4.204190956743728,
    "ego_vehicle_can_timestamp": "638",
    "ego_vehicle_id": 171,
    "ego_vehicle_transform": {
        "pitch": -0.2857955992221832,
        "roll": 0.0005015315255150199,
        "x": -88.13929748535156,
        "y": 82.74629974365234,
        "yaw": 89.84247589111328,
        "z": 0.6985081434249878
    },
    "ego_velocity": {
        "vx": 0.011511029675602913,
        "vy": 4.203522682189941,
        "vz": -0.0740685984492302
    },
    "hand_brake": false,
    "left_distance": 1.749697754715535,
    "next_target_location": null,
    "other_actors": {
        "171": {
            "bounding_box": {
                "extent_x": 2.452350616455078,
                "extent_y": 1.0303291082382202,
                "extent_z": 0.7391985058784485,
                "loc_x": 0.060644909739494324,
                "loc_y": 0.0,
                "loc_z": 0.7473415732383728
            },
            "transform": {
                "pitch": -0.2857955992221832,
                "roll": 0.0005015315255150199,
                "x": -88.13929748535156,
                "y": 82.74629974365234,
                "yaw": 89.84247589111328,
                "z": 0.6985081434249878
            },
            "type": "vehicle.lincoln.mkz2017",
            "velocity": 4.203538443203477,
            "velocity_vec": {
                "vx": 0.011511029675602913,
                "vy": 4.203522682189941,
                "vz": -0.0740685984492302
            }
        },
        "173": {
            "bounding_box": {
                "extent_x": 2.073613166809082,
                "extent_y": 1.0016015768051147,
                "extent_z": 0.691210925579071,
                "loc_x": 0.0,
                "loc_y": 0.0,
                "loc_z": 0.7043752670288086
            },
            "transform": {
                "pitch": -0.023926151916384697,
                "roll": 0.0,
                "x": -45.78482437133789,
                "y": 131.5048370361328,
                "yaw": 178.70053100585938,
                "z": -0.00791450496762991
            },
            "type": "vehicle.audi.tt",
            "velocity": 2.0338763850711614,
            "velocity_vec": {
                "vx": -2.033353328704834,
                "vy": 0.04612364247441292,
                "vz": 1.5256246399530937e-07
            }
        },
        "180": {
            "bounding_box": {
                "extent_x": 2.5996146202087402,
                "extent_y": 1.3075095415115356,
                "extent_z": 1.2384252548217773,
                "loc_x": 0.0,
                "loc_y": 0.0,
                "loc_z": 1.2300000190734863
            },
            "transform": {
                "pitch": -0.13821570575237274,
                "roll": -0.01974487118422985,
                "x": -84.52183532714844,
                "y": 126.66061401367188,
                "yaw": 90.23316192626953,
                "z": 0.04392380267381668
            },
            "type": "vehicle.carlamotors.carlacola",
            "velocity": 0.0,
            "velocity_vec": {
                "vx": 0.0,
                "vy": 0.0,
                "vz": 0.0
            }
        }
    },
    "reverse": false,
    "right_distance": 1.750756073292958,
    "steer": 1.7129368643509224e-05,
    "steer_noise": 0.0,
    "target_road_option": "RoadOption.LANEFOLLOW",
    "target_waypoint": {
        "pitch": -0.7469339966773987,
        "roll": 0.0,
        "x": -88.05536651611328,
        "y": 113.53031158447266,
        "yaw": 89.84373474121094,
        "z": 0.14425444602966309
    },
    "throttle": 0.75,
    "throttle_noise": 0.0
}