{
    "blocking_state": "AgentState.NAVIGATING",
    "brake": 0.0,
    "brake_noise": 0.0,
    "current_waypoint": {
        "pitch": -1.012520670890808,
        "roll": 0.0,
        "x": -88.1419677734375,
        "y": 81.7763442993164,
        "yaw": 89.84373474121094,
        "z": 0.6871688961982727
    },
    "ego_planned_trajectory": [],
    "ego_vehicle_can_speed": 3.6615033556404857,
    "ego_vehicle_can_timestamp": "634",
    "ego_vehicle_id": 171,
    "ego_vehicle_transform": {
        "pitch": -0.06619136035442352,
        "roll": 0.000530510616954416,
        "x": -88.1414566040039,
        "y": 81.95634460449219,
        "yaw": 89.84261322021484,
        "z": 0.7100475430488586
    },
    "ego_velocity": {
        "vx": 0.009978167712688446,
        "vy": 3.660921812057495,
        "vz": -0.06448833644390106
    },
    "hand_brake": false,
    "left_distance": 1.7497116244039275,
    "next_target_location": null,
    "other_actors": {
        "171": {
            "bounding_box": {
                "extent_x": 2.452350616455078,
                "extent_y": 1.0303291082382202,
                "extent_z": 0.7391985058784485,
                "loc_x": 0.060644909739494324,
                "loc_y": 0.0,
                "loc_z": 0.7473415732383728
            },
            "transform": {
                "pitch": -0.06619136035442352,
                "roll": 0.000530510616954416,
                "x": -88.1414566040039,
                "y": 81.95634460449219,
                "yaw": 89.84261322021484,
                "z": 0.7100475430488586
            },
            "type": "vehicle.lincoln.mkz2017",
            "velocity": 3.660935410223627,
            "velocity_vec": {
                "vx": 0.009978167712688446,
                "vy": 3.660921812057495,
                "vz": -0.06448833644390106
            }
        },
        "173": {
            "bounding_box": {
                "extent_x": 2.073613166809082,
                "extent_y": 1.0016015768051147,
                "extent_z": 0.691210925579071,
                "loc_x": 0.0,
                "loc_y": 0.0,
                "loc_z": 0.7043752670288086
            },
            "transform": {
                "pitch": 0.05475762486457825,
                "roll": 7.67246019677259e-05,
                "x": -45.334129333496094,
                "y": 131.4945831298828,
                "yaw": 178.6996307373047,
                "z": -0.008622322231531143
            },
            "type": "vehicle.audi.tt",
            "velocity": 3.0256669006063834,
            "velocity_vec": {
                "vx": -3.0248873233795166,
                "vy": 0.06867950409650803,
                "vz": 2.288436888875367e-07
            }
        },
        "180": {
            "bounding_box": {
                "extent_x": 2.5996146202087402,
                "extent_y": 1.3075095415115356,
                "extent_z": 1.2384252548217773,
                "loc_x": 0.0,
                "loc_y": 0.0,
                "loc_z": 1.2300000190734863
            },
            "transform": {
                "pitch": -0.13821570575237274,
                "roll": -0.01974487118422985,
                "x": -84.52183532714844,
                "y": 126.66061401367188,
                "yaw": 90.23316192626953,
                "z": 0.04392380267381668
            },
            "type": "vehicle.carlamotors.carlacola",
            "velocity": 0.0,
            "velocity_vec": {
                "vx": 0.0,
                "vy": 0.0,
                "vz": 0.0
            }
        }
    },
    "reverse": false,
    "right_distance": 1.7506677481220776,
    "steer": 2.6170444471063092e-05,
    "steer_noise": 0.0,
    "target_road_option": "RoadOption.LANEFOLLOW",
    "target_waypoint": {
        "pitch": -0.7469339966773987,
        "roll": 0.0,
        "x": -88.05536651611328,
        "y": 113.53031158447266,
        "yaw": 89.84373474121094,
        "z": 0.14425444602966309
    },
    "throttle": 0.75,
    "throttle_noise": 0.0
}