{
    "blocking_state": "AgentState.NAVIGATING",
    "brake": 0.0,
    "brake_noise": 0.0,
    "current_waypoint": {
        "pitch": -1.012520670890808,
        "roll": 0.0,
        "x": -88.13751983642578,
        "y": 83.40650177001953,
        "yaw": 89.84373474121094,
        "z": 0.65836101770401
    },
    "ego_planned_trajectory": [],
    "ego_vehicle_can_speed": 4.689276399161285,
    "ego_vehicle_can_timestamp": "642",
    "ego_vehicle_id": 171,
    "ego_vehicle_transform": {
        "pitch": -0.44008955359458923,
        "roll": 0.00033479585545137525,
        "x": -88.1368408203125,
        "y": 83.6386489868164,
        "yaw": 89.84260559082031,
        "z": 0.6844419836997986
    },
    "ego_velocity": {
        "vx": 0.012813840061426163,
        "vy": 4.688528537750244,
        "vz": -0.0827593132853508
    },
    "hand_brake": false,
    "left_distance": 1.7496795150280835,
    "next_target_location": null,
    "other_actors": {
        "171": {
            "bounding_box": {
                "extent_x": 2.452350616455078,
                "extent_y": 1.0303291082382202,
                "extent_z": 0.7391985058784485,
                "loc_x": 0.060644909739494324,
                "loc_y": 0.0,
                "loc_z": 0.7473415732383728
            },
            "transform": {
                "pitch": -0.44008955359458923,
                "roll": 0.00033479585545137525,
                "x": -88.1368408203125,
                "y": 83.6386489868164,
                "yaw": 89.84260559082031,
                "z": 0.6844419836997986
            },
            "type": "vehicle.lincoln.mkz2017",
            "velocity": 4.688546047955119,
            "velocity_vec": {
                "vx": 0.012813840061426163,
                "vy": 4.688528537750244,
                "vz": -0.0827593132853508
            }
        },
        "173": {
            "bounding_box": {
                "extent_x": 2.073613166809082,
                "extent_y": 1.0016015768051147,
                "extent_z": 0.691210925579071,
                "loc_x": 0.0,
                "loc_y": 0.0,
                "loc_z": 0.7043752670288086
            },
            "transform": {
                "pitch": -0.0047606416046619415,
                "roll": -3.256887814995224e-12,
                "x": -46.26030731201172,
                "y": 131.51560974121094,
                "yaw": 178.7001190185547,
                "z": -0.008087081834673882
            },
            "type": "vehicle.audi.tt",
            "velocity": 2.7602865303805935,
            "velocity_vec": {
                "vx": -2.7595763206481934,
                "vy": 0.06261198222637177,
                "vz": -4.958279760103323e-07
            }
        },
        "180": {
            "bounding_box": {
                "extent_x": 2.5996146202087402,
                "extent_y": 1.3075095415115356,
                "extent_z": 1.2384252548217773,
                "loc_x": 0.0,
                "loc_y": 0.0,
                "loc_z": 1.2300000190734863
            },
            "transform": {
                "pitch": -0.13821570575237274,
                "roll": -0.01974487118422985,
                "x": -84.52183532714844,
                "y": 126.66061401367188,
                "yaw": 90.23316192626953,
                "z": 0.04392380267381668
            },
            "type": "vehicle.carlamotors.carlacola",
            "velocity": 0.0,
            "velocity_vec": {
                "vx": 0.0,
                "vy": 0.0,
                "vz": 0.0
            }
        }
    },
    "reverse": false,
    "right_distance": 1.750830464540527,
    "steer": 2.105955900333356e-05,
    "steer_noise": 0.0,
    "target_road_option": "RoadOption.LANEFOLLOW",
    "target_waypoint": {
        "pitch": -0.7469339966773987,
        "roll": 0.0,
        "x": -88.05536651611328,
        "y": 113.53031158447266,
        "yaw": 89.84373474121094,
        "z": 0.14425444602966309
    },
    "throttle": 0.75,
    "throttle_noise": 0.0
}