{
    "blocking_state": "AgentState.NAVIGATING",
    "brake": 0.0,
    "brake_noise": 0.0,
    "current_waypoint": {
        "pitch": -1.012520670890808,
        "roll": 0.0,
        "x": -88.13688659667969,
        "y": 83.63865661621094,
        "yaw": 89.84373474121094,
        "z": 0.6542584300041199
    },
    "ego_planned_trajectory": [],
    "ego_vehicle_can_speed": 4.8045452869730925,
    "ego_vehicle_can_timestamp": "643",
    "ego_vehicle_id": 171,
    "ego_vehicle_transform": {
        "pitch": -0.4672532081604004,
        "roll": 0.0003047806385438889,
        "x": -88.1362075805664,
        "y": 83.87664031982422,
        "yaw": 89.84263610839844,
        "z": 0.6805354356765747
    },
    "ego_velocity": {
        "vx": 0.013125577941536903,
        "vy": 4.803778648376465,
        "vz": -0.08481645584106445
    },
    "hand_brake": false,
    "left_distance": 1.7496953507695847,
    "next_target_location": null,
    "other_actors": {
        "171": {
            "bounding_box": {
                "extent_x": 2.452350616455078,
                "extent_y": 1.0303291082382202,
                "extent_z": 0.7391985058784485,
                "loc_x": 0.060644909739494324,
                "loc_y": 0.0,
                "loc_z": 0.7473415732383728
            },
            "transform": {
                "pitch": -0.4672532081604004,
                "roll": 0.0003047806385438889,
                "x": -88.1362075805664,
                "y": 83.87664031982422,
                "yaw": 89.84263610839844,
                "z": 0.6805354356765747
            },
            "type": "vehicle.lincoln.mkz2017",
            "velocity": 4.803796580143034,
            "velocity_vec": {
                "vx": 0.013125577941536903,
                "vy": 4.803778648376465,
                "vz": -0.08481645584106445
            }
        },
        "173": {
            "bounding_box": {
                "extent_x": 2.073613166809082,
                "extent_y": 1.0016015768051147,
                "extent_z": 0.691210925579071,
                "loc_x": 0.0,
                "loc_y": 0.0,
                "loc_z": 0.7043752670288086
            },
            "transform": {
                "pitch": 0.00524558499455452,
                "roll": -6.513775629990448e-12,
                "x": -46.40628433227539,
                "y": 131.5189208984375,
                "yaw": 178.69992065429688,
                "z": -0.008177146315574646
            },
            "type": "vehicle.audi.tt",
            "velocity": 2.9992536265396397,
            "velocity_vec": {
                "vx": -2.9984817504882812,
                "vy": 0.06804049015045166,
                "vz": -1.3158512501831865e-06
            }
        },
        "180": {
            "bounding_box": {
                "extent_x": 2.5996146202087402,
                "extent_y": 1.3075095415115356,
                "extent_z": 1.2384252548217773,
                "loc_x": 0.0,
                "loc_y": 0.0,
                "loc_z": 1.2300000190734863
            },
            "transform": {
                "pitch": -0.13821570575237274,
                "roll": -0.01974487118422985,
                "x": -84.52183532714844,
                "y": 126.66061401367188,
                "yaw": 90.23316192626953,
                "z": 0.04392380267381668
            },
            "type": "vehicle.carlamotors.carlacola",
            "velocity": 0.0,
            "velocity_vec": {
                "vx": 0.0,
                "vy": 0.0,
                "vz": 0.0
            }
        }
    },
    "reverse": false,
    "right_distance": 1.7508247862515285,
    "steer": 2.0751929696416482e-05,
    "steer_noise": 0.0,
    "target_road_option": "RoadOption.LANEFOLLOW",
    "target_waypoint": {
        "pitch": -0.7469339966773987,
        "roll": 0.0,
        "x": -88.05536651611328,
        "y": 113.53031158447266,
        "yaw": 89.84373474121094,
        "z": 0.14425444602966309
    },
    "throttle": 0.75,
    "throttle_noise": 0.0
}