{
    "blocking_state": "AgentState.NAVIGATING",
    "brake": 0.0,
    "brake_noise": 0.0,
    "current_waypoint": {
        "pitch": -1.012520670890808,
        "roll": 0.0,
        "x": -88.13557434082031,
        "y": 84.12037658691406,
        "yaw": 89.84373474121094,
        "z": 0.6457455158233643
    },
    "ego_planned_trajectory": [],
    "ego_vehicle_can_speed": 5.029186373577957,
    "ego_vehicle_can_timestamp": "645",
    "ego_vehicle_id": 171,
    "ego_vehicle_transform": {
        "pitch": -0.510836660861969,
        "roll": 0.0002642534382175654,
        "x": -88.1348648071289,
        "y": 84.3697280883789,
        "yaw": 89.84274291992188,
        "z": 0.672301173210144
    },
    "ego_velocity": {
        "vx": 0.01373755931854248,
        "vy": 5.028383255004883,
        "vz": -0.08881835639476776
    },
    "hand_brake": false,
    "left_distance": 1.7496958376751919,
    "next_target_location": null,
    "other_actors": {
        "171": {
            "bounding_box": {
                "extent_x": 2.452350616455078,
                "extent_y": 1.0303291082382202,
                "extent_z": 0.7391985058784485,
                "loc_x": 0.060644909739494324,
                "loc_y": 0.0,
                "loc_z": 0.7473415732383728
            },
            "transform": {
                "pitch": -0.510836660861969,
                "roll": 0.0002642534382175654,
                "x": -88.1348648071289,
                "y": 84.3697280883789,
                "yaw": 89.84274291992188,
                "z": 0.672301173210144
            },
            "type": "vehicle.lincoln.mkz2017",
            "velocity": 5.028402020498116,
            "velocity_vec": {
                "vx": 0.01373755931854248,
                "vy": 5.028383255004883,
                "vz": -0.08881835639476776
            }
        },
        "173": {
            "bounding_box": {
                "extent_x": 2.073613166809082,
                "extent_y": 1.0016015768051147,
                "extent_z": 0.691210925579071,
                "loc_x": 0.0,
                "loc_y": 0.0,
                "loc_z": 0.7043752670288086
            },
            "transform": {
                "pitch": 0.024151546880602837,
                "roll": 8.957536920206621e-06,
                "x": -46.73519515991211,
                "y": 131.5263671875,
                "yaw": 178.69949340820312,
                "z": -0.008347129449248314
            },
            "type": "vehicle.audi.tt",
            "velocity": 3.4986218677075183,
            "velocity_vec": {
                "vx": -3.497720956802368,
                "vy": 0.0793919488787651,
                "vz": -1.0488669204278267e-06
            }
        },
        "180": {
            "bounding_box": {
                "extent_x": 2.5996146202087402,
                "extent_y": 1.3075095415115356,
                "extent_z": 1.2384252548217773,
                "loc_x": 0.0,
                "loc_y": 0.0,
                "loc_z": 1.2300000190734863
            },
            "transform": {
                "pitch": -0.13821570575237274,
                "roll": -0.01974487118422985,
                "x": -84.52183532714844,
                "y": 126.66061401367188,
                "yaw": 90.23316192626953,
                "z": 0.04392380267381668
            },
            "type": "vehicle.carlamotors.carlacola",
            "velocity": 0.0,
            "velocity_vec": {
                "vx": 0.0,
                "vy": 0.0,
                "vz": 0.0
            }
        }
    },
    "reverse": false,
    "right_distance": 1.7508406996853718,
    "steer": 1.6242020137724467e-05,
    "steer_noise": 0.0,
    "target_road_option": "RoadOption.LANEFOLLOW",
    "target_waypoint": {
        "pitch": -0.7469339966773987,
        "roll": 0.0,
        "x": -88.05536651611328,
        "y": 113.53031158447266,
        "yaw": 89.84373474121094,
        "z": 0.14425444602966309
    },
    "throttle": 0.75,
    "throttle_noise": 0.0
}