{
    "blocking_state": "AgentState.NAVIGATING",
    "brake": 0.0,
    "brake_noise": 0.0,
    "current_waypoint": {
        "pitch": -1.012520670890808,
        "roll": 0.0,
        "x": -88.13489532470703,
        "y": 84.3697280883789,
        "yaw": 89.84373474121094,
        "z": 0.6413390040397644
    },
    "ego_planned_trajectory": [],
    "ego_vehicle_can_speed": 5.138944039823188,
    "ego_vehicle_can_timestamp": "646",
    "ego_vehicle_id": 171,
    "ego_vehicle_transform": {
        "pitch": -0.5300567746162415,
        "roll": 0.00023693230468779802,
        "x": -88.1341552734375,
        "y": 84.62461853027344,
        "yaw": 89.84280395507812,
        "z": 0.6686000823974609
    },
    "ego_velocity": {
        "vx": 0.014021343551576138,
        "vy": 5.1382737159729,
        "vz": -0.08180749416351318
    },
    "hand_brake": false,
    "left_distance": 1.749680630389558,
    "next_target_location": null,
    "other_actors": {
        "171": {
            "bounding_box": {
                "extent_x": 2.452350616455078,
                "extent_y": 1.0303291082382202,
                "extent_z": 0.7391985058784485,
                "loc_x": 0.060644909739494324,
                "loc_y": 0.0,
                "loc_z": 0.7473415732383728
            },
            "transform": {
                "pitch": -0.5300567746162415,
                "roll": 0.00023693230468779802,
                "x": -88.1341552734375,
                "y": 84.62461853027344,
                "yaw": 89.84280395507812,
                "z": 0.6686000823974609
            },
            "type": "vehicle.lincoln.mkz2017",
            "velocity": 5.138292846688767,
            "velocity_vec": {
                "vx": 0.014021343551576138,
                "vy": 5.1382737159729,
                "vz": -0.08180749416351318
            }
        },
        "173": {
            "bounding_box": {
                "extent_x": 2.073613166809082,
                "extent_y": 1.0016015768051147,
                "extent_z": 0.691210925579071,
                "loc_x": 0.0,
                "loc_y": 0.0,
                "loc_z": 0.7043752670288086
            },
            "transform": {
                "pitch": 0.032340943813323975,
                "roll": 1.7959655451704748e-05,
                "x": -46.91868209838867,
                "y": 131.53053283691406,
                "yaw": 178.6992645263672,
                "z": -0.00842082966119051
            },
            "type": "vehicle.audi.tt",
            "velocity": 3.755433895424161,
            "velocity_vec": {
                "vx": -3.7544665336608887,
                "vy": 0.08523374050855637,
                "vz": -5.530388875740755e-07
            }
        },
        "180": {
            "bounding_box": {
                "extent_x": 2.5996146202087402,
                "extent_y": 1.3075095415115356,
                "extent_z": 1.2384252548217773,
                "loc_x": 0.0,
                "loc_y": 0.0,
                "loc_z": 1.2300000190734863
            },
            "transform": {
                "pitch": -0.13821570575237274,
                "roll": -0.01974487118422985,
                "x": -84.52183532714844,
                "y": 126.66061401367188,
                "yaw": 90.23316192626953,
                "z": 0.04392380267381668
            },
            "type": "vehicle.carlamotors.carlacola",
            "velocity": 0.0,
            "velocity_vec": {
                "vx": 0.0,
                "vy": 0.0,
                "vz": 0.0
            }
        }
    },
    "reverse": false,
    "right_distance": 1.750884347683607,
    "steer": 2.2531785361934453e-05,
    "steer_noise": 0.0,
    "target_road_option": "RoadOption.LANEFOLLOW",
    "target_waypoint": {
        "pitch": -0.7469339966773987,
        "roll": 0.0,
        "x": -88.05536651611328,
        "y": 113.53031158447266,
        "yaw": 89.84373474121094,
        "z": 0.14425444602966309
    },
    "throttle": 0.75,
    "throttle_noise": 0.0
}