{
    "blocking_state": "AgentState.NAVIGATING",
    "brake": 0.0,
    "brake_noise": 0.0,
    "current_waypoint": {
        "pitch": -1.012520670890808,
        "roll": 0.0,
        "x": -88.13276672363281,
        "y": 85.15068054199219,
        "yaw": 89.84373474121094,
        "z": 0.6275381445884705
    },
    "ego_planned_trajectory": [],
    "ego_vehicle_can_speed": 5.4578603251382285,
    "ego_vehicle_can_timestamp": "649",
    "ego_vehicle_id": 171,
    "ego_vehicle_transform": {
        "pitch": -0.5705597996711731,
        "roll": 0.00019120141223538667,
        "x": -88.13198852539062,
        "y": 85.42166137695312,
        "yaw": 89.84294128417969,
        "z": 0.6552870273590088
    },
    "ego_velocity": {
        "vx": 0.01488203089684248,
        "vy": 5.456979274749756,
        "vz": -0.09692806005477905
    },
    "hand_brake": false,
    "left_distance": 1.7496869784306486,
    "next_target_location": null,
    "other_actors": {
        "171": {
            "bounding_box": {
                "extent_x": 2.452350616455078,
                "extent_y": 1.0303291082382202,
                "extent_z": 0.7391985058784485,
                "loc_x": 0.060644909739494324,
                "loc_y": 0.0,
                "loc_z": 0.7473415732383728
            },
            "transform": {
                "pitch": -0.5705597996711731,
                "roll": 0.00019120141223538667,
                "x": -88.13198852539062,
                "y": 85.42166137695312,
                "yaw": 89.84294128417969,
                "z": 0.6552870273590088
            },
            "type": "vehicle.lincoln.mkz2017",
            "velocity": 5.456999567518031,
            "velocity_vec": {
                "vx": 0.01488203089684248,
                "vy": 5.456979274749756,
                "vz": -0.09692806005477905
            }
        },
        "173": {
            "bounding_box": {
                "extent_x": 2.073613166809082,
                "extent_y": 1.0016015768051147,
                "extent_z": 0.691210925579071,
                "loc_x": 0.0,
                "loc_y": 0.0,
                "loc_z": 0.7043752670288086
            },
            "transform": {
                "pitch": 0.05063218995928764,
                "roll": 3.899215516867116e-05,
                "x": -47.54695510864258,
                "y": 131.5447998046875,
                "yaw": 178.69850158691406,
                "z": -0.008585509844124317
            },
            "type": "vehicle.audi.tt",
            "velocity": 4.536197321059624,
            "velocity_vec": {
                "vx": -4.535027503967285,
                "vy": 0.10301297903060913,
                "vz": -3.585217882573488e-06
            }
        },
        "180": {
            "bounding_box": {
                "extent_x": 2.5996146202087402,
                "extent_y": 1.3075095415115356,
                "extent_z": 1.2384252548217773,
                "loc_x": 0.0,
                "loc_y": 0.0,
                "loc_z": 1.2300000190734863
            },
            "transform": {
                "pitch": -0.13821570575237274,
                "roll": -0.01974487118422985,
                "x": -84.52183532714844,
                "y": 126.66061401367188,
                "yaw": 90.23316192626953,
                "z": 0.04392380267381668
            },
            "type": "vehicle.carlamotors.carlacola",
            "velocity": 0.0,
            "velocity_vec": {
                "vx": 0.0,
                "vy": 0.0,
                "vz": 0.0
            }
        }
    },
    "reverse": false,
    "right_distance": 1.7509056480956062,
    "steer": 1.844401231210213e-05,
    "steer_noise": 0.0,
    "target_road_option": "RoadOption.LANEFOLLOW",
    "target_waypoint": {
        "pitch": -0.7469339966773987,
        "roll": 0.0,
        "x": -88.05536651611328,
        "y": 113.53031158447266,
        "yaw": 89.84373474121094,
        "z": 0.14425444602966309
    },
    "throttle": 0.75,
    "throttle_noise": 0.0
}