{
    "blocking_state": "AgentState.NAVIGATING",
    "brake": 0.0,
    "brake_noise": 0.0,
    "current_waypoint": {
        "pitch": -1.012520670890808,
        "roll": 0.0,
        "x": -88.13813781738281,
        "y": 83.1802978515625,
        "yaw": 89.84373474121094,
        "z": 0.6623585224151611
    },
    "ego_planned_trajectory": [],
    "ego_vehicle_can_speed": 4.5718402243342116,
    "ego_vehicle_can_timestamp": "641",
    "ego_vehicle_id": 171,
    "ego_vehicle_transform": {
        "pitch": -0.4087253212928772,
        "roll": 0.00036787905264645815,
        "x": -88.13748931884766,
        "y": 83.406494140625,
        "yaw": 89.84253692626953,
        "z": 0.6881986856460571
    },
    "ego_velocity": {
        "vx": 0.01249641366302967,
        "vy": 4.571111679077148,
        "vz": -0.08065292239189148
    },
    "hand_brake": false,
    "left_distance": 1.7496939727440641,
    "next_target_location": null,
    "other_actors": {
        "171": {
            "bounding_box": {
                "extent_x": 2.452350616455078,
                "extent_y": 1.0303291082382202,
                "extent_z": 0.7391985058784485,
                "loc_x": 0.060644909739494324,
                "loc_y": 0.0,
                "loc_z": 0.7473415732383728
            },
            "transform": {
                "pitch": -0.4087253212928772,
                "roll": 0.00036787905264645815,
                "x": -88.13748931884766,
                "y": 83.406494140625,
                "yaw": 89.84253692626953,
                "z": 0.6881986856460571
            },
            "type": "vehicle.lincoln.mkz2017",
            "velocity": 4.571128760268074,
            "velocity_vec": {
                "vx": 0.01249641366302967,
                "vy": 4.571111679077148,
                "vz": -0.08065292239189148
            }
        },
        "173": {
            "bounding_box": {
                "extent_x": 2.073613166809082,
                "extent_y": 1.0016015768051147,
                "extent_z": 0.691210925579071,
                "loc_x": 0.0,
                "loc_y": 0.0,
                "loc_z": 0.7043752670288086
            },
            "transform": {
                "pitch": -0.01413166057318449,
                "roll": -3.0517576306010596e-05,
                "x": -46.12610626220703,
                "y": 131.51255798339844,
                "yaw": 178.7002716064453,
                "z": -0.00800277665257454
            },
            "type": "vehicle.audi.tt",
            "velocity": 2.5330185968744177,
            "velocity_vec": {
                "vx": -2.532366991043091,
                "vy": 0.05745115131139755,
                "vz": -6.102498559812375e-07
            }
        },
        "180": {
            "bounding_box": {
                "extent_x": 2.5996146202087402,
                "extent_y": 1.3075095415115356,
                "extent_z": 1.2384252548217773,
                "loc_x": 0.0,
                "loc_y": 0.0,
                "loc_z": 1.2300000190734863
            },
            "transform": {
                "pitch": -0.13821570575237274,
                "roll": -0.01974487118422985,
                "x": -84.52183532714844,
                "y": 126.66061401367188,
                "yaw": 90.23316192626953,
                "z": 0.04392380267381668
            },
            "type": "vehicle.carlamotors.carlacola",
            "velocity": 0.0,
            "velocity_vec": {
                "vx": 0.0,
                "vy": 0.0,
                "vz": 0.0
            }
        }
    },
    "reverse": false,
    "right_distance": 1.7508043775280726,
    "steer": 2.140819196938537e-05,
    "steer_noise": 0.0,
    "target_road_option": "RoadOption.LANEFOLLOW",
    "target_waypoint": {
        "pitch": -0.7469339966773987,
        "roll": 0.0,
        "x": -88.05536651611328,
        "y": 113.53031158447266,
        "yaw": 89.84373474121094,
        "z": 0.14425444602966309
    },
    "throttle": 0.75,
    "throttle_noise": 0.0
}