{
    "blocking_state": "AgentState.NAVIGATING",
    "brake": 0.0,
    "brake_noise": 0.0,
    "current_waypoint": {
        "pitch": -1.012520670890808,
        "roll": 0.0,
        "x": -88.13349151611328,
        "y": 84.88496398925781,
        "yaw": 89.84373474121094,
        "z": 0.632233738899231
    },
    "ego_planned_trajectory": [],
    "ego_vehicle_can_speed": 5.353035240393304,
    "ego_vehicle_can_timestamp": "648",
    "ego_vehicle_id": 171,
    "ego_vehicle_transform": {
        "pitch": -0.5591738820075989,
        "roll": 0.00019549678836483508,
        "x": -88.13272094726562,
        "y": 85.15067291259766,
        "yaw": 89.8428726196289,
        "z": 0.6599583029747009
    },
    "ego_velocity": {
        "vx": 0.01458790060132742,
        "vy": 5.352194309234619,
        "vz": -0.09375262260437012
    },
    "hand_brake": false,
    "left_distance": 1.7496800995913158,
    "next_target_location": null,
    "other_actors": {
        "171": {
            "bounding_box": {
                "extent_x": 2.452350616455078,
                "extent_y": 1.0303291082382202,
                "extent_z": 0.7391985058784485,
                "loc_x": 0.060644909739494324,
                "loc_y": 0.0,
                "loc_z": 0.7473415732383728
            },
            "transform": {
                "pitch": -0.5591738820075989,
                "roll": 0.00019549678836483508,
                "x": -88.13272094726562,
                "y": 85.15067291259766,
                "yaw": 89.8428726196289,
                "z": 0.6599583029747009
            },
            "type": "vehicle.lincoln.mkz2017",
            "velocity": 5.352214189533842,
            "velocity_vec": {
                "vx": 0.01458790060132742,
                "vy": 5.352194309234619,
                "vz": -0.09375262260437012
            }
        },
        "173": {
            "bounding_box": {
                "extent_x": 2.073613166809082,
                "extent_y": 1.0016015768051147,
                "extent_z": 0.691210925579071,
                "loc_x": 0.0,
                "loc_y": 0.0,
                "loc_z": 0.7043752670288086
            },
            "transform": {
                "pitch": 0.04555736109614372,
                "roll": 3.3080817956943065e-05,
                "x": -47.32451248168945,
                "y": 131.5397491455078,
                "yaw": 178.6987762451172,
                "z": -0.008539848029613495
            },
            "type": "vehicle.audi.tt",
            "velocity": 4.275564856613764,
            "velocity_vec": {
                "vx": -4.274462699890137,
                "vy": 0.09707456082105637,
                "vz": -9.7258566711389e-07
            }
        },
        "180": {
            "bounding_box": {
                "extent_x": 2.5996146202087402,
                "extent_y": 1.3075095415115356,
                "extent_z": 1.2384252548217773,
                "loc_x": 0.0,
                "loc_y": 0.0,
                "loc_z": 1.2300000190734863
            },
            "transform": {
                "pitch": -0.13821570575237274,
                "roll": -0.01974487118422985,
                "x": -84.52183532714844,
                "y": 126.66061401367188,
                "yaw": 90.23316192626953,
                "z": 0.04392380267381668
            },
            "type": "vehicle.carlamotors.carlacola",
            "velocity": 0.0,
            "velocity_vec": {
                "vx": 0.0,
                "vy": 0.0,
                "vz": 0.0
            }
        }
    },
    "reverse": false,
    "right_distance": 1.7509083784948978,
    "steer": 2.4917493647080846e-05,
    "steer_noise": 0.0,
    "target_road_option": "RoadOption.LANEFOLLOW",
    "target_waypoint": {
        "pitch": -0.7469339966773987,
        "roll": 0.0,
        "x": -88.05536651611328,
        "y": 113.53031158447266,
        "yaw": 89.84373474121094,
        "z": 0.14425444602966309
    },
    "throttle": 0.75,
    "throttle_noise": 0.0
}