{
    "blocking_state": "AgentState.NAVIGATING",
    "brake": 0.0,
    "brake_noise": 0.0,
    "current_waypoint": {
        "pitch": -1.012520670890808,
        "roll": 0.0,
        "x": -88.13623809814453,
        "y": 83.87664031982422,
        "yaw": 89.84373474121094,
        "z": 0.6500527262687683
    },
    "ego_planned_trajectory": [],
    "ego_vehicle_can_speed": 4.917806698495913,
    "ego_vehicle_can_timestamp": "644",
    "ego_vehicle_id": 171,
    "ego_vehicle_transform": {
        "pitch": -0.49066710472106934,
        "roll": 0.00027287070406600833,
        "x": -88.13553619384766,
        "y": 84.12036895751953,
        "yaw": 89.8426742553711,
        "z": 0.6764858961105347
    },
    "ego_velocity": {
        "vx": 0.013418921269476414,
        "vy": 4.917021751403809,
        "vz": -0.08683174848556519
    },
    "hand_brake": false,
    "left_distance": 1.7496881103499575,
    "next_target_location": null,
    "other_actors": {
        "171": {
            "bounding_box": {
                "extent_x": 2.452350616455078,
                "extent_y": 1.0303291082382202,
                "extent_z": 0.7391985058784485,
                "loc_x": 0.060644909739494324,
                "loc_y": 0.0,
                "loc_z": 0.7473415732383728
            },
            "transform": {
                "pitch": -0.49066710472106934,
                "roll": 0.00027287070406600833,
                "x": -88.13553619384766,
                "y": 84.12036895751953,
                "yaw": 89.8426742553711,
                "z": 0.6764858961105347
            },
            "type": "vehicle.lincoln.mkz2017",
            "velocity": 4.9170400619911785,
            "velocity_vec": {
                "vx": 0.013418921269476414,
                "vy": 4.917021751403809,
                "vz": -0.08683174848556519
            }
        },
        "173": {
            "bounding_box": {
                "extent_x": 2.073613166809082,
                "extent_y": 1.0016015768051147,
                "extent_z": 0.691210925579071,
                "loc_x": 0.0,
                "loc_y": 0.0,
                "loc_z": 0.7043752670288086
            },
            "transform": {
                "pitch": 0.015033245086669922,
                "roll": 1.7847747724175633e-09,
                "x": -46.56447219848633,
                "y": 131.5225067138672,
                "yaw": 178.6997528076172,
                "z": -0.008265075273811817
            },
            "type": "vehicle.audi.tt",
            "velocity": 3.246104454631705,
            "velocity_vec": {
                "vx": -3.2452688217163086,
                "vy": 0.07365056127309799,
                "vz": -1.9070306223056832e-07
            }
        },
        "180": {
            "bounding_box": {
                "extent_x": 2.5996146202087402,
                "extent_y": 1.3075095415115356,
                "extent_z": 1.2384252548217773,
                "loc_x": 0.0,
                "loc_y": 0.0,
                "loc_z": 1.2300000190734863
            },
            "transform": {
                "pitch": -0.13821570575237274,
                "roll": -0.01974487118422985,
                "x": -84.52183532714844,
                "y": 126.66061401367188,
                "yaw": 90.23316192626953,
                "z": 0.04392380267381668
            },
            "type": "vehicle.carlamotors.carlacola",
            "velocity": 0.0,
            "velocity_vec": {
                "vx": 0.0,
                "vy": 0.0,
                "vz": 0.0
            }
        }
    },
    "reverse": false,
    "right_distance": 1.7508408169547567,
    "steer": 2.510474223527126e-05,
    "steer_noise": 0.0,
    "target_road_option": "RoadOption.LANEFOLLOW",
    "target_waypoint": {
        "pitch": -0.7469339966773987,
        "roll": 0.0,
        "x": -88.05536651611328,
        "y": 113.53031158447266,
        "yaw": 89.84373474121094,
        "z": 0.14425444602966309
    },
    "throttle": 0.75,
    "throttle_noise": 0.0
}