{
    "blocking_state": "AgentState.NAVIGATING",
    "brake": 0.0,
    "brake_noise": 0.0,
    "current_waypoint": {
        "pitch": -1.012520670890808,
        "roll": 0.0,
        "x": -88.13420104980469,
        "y": 84.62461853027344,
        "yaw": 89.84373474121094,
        "z": 0.6368346214294434
    },
    "ego_planned_trajectory": [],
    "ego_vehicle_can_speed": 5.246911890213014,
    "ego_vehicle_can_timestamp": "647",
    "ego_vehicle_id": 171,
    "ego_vehicle_transform": {
        "pitch": -0.5458686947822571,
        "roll": 0.00022604683181270957,
        "x": -88.13345336914062,
        "y": 84.88495635986328,
        "yaw": 89.84281921386719,
        "z": 0.6644285321235657
    },
    "ego_velocity": {
        "vx": 0.014321297407150269,
        "vy": 5.246135711669922,
        "vz": -0.08910319209098816
    },
    "hand_brake": false,
    "left_distance": 1.7496881351876314,
    "next_target_location": null,
    "other_actors": {
        "171": {
            "bounding_box": {
                "extent_x": 2.452350616455078,
                "extent_y": 1.0303291082382202,
                "extent_z": 0.7391985058784485,
                "loc_x": 0.060644909739494324,
                "loc_y": 0.0,
                "loc_z": 0.7473415732383728
            },
            "transform": {
                "pitch": -0.5458686947822571,
                "roll": 0.00022604683181270957,
                "x": -88.13345336914062,
                "y": 84.88495635986328,
                "yaw": 89.84281921386719,
                "z": 0.6644285321235657
            },
            "type": "vehicle.lincoln.mkz2017",
            "velocity": 5.246155259313043,
            "velocity_vec": {
                "vx": 0.014321297407150269,
                "vy": 5.246135711669922,
                "vz": -0.08910319209098816
            }
        },
        "173": {
            "bounding_box": {
                "extent_x": 2.073613166809082,
                "extent_y": 1.0016015768051147,
                "extent_z": 0.691210925579071,
                "loc_x": 0.0,
                "loc_y": 0.0,
                "loc_z": 0.7043752670288086
            },
            "transform": {
                "pitch": 0.03946483135223389,
                "roll": 2.5234947315766476e-05,
                "x": -47.11509323120117,
                "y": 131.53500366210938,
                "yaw": 178.6990203857422,
                "z": -0.008484954945743084
            },
            "type": "vehicle.audi.tt",
            "velocity": 4.014957271557718,
            "velocity_vec": {
                "vx": -4.013922691345215,
                "vy": 0.09114011377096176,
                "vz": -1.659116833252483e-06
            }
        },
        "180": {
            "bounding_box": {
                "extent_x": 2.5996146202087402,
                "extent_y": 1.3075095415115356,
                "extent_z": 1.2384252548217773,
                "loc_x": 0.0,
                "loc_y": 0.0,
                "loc_z": 1.2300000190734863
            },
            "transform": {
                "pitch": -0.13821570575237274,
                "roll": -0.01974487118422985,
                "x": -84.52183532714844,
                "y": 126.66061401367188,
                "yaw": 90.23316192626953,
                "z": 0.04392380267381668
            },
            "type": "vehicle.carlamotors.carlacola",
            "velocity": 0.0,
            "velocity_vec": {
                "vx": 0.0,
                "vy": 0.0,
                "vz": 0.0
            }
        }
    },
    "reverse": false,
    "right_distance": 1.7508922561790237,
    "steer": 1.8066606571665034e-05,
    "steer_noise": 0.0,
    "target_road_option": "RoadOption.LANEFOLLOW",
    "target_waypoint": {
        "pitch": -0.7469339966773987,
        "roll": 0.0,
        "x": -88.05536651611328,
        "y": 113.53031158447266,
        "yaw": 89.84373474121094,
        "z": 0.14425444602966309
    },
    "throttle": 0.75,
    "throttle_noise": 0.0
}