{
    "blocking_state": "AgentState.NAVIGATING",
    "brake": 0.0,
    "brake_noise": 0.0,
    "current_waypoint": {
        "pitch": -1.012520670890808,
        "roll": 0.0,
        "x": -88.13874053955078,
        "y": 82.9601821899414,
        "yaw": 89.84373474121094,
        "z": 0.6662482619285583
    },
    "ego_planned_trajectory": [],
    "ego_vehicle_can_speed": 4.452035234712201,
    "ego_vehicle_can_timestamp": "640",
    "ego_vehicle_id": 171,
    "ego_vehicle_transform": {
        "pitch": -0.3727097511291504,
        "roll": 0.00040505744982510805,
        "x": -88.13810729980469,
        "y": 83.18029022216797,
        "yaw": 89.8425064086914,
        "z": 0.6917983293533325
    },
    "ego_velocity": {
        "vx": 0.012175874784588814,
        "vy": 4.451326370239258,
        "vz": -0.07850493490695953
    },
    "hand_brake": false,
    "left_distance": 1.7496929190747657,
    "next_target_location": null,
    "other_actors": {
        "171": {
            "bounding_box": {
                "extent_x": 2.452350616455078,
                "extent_y": 1.0303291082382202,
                "extent_z": 0.7391985058784485,
                "loc_x": 0.060644909739494324,
                "loc_y": 0.0,
                "loc_z": 0.7473415732383728
            },
            "transform": {
                "pitch": -0.3727097511291504,
                "roll": 0.00040505744982510805,
                "x": -88.13810729980469,
                "y": 83.18029022216797,
                "yaw": 89.8425064086914,
                "z": 0.6917983293533325
            },
            "type": "vehicle.lincoln.mkz2017",
            "velocity": 4.4513430227644974,
            "velocity_vec": {
                "vx": 0.012175874784588814,
                "vy": 4.451326370239258,
                "vz": -0.07850493490695953
            }
        },
        "173": {
            "bounding_box": {
                "extent_x": 2.073613166809082,
                "extent_y": 1.0016015768051147,
                "extent_z": 0.691210925579071,
                "loc_x": 0.0,
                "loc_y": 0.0,
                "loc_z": 0.7043752670288086
            },
            "transform": {
                "pitch": -0.021638037636876106,
                "roll": -3.051756357308477e-05,
                "x": -46.00300216674805,
                "y": 131.509765625,
                "yaw": 178.70040893554688,
                "z": -0.007934989407658577
            },
            "type": "vehicle.audi.tt",
            "velocity": 2.3242851355737892,
            "velocity_vec": {
                "vx": -2.3236873149871826,
                "vy": 0.05271293595433235,
                "vz": -1.9070306223056832e-07
            }
        },
        "180": {
            "bounding_box": {
                "extent_x": 2.5996146202087402,
                "extent_y": 1.3075095415115356,
                "extent_z": 1.2384252548217773,
                "loc_x": 0.0,
                "loc_y": 0.0,
                "loc_z": 1.2300000190734863
            },
            "transform": {
                "pitch": -0.13821570575237274,
                "roll": -0.01974487118422985,
                "x": -84.52183532714844,
                "y": 126.66061401367188,
                "yaw": 90.23316192626953,
                "z": 0.04392380267381668
            },
            "type": "vehicle.carlamotors.carlacola",
            "velocity": 0.0,
            "velocity_vec": {
                "vx": 0.0,
                "vy": 0.0,
                "vz": 0.0
            }
        }
    },
    "reverse": false,
    "right_distance": 1.7507921924959073,
    "steer": 1.9826688003377058e-05,
    "steer_noise": 0.0,
    "target_road_option": "RoadOption.LANEFOLLOW",
    "target_waypoint": {
        "pitch": -0.7469339966773987,
        "roll": 0.0,
        "x": -88.05536651611328,
        "y": 113.53031158447266,
        "yaw": 89.84373474121094,
        "z": 0.14425444602966309
    },
    "throttle": 0.75,
    "throttle_noise": 0.0
}