{
    "blocking_state": "AgentState.NAVIGATING",
    "brake": 0.0,
    "brake_noise": 0.0,
    "current_waypoint": {
        "pitch": -1.012520670890808,
        "roll": 0.0,
        "x": -88.1259765625,
        "y": 87.64126586914062,
        "yaw": 89.84373474121094,
        "z": 0.583524763584137
    },
    "ego_planned_trajectory": [],
    "ego_vehicle_can_speed": 5.383403358574585,
    "ego_vehicle_can_timestamp": "658",
    "ego_vehicle_id": 171,
    "ego_vehicle_transform": {
        "pitch": -1.0159974098205566,
        "roll": -3.052720785490237e-05,
        "x": -88.12520599365234,
        "y": 87.91173553466797,
        "yaw": 89.84341430664062,
        "z": 0.615789532661438
    },
    "ego_velocity": {
        "vx": 0.014672859571874142,
        "vy": 5.382536888122559,
        "vz": -0.09546243399381638
    },
    "hand_brake": false,
    "left_distance": 1.7497030328519831,
    "next_target_location": null,
    "other_actors": {
        "171": {
            "bounding_box": {
                "extent_x": 2.452350616455078,
                "extent_y": 1.0303291082382202,
                "extent_z": 0.7391985058784485,
                "loc_x": 0.060644909739494324,
                "loc_y": 0.0,
                "loc_z": 0.7473415732383728
            },
            "transform": {
                "pitch": -1.0159974098205566,
                "roll": -3.052720785490237e-05,
                "x": -88.12520599365234,
                "y": 87.91173553466797,
                "yaw": 89.84341430664062,
                "z": 0.615789532661438
            },
            "type": "vehicle.lincoln.mkz2017",
            "velocity": 5.382556887280254,
            "velocity_vec": {
                "vx": 0.014672859571874142,
                "vy": 5.382536888122559,
                "vz": -0.09546243399381638
            }
        },
        "173": {
            "bounding_box": {
                "extent_x": 2.073613166809082,
                "extent_y": 1.0016015768051147,
                "extent_z": 0.691210925579071,
                "loc_x": 0.0,
                "loc_y": 0.0,
                "loc_z": 0.7043752670288086
            },
            "transform": {
                "pitch": -0.005033849272876978,
                "roll": 6.214663244463736e-06,
                "x": -49.66728591918945,
                "y": 131.5929718017578,
                "yaw": 178.69857788085938,
                "z": -0.00819805171340704
            },
            "type": "vehicle.audi.tt",
            "velocity": 4.085993714889082,
            "velocity_vec": {
                "vx": -4.084939479827881,
                "vy": 0.09281209111213684,
                "vz": -0.0008201567106880248
            }
        },
        "180": {
            "bounding_box": {
                "extent_x": 2.5996146202087402,
                "extent_y": 1.3075095415115356,
                "extent_z": 1.2384252548217773,
                "loc_x": 0.0,
                "loc_y": 0.0,
                "loc_z": 1.2300000190734863
            },
            "transform": {
                "pitch": -0.13821570575237274,
                "roll": -0.01974487118422985,
                "x": -84.52183532714844,
                "y": 126.66061401367188,
                "yaw": 90.23316192626953,
                "z": 0.04392380267381668
            },
            "type": "vehicle.carlamotors.carlacola",
            "velocity": 0.0,
            "velocity_vec": {
                "vx": 0.0,
                "vy": 0.0,
                "vz": 0.0
            }
        }
    },
    "reverse": false,
    "right_distance": 1.7510670446180523,
    "steer": 1.4687947441416327e-05,
    "steer_noise": 0.0,
    "target_road_option": "RoadOption.LANEFOLLOW",
    "target_waypoint": {
        "pitch": -0.7469339966773987,
        "roll": 0.0,
        "x": -88.05536651611328,
        "y": 113.53031158447266,
        "yaw": 89.84373474121094,
        "z": 0.14425444602966309
    },
    "throttle": 0.6188956499099731,
    "throttle_noise": 0.0
}