{
    "blocking_state": "AgentState.NAVIGATING",
    "brake": 0.0,
    "brake_noise": 0.0,
    "current_waypoint": {
        "pitch": -1.012520670890808,
        "roll": 0.0,
        "x": -88.13050842285156,
        "y": 85.97897338867188,
        "yaw": 89.84373474121094,
        "z": 0.6129006147384644
    },
    "ego_planned_trajectory": [],
    "ego_vehicle_can_speed": 5.711597432010494,
    "ego_vehicle_can_timestamp": "652",
    "ego_vehicle_id": 171,
    "ego_vehicle_transform": {
        "pitch": -0.6086108088493347,
        "roll": 8.829050784697756e-05,
        "x": -88.12970733642578,
        "y": 86.2635726928711,
        "yaw": 89.8429183959961,
        "z": 0.64066082239151
    },
    "ego_velocity": {
        "vx": 0.015416773967444897,
        "vy": 5.710664749145508,
        "vz": -0.10205719619989395
    },
    "hand_brake": false,
    "left_distance": 1.7497015693122766,
    "next_target_location": null,
    "other_actors": {
        "171": {
            "bounding_box": {
                "extent_x": 2.452350616455078,
                "extent_y": 1.0303291082382202,
                "extent_z": 0.7391985058784485,
                "loc_x": 0.060644909739494324,
                "loc_y": 0.0,
                "loc_z": 0.7473415732383728
            },
            "transform": {
                "pitch": -0.6086108088493347,
                "roll": 8.829050784697756e-05,
                "x": -88.12970733642578,
                "y": 86.2635726928711,
                "yaw": 89.8429183959961,
                "z": 0.64066082239151
            },
            "type": "vehicle.lincoln.mkz2017",
            "velocity": 5.71068555902465,
            "velocity_vec": {
                "vx": 0.015416773967444897,
                "vy": 5.710664749145508,
                "vz": -0.10205719619989395
            }
        },
        "173": {
            "bounding_box": {
                "extent_x": 2.073613166809082,
                "extent_y": 1.0016015768051147,
                "extent_z": 0.691210925579071,
                "loc_x": 0.0,
                "loc_y": 0.0,
                "loc_z": 0.7043752670288086
            },
            "transform": {
                "pitch": 0.0566154345870018,
                "roll": 5.391881859395653e-05,
                "x": -48.28076171875,
                "y": 131.5614471435547,
                "yaw": 178.69772338867188,
                "z": -0.00819599162787199
            },
            "type": "vehicle.audi.tt",
            "velocity": 5.083881868233469,
            "velocity_vec": {
                "vx": -5.082569122314453,
                "vy": 0.11552474647760391,
                "vz": 0.011651729233562946
            }
        },
        "180": {
            "bounding_box": {
                "extent_x": 2.5996146202087402,
                "extent_y": 1.3075095415115356,
                "extent_z": 1.2384252548217773,
                "loc_x": 0.0,
                "loc_y": 0.0,
                "loc_z": 1.2300000190734863
            },
            "transform": {
                "pitch": -0.13821570575237274,
                "roll": -0.01974487118422985,
                "x": -84.52183532714844,
                "y": 126.66061401367188,
                "yaw": 90.23316192626953,
                "z": 0.04392380267381668
            },
            "type": "vehicle.carlamotors.carlacola",
            "velocity": 0.0,
            "velocity_vec": {
                "vx": 0.0,
                "vy": 0.0,
                "vz": 0.0
            }
        }
    },
    "reverse": false,
    "right_distance": 1.7508998654494232,
    "steer": 8.496109512634575e-05,
    "steer_noise": 0.0,
    "target_road_option": "RoadOption.LANEFOLLOW",
    "target_waypoint": {
        "pitch": -0.7469339966773987,
        "roll": 0.0,
        "x": -88.05536651611328,
        "y": 113.53031158447266,
        "yaw": 89.84373474121094,
        "z": 0.14425444602966309
    },
    "throttle": 0.02482992596924305,
    "throttle_noise": 0.0
}