{
    "blocking_state": "AgentState.NAVIGATING",
    "brake": 0.0,
    "brake_noise": 0.0,
    "current_waypoint": {
        "pitch": -1.012520670890808,
        "roll": 0.0,
        "x": -88.12523651123047,
        "y": 87.9117431640625,
        "yaw": 89.84373474121094,
        "z": 0.5787449479103088
    },
    "ego_planned_trajectory": [],
    "ego_vehicle_can_speed": 5.495558475207027,
    "ego_vehicle_can_timestamp": "659",
    "ego_vehicle_id": 171,
    "ego_vehicle_transform": {
        "pitch": -1.0265432596206665,
        "roll": 0.00012984778732061386,
        "x": -88.12445068359375,
        "y": 88.18450164794922,
        "yaw": 89.84329986572266,
        "z": 0.611070454120636
    },
    "ego_velocity": {
        "vx": 0.015177060849964619,
        "vy": 5.4946746826171875,
        "vz": -0.09737937897443771
    },
    "hand_brake": false,
    "left_distance": 1.7496943611684637,
    "next_target_location": null,
    "other_actors": {
        "171": {
            "bounding_box": {
                "extent_x": 2.452350616455078,
                "extent_y": 1.0303291082382202,
                "extent_z": 0.7391985058784485,
                "loc_x": 0.060644909739494324,
                "loc_y": 0.0,
                "loc_z": 0.7473415732383728
            },
            "transform": {
                "pitch": -1.0265432596206665,
                "roll": 0.00012984778732061386,
                "x": -88.12445068359375,
                "y": 88.18450164794922,
                "yaw": 89.84329986572266,
                "z": 0.611070454120636
            },
            "type": "vehicle.lincoln.mkz2017",
            "velocity": 5.494695643160805,
            "velocity_vec": {
                "vx": 0.015177060849964619,
                "vy": 5.4946746826171875,
                "vz": -0.09737937897443771
            }
        },
        "173": {
            "bounding_box": {
                "extent_x": 2.073613166809082,
                "extent_y": 1.0016015768051147,
                "extent_z": 0.691210925579071,
                "loc_x": 0.0,
                "loc_y": 0.0,
                "loc_z": 0.7043752670288086
            },
            "transform": {
                "pitch": -0.012758792378008366,
                "roll": 0.0,
                "x": -49.867713928222656,
                "y": 131.59751892089844,
                "yaw": 178.69869995117188,
                "z": -0.008147811517119408
            },
            "type": "vehicle.audi.tt",
            "velocity": 3.9801025283425,
            "velocity_vec": {
                "vx": -3.9790759086608887,
                "vy": 0.09039385616779327,
                "vz": -0.00020504393614828587
            }
        },
        "180": {
            "bounding_box": {
                "extent_x": 2.5996146202087402,
                "extent_y": 1.3075095415115356,
                "extent_z": 1.2384252548217773,
                "loc_x": 0.0,
                "loc_y": 0.0,
                "loc_z": 1.2300000190734863
            },
            "transform": {
                "pitch": -0.13821570575237274,
                "roll": -0.01974487118422985,
                "x": -84.52183532714844,
                "y": 126.66061401367188,
                "yaw": 90.23316192626953,
                "z": 0.04392380267381668
            },
            "type": "vehicle.carlamotors.carlacola",
            "velocity": 0.0,
            "velocity_vec": {
                "vx": 0.0,
                "vy": 0.0,
                "vz": 0.0
            }
        }
    },
    "reverse": false,
    "right_distance": 1.7510798151317066,
    "steer": -5.632247484754771e-05,
    "steer_noise": 0.0,
    "target_road_option": "RoadOption.LANEFOLLOW",
    "target_waypoint": {
        "pitch": -0.7469339966773987,
        "roll": 0.0,
        "x": -88.05536651611328,
        "y": 113.53031158447266,
        "yaw": 89.84373474121094,
        "z": 0.14425444602966309
    },
    "throttle": 0.25220856070518494,
    "throttle_noise": 0.0
}