{
    "blocking_state": "AgentState.NAVIGATING",
    "brake": 0.30000001192092896,
    "brake_noise": 0.0,
    "current_waypoint": {
        "pitch": -1.012520670890808,
        "roll": 0.0,
        "x": -88.1281967163086,
        "y": 86.82565307617188,
        "yaw": 89.84373474121094,
        "z": 0.5979381203651428
    },
    "ego_planned_trajectory": [],
    "ego_vehicle_can_speed": 5.525666374333482,
    "ego_vehicle_can_timestamp": "655",
    "ego_vehicle_id": 171,
    "ego_vehicle_transform": {
        "pitch": -0.8343827128410339,
        "roll": 0.000223472248762846,
        "x": -88.12742614746094,
        "y": 87.1002197265625,
        "yaw": 89.84317016601562,
        "z": 0.6282098889350891
    },
    "ego_velocity": {
        "vx": 0.015123320743441582,
        "vy": 5.5247721672058105,
        "vz": -0.09824798256158829
    },
    "hand_brake": false,
    "left_distance": 1.7497085983832723,
    "next_target_location": null,
    "other_actors": {
        "171": {
            "bounding_box": {
                "extent_x": 2.452350616455078,
                "extent_y": 1.0303291082382202,
                "extent_z": 0.7391985058784485,
                "loc_x": 0.060644909739494324,
                "loc_y": 0.0,
                "loc_z": 0.7473415732383728
            },
            "transform": {
                "pitch": -0.8343827128410339,
                "roll": 0.000223472248762846,
                "x": -88.12742614746094,
                "y": 87.1002197265625,
                "yaw": 89.84317016601562,
                "z": 0.6282098889350891
            },
            "type": "vehicle.lincoln.mkz2017",
            "velocity": 5.524792866195284,
            "velocity_vec": {
                "vx": 0.015123320743441582,
                "vy": 5.5247721672058105,
                "vz": -0.09824798256158829
            }
        },
        "173": {
            "bounding_box": {
                "extent_x": 2.073613166809082,
                "extent_y": 1.0016015768051147,
                "extent_z": 0.691210925579071,
                "loc_x": 0.0,
                "loc_y": 0.0,
                "loc_z": 0.7043752670288086
            },
            "transform": {
                "pitch": 0.03157596290111542,
                "roll": 4.0890077798394486e-05,
                "x": -49.019691467285156,
                "y": 131.57826232910156,
                "yaw": 178.69793701171875,
                "z": -0.008119850419461727
            },
            "type": "vehicle.audi.tt",
            "velocity": 4.686313218562763,
            "velocity_vec": {
                "vx": -4.685102939605713,
                "vy": 0.10649895668029785,
                "vz": -0.006666827015578747
            }
        },
        "180": {
            "bounding_box": {
                "extent_x": 2.5996146202087402,
                "extent_y": 1.3075095415115356,
                "extent_z": 1.2384252548217773,
                "loc_x": 0.0,
                "loc_y": 0.0,
                "loc_z": 1.2300000190734863
            },
            "transform": {
                "pitch": -0.13821570575237274,
                "roll": -0.01974487118422985,
                "x": -84.52183532714844,
                "y": 126.66061401367188,
                "yaw": 90.23316192626953,
                "z": 0.04392380267381668
            },
            "type": "vehicle.carlamotors.carlacola",
            "velocity": 0.0,
            "velocity_vec": {
                "vx": 0.0,
                "vy": 0.0,
                "vz": 0.0
            }
        }
    },
    "reverse": false,
    "right_distance": 1.750982889412621,
    "steer": 8.479016287310515e-06,
    "steer_noise": 0.0,
    "target_road_option": "RoadOption.LANEFOLLOW",
    "target_waypoint": {
        "pitch": -0.7469339966773987,
        "roll": 0.0,
        "x": -88.05536651611328,
        "y": 113.53031158447266,
        "yaw": 89.84373474121094,
        "z": 0.14425444602966309
    },
    "throttle": 0.0,
    "throttle_noise": 0.0
}