{
    "blocking_state": "AgentState.NAVIGATING",
    "brake": 0.0,
    "brake_noise": 0.0,
    "current_waypoint": {
        "pitch": -1.012520670890808,
        "roll": 0.0,
        "x": -88.12744903564453,
        "y": 87.1002197265625,
        "yaw": 89.84373474121094,
        "z": 0.5930860042572021
    },
    "ego_planned_trajectory": [],
    "ego_vehicle_can_speed": 5.38482168616255,
    "ego_vehicle_can_timestamp": "656",
    "ego_vehicle_id": 171,
    "ego_vehicle_transform": {
        "pitch": -0.9299575090408325,
        "roll": 0.00012119844905100763,
        "x": -88.1266860961914,
        "y": 87.36935424804688,
        "yaw": 89.84325408935547,
        "z": 0.6244722604751587
    },
    "ego_velocity": {
        "vx": 0.01470951084047556,
        "vy": 5.3839521408081055,
        "vz": -0.09564291685819626
    },
    "hand_brake": false,
    "left_distance": 1.7497040943407982,
    "next_target_location": null,
    "other_actors": {
        "171": {
            "bounding_box": {
                "extent_x": 2.452350616455078,
                "extent_y": 1.0303291082382202,
                "extent_z": 0.7391985058784485,
                "loc_x": 0.060644909739494324,
                "loc_y": 0.0,
                "loc_z": 0.7473415732383728
            },
            "transform": {
                "pitch": -0.9299575090408325,
                "roll": 0.00012119844905100763,
                "x": -88.1266860961914,
                "y": 87.36935424804688,
                "yaw": 89.84325408935547,
                "z": 0.6244722604751587
            },
            "type": "vehicle.lincoln.mkz2017",
            "velocity": 5.383972234718651,
            "velocity_vec": {
                "vx": 0.01470951084047556,
                "vy": 5.3839521408081055,
                "vz": -0.09564291685819626
            }
        },
        "173": {
            "bounding_box": {
                "extent_x": 2.073613166809082,
                "extent_y": 1.0016015768051147,
                "extent_z": 0.691210925579071,
                "loc_x": 0.0,
                "loc_y": 0.0,
                "loc_z": 0.7043752670288086
            },
            "transform": {
                "pitch": 0.01836637780070305,
                "roll": 2.9654891477548517e-05,
                "x": -49.245731353759766,
                "y": 131.58338928222656,
                "yaw": 178.69818115234375,
                "z": -0.008230209350585938
            },
            "type": "vehicle.audi.tt",
            "velocity": 4.438884511747932,
            "velocity_vec": {
                "vx": -4.437738418579102,
                "vy": 0.10086345672607422,
                "vz": -0.0037045502103865147
            }
        },
        "180": {
            "bounding_box": {
                "extent_x": 2.5996146202087402,
                "extent_y": 1.3075095415115356,
                "extent_z": 1.2384252548217773,
                "loc_x": 0.0,
                "loc_y": 0.0,
                "loc_z": 1.2300000190734863
            },
            "transform": {
                "pitch": -0.13821570575237274,
                "roll": -0.01974487118422985,
                "x": -84.52183532714844,
                "y": 126.66061401367188,
                "yaw": 90.23316192626953,
                "z": 0.04392380267381668
            },
            "type": "vehicle.carlamotors.carlacola",
            "velocity": 0.0,
            "velocity_vec": {
                "vx": 0.0,
                "vy": 0.0,
                "vz": 0.0
            }
        }
    },
    "reverse": false,
    "right_distance": 1.7510286902416339,
    "steer": 1.3897139979235362e-05,
    "steer_noise": 0.0,
    "target_road_option": "RoadOption.LANEFOLLOW",
    "target_waypoint": {
        "pitch": -0.7469339966773987,
        "roll": 0.0,
        "x": -88.05536651611328,
        "y": 113.53031158447266,
        "yaw": 89.84373474121094,
        "z": 0.14425444602966309
    },
    "throttle": 0.21335910260677338,
    "throttle_noise": 0.0
}