{
    "blocking_state": "AgentState.NAVIGATING",
    "brake": 0.0,
    "brake_noise": 0.0,
    "current_waypoint": {
        "pitch": -1.012520670890808,
        "roll": 0.0,
        "x": -88.13202667236328,
        "y": 85.42166900634766,
        "yaw": 89.84373474121094,
        "z": 0.6227492094039917
    },
    "ego_planned_trajectory": [],
    "ego_vehicle_can_speed": 5.560622171031708,
    "ego_vehicle_can_timestamp": "650",
    "ego_vehicle_id": 171,
    "ego_vehicle_transform": {
        "pitch": -0.580531895160675,
        "roll": 0.00037583973607979715,
        "x": -88.1312255859375,
        "y": 85.69783782958984,
        "yaw": 89.84280395507812,
        "z": 0.6504697799682617
    },
    "ego_velocity": {
        "vx": 0.01535111851990223,
        "vy": 5.559714317321777,
        "vz": -0.09929744154214859
    },
    "hand_brake": false,
    "left_distance": 1.749678319348516,
    "next_target_location": null,
    "other_actors": {
        "171": {
            "bounding_box": {
                "extent_x": 2.452350616455078,
                "extent_y": 1.0303291082382202,
                "extent_z": 0.7391985058784485,
                "loc_x": 0.060644909739494324,
                "loc_y": 0.0,
                "loc_z": 0.7473415732383728
            },
            "transform": {
                "pitch": -0.580531895160675,
                "roll": 0.00037583973607979715,
                "x": -88.1312255859375,
                "y": 85.69783782958984,
                "yaw": 89.84280395507812,
                "z": 0.6504697799682617
            },
            "type": "vehicle.lincoln.mkz2017",
            "velocity": 5.559735510532184,
            "velocity_vec": {
                "vx": 0.01535111851990223,
                "vy": 5.559714317321777,
                "vz": -0.09929744154214859
            }
        },
        "173": {
            "bounding_box": {
                "extent_x": 2.073613166809082,
                "extent_y": 1.0016015768051147,
                "extent_z": 0.691210925579071,
                "loc_x": 0.0,
                "loc_y": 0.0,
                "loc_z": 0.7043752670288086
            },
            "transform": {
                "pitch": 0.05464151129126549,
                "roll": 4.5311564463190734e-05,
                "x": -47.7820930480957,
                "y": 131.5501251220703,
                "yaw": 178.69818115234375,
                "z": -0.008621711283922195
            },
            "type": "vehicle.audi.tt",
            "velocity": 4.783170683937354,
            "velocity_vec": {
                "vx": -4.7819366455078125,
                "vy": 0.10864488035440445,
                "vz": -1.3349215350899613e-06
            }
        },
        "180": {
            "bounding_box": {
                "extent_x": 2.5996146202087402,
                "extent_y": 1.3075095415115356,
                "extent_z": 1.2384252548217773,
                "loc_x": 0.0,
                "loc_y": 0.0,
                "loc_z": 1.2300000190734863
            },
            "transform": {
                "pitch": -0.13821570575237274,
                "roll": -0.01974487118422985,
                "x": -84.52183532714844,
                "y": 126.66061401367188,
                "yaw": 90.23316192626953,
                "z": 0.04392380267381668
            },
            "type": "vehicle.carlamotors.carlacola",
            "velocity": 0.0,
            "velocity_vec": {
                "vx": 0.0,
                "vy": 0.0,
                "vz": 0.0
            }
        }
    },
    "reverse": false,
    "right_distance": 1.7509164519069536,
    "steer": -4.55057124781888e-05,
    "steer_noise": 0.0,
    "target_road_option": "RoadOption.LANEFOLLOW",
    "target_waypoint": {
        "pitch": -0.7469339966773987,
        "roll": 0.0,
        "x": -88.05536651611328,
        "y": 113.53031158447266,
        "yaw": 89.84373474121094,
        "z": 0.14425444602966309
    },
    "throttle": 0.75,
    "throttle_noise": 0.0
}