{
    "blocking_state": "AgentState.NAVIGATING",
    "brake": 0.0,
    "brake_noise": 0.0,
    "current_waypoint": {
        "pitch": -1.012520670890808,
        "roll": 0.0,
        "x": -88.13127136230469,
        "y": 85.69784545898438,
        "yaw": 89.84373474121094,
        "z": 0.6178686618804932
    },
    "ego_planned_trajectory": [],
    "ego_vehicle_can_speed": 5.655137746333002,
    "ego_vehicle_can_timestamp": "651",
    "ego_vehicle_id": 171,
    "ego_vehicle_transform": {
        "pitch": -0.5905107855796814,
        "roll": 0.0003463836619630456,
        "x": -88.1304702758789,
        "y": 85.97897338867188,
        "yaw": 89.84273529052734,
        "z": 0.6455520987510681
    },
    "ego_velocity": {
        "vx": 0.015498246997594833,
        "vy": 5.654212474822998,
        "vz": -0.10111391544342041
    },
    "hand_brake": false,
    "left_distance": 1.749691902366226,
    "next_target_location": null,
    "other_actors": {
        "171": {
            "bounding_box": {
                "extent_x": 2.452350616455078,
                "extent_y": 1.0303291082382202,
                "extent_z": 0.7391985058784485,
                "loc_x": 0.060644909739494324,
                "loc_y": 0.0,
                "loc_z": 0.7473415732383728
            },
            "transform": {
                "pitch": -0.5905107855796814,
                "roll": 0.0003463836619630456,
                "x": -88.1304702758789,
                "y": 85.97897338867188,
                "yaw": 89.84273529052734,
                "z": 0.6455520987510681
            },
            "type": "vehicle.lincoln.mkz2017",
            "velocity": 5.654233715199966,
            "velocity_vec": {
                "vx": 0.015498246997594833,
                "vy": 5.654212474822998,
                "vz": -0.10111391544342041
            }
        },
        "173": {
            "bounding_box": {
                "extent_x": 2.073613166809082,
                "extent_y": 1.0016015768051147,
                "extent_z": 0.691210925579071,
                "loc_x": 0.0,
                "loc_y": 0.0,
                "loc_z": 0.7043752670288086
            },
            "transform": {
                "pitch": 0.05697060376405716,
                "roll": 5.0320657464908436e-05,
                "x": -48.027976989746094,
                "y": 131.5557098388672,
                "yaw": 178.69793701171875,
                "z": -0.008642730303108692
            },
            "type": "vehicle.audi.tt",
            "velocity": 4.97834146847045,
            "velocity_vec": {
                "vx": -4.977056503295898,
                "vy": 0.1131032258272171,
                "vz": 4.0047643778962083e-07
            }
        },
        "180": {
            "bounding_box": {
                "extent_x": 2.5996146202087402,
                "extent_y": 1.3075095415115356,
                "extent_z": 1.2384252548217773,
                "loc_x": 0.0,
                "loc_y": 0.0,
                "loc_z": 1.2300000190734863
            },
            "transform": {
                "pitch": -0.13821570575237274,
                "roll": -0.01974487118422985,
                "x": -84.52183532714844,
                "y": 126.66061401367188,
                "yaw": 90.23316192626953,
                "z": 0.04392380267381668
            },
            "type": "vehicle.carlamotors.carlacola",
            "velocity": 0.0,
            "velocity_vec": {
                "vx": 0.0,
                "vy": 0.0,
                "vz": 0.0
            }
        }
    },
    "reverse": false,
    "right_distance": 1.7509045555294196,
    "steer": 1.1261761756031774e-05,
    "steer_noise": 0.0,
    "target_road_option": "RoadOption.LANEFOLLOW",
    "target_waypoint": {
        "pitch": -0.7469339966773987,
        "roll": 0.0,
        "x": -88.05536651611328,
        "y": 113.53031158447266,
        "yaw": 89.84373474121094,
        "z": 0.14425444602966309
    },
    "throttle": 0.4047498404979706,
    "throttle_noise": 0.0
}