{
    "blocking_state": "AgentState.NAVIGATING",
    "brake": 0.0,
    "brake_noise": 0.0,
    "current_waypoint": {
        "pitch": -1.012520670890808,
        "roll": 0.0,
        "x": -88.12671661376953,
        "y": 87.3693618774414,
        "yaw": 89.84373474121094,
        "z": 0.5883297920227051
    },
    "ego_planned_trajectory": [],
    "ego_vehicle_can_speed": 5.486081284864469,
    "ego_vehicle_can_timestamp": "657",
    "ego_vehicle_id": 171,
    "ego_vehicle_transform": {
        "pitch": -0.9767169952392578,
        "roll": 3.164758163620718e-05,
        "x": -88.12594604492188,
        "y": 87.64126586914062,
        "yaw": 89.84333038330078,
        "z": 0.6201571226119995
    },
    "ego_velocity": {
        "vx": 0.014968110248446465,
        "vy": 5.485197067260742,
        "vz": -0.09734964370727539
    },
    "hand_brake": false,
    "left_distance": 1.7497055559546686,
    "next_target_location": null,
    "other_actors": {
        "171": {
            "bounding_box": {
                "extent_x": 2.452350616455078,
                "extent_y": 1.0303291082382202,
                "extent_z": 0.7391985058784485,
                "loc_x": 0.060644909739494324,
                "loc_y": 0.0,
                "loc_z": 0.7473415732383728
            },
            "transform": {
                "pitch": -0.9767169952392578,
                "roll": 3.164758163620718e-05,
                "x": -88.12594604492188,
                "y": 87.64126586914062,
                "yaw": 89.84333038330078,
                "z": 0.6201571226119995
            },
            "type": "vehicle.lincoln.mkz2017",
            "velocity": 5.485217489854915,
            "velocity_vec": {
                "vx": 0.014968110248446465,
                "vy": 5.485197067260742,
                "vz": -0.09734964370727539
            }
        },
        "173": {
            "bounding_box": {
                "extent_x": 2.073613166809082,
                "extent_y": 1.0016015768051147,
                "extent_z": 0.691210925579071,
                "loc_x": 0.0,
                "loc_y": 0.0,
                "loc_z": 0.7043752670288086
            },
            "transform": {
                "pitch": 0.005559773650020361,
                "roll": 1.7618232959648594e-05,
                "x": -49.46064376831055,
                "y": 131.58827209472656,
                "yaw": 178.69837951660156,
                "z": -0.00823642686009407
            },
            "type": "vehicle.audi.tt",
            "velocity": 4.241726851148071,
            "velocity_vec": {
                "vx": -4.240632057189941,
                "vy": 0.09636615216732025,
                "vz": -0.0018949019722640514
            }
        },
        "180": {
            "bounding_box": {
                "extent_x": 2.5996146202087402,
                "extent_y": 1.3075095415115356,
                "extent_z": 1.2384252548217773,
                "loc_x": 0.0,
                "loc_y": 0.0,
                "loc_z": 1.2300000190734863
            },
            "transform": {
                "pitch": -0.13821570575237274,
                "roll": -0.01974487118422985,
                "x": -84.52183532714844,
                "y": 126.66061401367188,
                "yaw": 90.23316192626953,
                "z": 0.04392380267381668
            },
            "type": "vehicle.carlamotors.carlacola",
            "velocity": 0.0,
            "velocity_vec": {
                "vx": 0.0,
                "vy": 0.0,
                "vz": 0.0
            }
        }
    },
    "reverse": false,
    "right_distance": 1.7510473206219208,
    "steer": 1.4543371435138397e-05,
    "steer_noise": 0.0,
    "target_road_option": "RoadOption.LANEFOLLOW",
    "target_waypoint": {
        "pitch": -0.7469339966773987,
        "roll": 0.0,
        "x": -88.05536651611328,
        "y": 113.53031158447266,
        "yaw": 89.84373474121094,
        "z": 0.14425444602966309
    },
    "throttle": 0.11406765878200531,
    "throttle_noise": 0.0
}