{
    "blocking_state": "AgentState.NAVIGATING",
    "brake": 0.30000001192092896,
    "brake_noise": 0.0,
    "current_waypoint": {
        "pitch": -1.012520670890808,
        "roll": 0.0,
        "x": -88.11919403076172,
        "y": 90.12809753417969,
        "yaw": 89.84373474121094,
        "z": 0.5395777821540833
    },
    "ego_planned_trajectory": [],
    "ego_vehicle_can_speed": 5.5411199103614885,
    "ego_vehicle_can_timestamp": "667",
    "ego_vehicle_id": 171,
    "ego_vehicle_transform": {
        "pitch": -0.9720178246498108,
        "roll": 7.258120149344904e-06,
        "x": -88.11837768554688,
        "y": 90.40621185302734,
        "yaw": 89.84339904785156,
        "z": 0.5711609125137329
    },
    "ego_velocity": {
        "vx": 0.015109728090465069,
        "vy": 5.540233612060547,
        "vz": -0.09794427454471588
    },
    "hand_brake": false,
    "left_distance": 1.7496764558357465,
    "next_target_location": null,
    "other_actors": {
        "171": {
            "bounding_box": {
                "extent_x": 2.452350616455078,
                "extent_y": 1.0303291082382202,
                "extent_z": 0.7391985058784485,
                "loc_x": 0.060644909739494324,
                "loc_y": 0.0,
                "loc_z": 0.7473415732383728
            },
            "transform": {
                "pitch": -0.9720178246498108,
                "roll": 7.258120149344904e-06,
                "x": -88.11837768554688,
                "y": 90.40621185302734,
                "yaw": 89.84339904785156,
                "z": 0.5711609125137329
            },
            "type": "vehicle.lincoln.mkz2017",
            "velocity": 5.54025421619698,
            "velocity_vec": {
                "vx": 0.015109728090465069,
                "vy": 5.540233612060547,
                "vz": -0.09794427454471588
            }
        },
        "173": {
            "bounding_box": {
                "extent_x": 2.073613166809082,
                "extent_y": 1.0016015768051147,
                "extent_z": 0.691210925579071,
                "loc_x": 0.0,
                "loc_y": 0.0,
                "loc_z": 0.7043752670288086
            },
            "transform": {
                "pitch": 0.004917736165225506,
                "roll": 1.8228931821795413e-06,
                "x": -51.56668472290039,
                "y": 131.63609313964844,
                "yaw": 178.6983184814453,
                "z": -0.008209762163460255
            },
            "type": "vehicle.audi.tt",
            "velocity": 4.408104633023917,
            "velocity_vec": {
                "vx": -4.4069671630859375,
                "vy": 0.10013430565595627,
                "vz": 0.00018324657867196947
            }
        },
        "180": {
            "bounding_box": {
                "extent_x": 2.5996146202087402,
                "extent_y": 1.3075095415115356,
                "extent_z": 1.2384252548217773,
                "loc_x": 0.0,
                "loc_y": 0.0,
                "loc_z": 1.2300000190734863
            },
            "transform": {
                "pitch": -0.13821570575237274,
                "roll": -0.01974487118422985,
                "x": -84.52183532714844,
                "y": 126.66061401367188,
                "yaw": 90.23316192626953,
                "z": 0.04392380267381668
            },
            "type": "vehicle.carlamotors.carlacola",
            "velocity": 0.0,
            "velocity_vec": {
                "vx": 0.0,
                "vy": 0.0,
                "vz": 0.0
            }
        }
    },
    "reverse": false,
    "right_distance": 1.7510696535740722,
    "steer": 9.90413627732778e-06,
    "steer_noise": 0.0,
    "target_road_option": "RoadOption.LANEFOLLOW",
    "target_waypoint": {
        "pitch": -0.7469339966773987,
        "roll": 0.0,
        "x": -88.05536651611328,
        "y": 113.53031158447266,
        "yaw": 89.84373474121094,
        "z": 0.14425444602966309
    },
    "throttle": 0.0,
    "throttle_noise": 0.0
}