{
    "blocking_state": "AgentState.NAVIGATING",
    "brake": 0.30000001192092896,
    "brake_noise": 0.0,
    "current_waypoint": {
        "pitch": -1.012520670890808,
        "roll": 0.0,
        "x": -88.11996459960938,
        "y": 89.84518432617188,
        "yaw": 89.84373474121094,
        "z": 0.5445773601531982
    },
    "ego_planned_trajectory": [],
    "ego_vehicle_can_speed": 5.6262349419116475,
    "ego_vehicle_can_timestamp": "666",
    "ego_vehicle_id": 171,
    "ego_vehicle_transform": {
        "pitch": -0.9378737211227417,
        "roll": 3.623687371145934e-05,
        "x": -88.119140625,
        "y": 90.12808990478516,
        "yaw": 89.8433609008789,
        "z": 0.5757042765617371
    },
    "ego_velocity": {
        "vx": 0.01534823514521122,
        "vy": 5.625334739685059,
        "vz": -0.09946416318416595
    },
    "hand_brake": false,
    "left_distance": 1.7496807693839016,
    "next_target_location": null,
    "other_actors": {
        "171": {
            "bounding_box": {
                "extent_x": 2.452350616455078,
                "extent_y": 1.0303291082382202,
                "extent_z": 0.7391985058784485,
                "loc_x": 0.060644909739494324,
                "loc_y": 0.0,
                "loc_z": 0.7473415732383728
            },
            "transform": {
                "pitch": -0.9378737211227417,
                "roll": 3.623687371145934e-05,
                "x": -88.119140625,
                "y": 90.12808990478516,
                "yaw": 89.8433609008789,
                "z": 0.5757042765617371
            },
            "type": "vehicle.lincoln.mkz2017",
            "velocity": 5.625355677806483,
            "velocity_vec": {
                "vx": 0.01534823514521122,
                "vy": 5.625334739685059,
                "vz": -0.09946416318416595
            }
        },
        "173": {
            "bounding_box": {
                "extent_x": 2.073613166809082,
                "extent_y": 1.0016015768051147,
                "extent_z": 0.691210925579071,
                "loc_x": 0.0,
                "loc_y": 0.0,
                "loc_z": 0.7043752670288086
            },
            "transform": {
                "pitch": 0.004193735774606466,
                "roll": 0.0,
                "x": -51.34626770019531,
                "y": 131.63108825683594,
                "yaw": 178.6983184814453,
                "z": -0.008213005028665066
            },
            "type": "vehicle.audi.tt",
            "velocity": 4.411861150115519,
            "velocity_vec": {
                "vx": -4.410722732543945,
                "vy": 0.10021868348121643,
                "vz": 0.0002224932686658576
            }
        },
        "180": {
            "bounding_box": {
                "extent_x": 2.5996146202087402,
                "extent_y": 1.3075095415115356,
                "extent_z": 1.2384252548217773,
                "loc_x": 0.0,
                "loc_y": 0.0,
                "loc_z": 1.2300000190734863
            },
            "transform": {
                "pitch": -0.13821570575237274,
                "roll": -0.01974487118422985,
                "x": -84.52183532714844,
                "y": 126.66061401367188,
                "yaw": 90.23316192626953,
                "z": 0.04392380267381668
            },
            "type": "vehicle.carlamotors.carlacola",
            "velocity": 0.0,
            "velocity_vec": {
                "vx": 0.0,
                "vy": 0.0,
                "vz": 0.0
            }
        }
    },
    "reverse": false,
    "right_distance": 1.7510499825035866,
    "steer": 1.1646826351352502e-05,
    "steer_noise": 0.0,
    "target_road_option": "RoadOption.LANEFOLLOW",
    "target_waypoint": {
        "pitch": -0.7469339966773987,
        "roll": 0.0,
        "x": -88.05536651611328,
        "y": 113.53031158447266,
        "yaw": 89.84373474121094,
        "z": 0.14425444602966309
    },
    "throttle": 0.0,
    "throttle_noise": 0.0
}