{
    "blocking_state": "AgentState.NAVIGATING",
    "brake": 0.0,
    "brake_noise": 0.0,
    "current_waypoint": {
        "pitch": -1.012520670890808,
        "roll": 0.0,
        "x": -88.12150573730469,
        "y": 89.2782974243164,
        "yaw": 89.84373474121094,
        "z": 0.5545952916145325
    },
    "ego_planned_trajectory": [],
    "ego_vehicle_can_speed": 5.657947740961741,
    "ego_vehicle_can_timestamp": "664",
    "ego_vehicle_id": 171,
    "ego_vehicle_transform": {
        "pitch": -0.9716421961784363,
        "roll": 3.122058478766121e-05,
        "x": -88.12068939208984,
        "y": 89.56048583984375,
        "yaw": 89.84346008300781,
        "z": 0.5861119031906128
    },
    "ego_velocity": {
        "vx": 0.015583832748234272,
        "vy": 5.657041549682617,
        "vz": -0.10005342960357666
    },
    "hand_brake": false,
    "left_distance": 1.7496874898350874,
    "next_target_location": null,
    "other_actors": {
        "171": {
            "bounding_box": {
                "extent_x": 2.452350616455078,
                "extent_y": 1.0303291082382202,
                "extent_z": 0.7391985058784485,
                "loc_x": 0.060644909739494324,
                "loc_y": 0.0,
                "loc_z": 0.7473415732383728
            },
            "transform": {
                "pitch": -0.9716421961784363,
                "roll": 3.122058478766121e-05,
                "x": -88.12068939208984,
                "y": 89.56048583984375,
                "yaw": 89.84346008300781,
                "z": 0.5861119031906128
            },
            "type": "vehicle.lincoln.mkz2017",
            "velocity": 5.657063014557875,
            "velocity_vec": {
                "vx": 0.015583832748234272,
                "vy": 5.657041549682617,
                "vz": -0.10005342960357666
            }
        },
        "173": {
            "bounding_box": {
                "extent_x": 2.073613166809082,
                "extent_y": 1.0016015768051147,
                "extent_z": 0.691210925579071,
                "loc_x": 0.0,
                "loc_y": 0.0,
                "loc_z": 0.7043752670288086
            },
            "transform": {
                "pitch": -0.0014684905763715506,
                "roll": 1.628443907497612e-12,
                "x": -50.90484619140625,
                "y": 131.62106323242188,
                "yaw": 178.69837951660156,
                "z": -0.008187942206859589
            },
            "type": "vehicle.audi.tt",
            "velocity": 4.419375440467397,
            "velocity_vec": {
                "vx": -4.4182353019714355,
                "vy": 0.10037977993488312,
                "vz": 0.0003050867817364633
            }
        },
        "180": {
            "bounding_box": {
                "extent_x": 2.5996146202087402,
                "extent_y": 1.3075095415115356,
                "extent_z": 1.2384252548217773,
                "loc_x": 0.0,
                "loc_y": 0.0,
                "loc_z": 1.2300000190734863
            },
            "transform": {
                "pitch": -0.13821570575237274,
                "roll": -0.01974487118422985,
                "x": -84.52183532714844,
                "y": 126.66061401367188,
                "yaw": 90.23316192626953,
                "z": 0.04392380267381668
            },
            "type": "vehicle.carlamotors.carlacola",
            "velocity": 0.0,
            "velocity_vec": {
                "vx": 0.0,
                "vy": 0.0,
                "vz": 0.0
            }
        }
    },
    "reverse": false,
    "right_distance": 1.7510590470989698,
    "steer": -5.786353358416818e-05,
    "steer_noise": 0.0,
    "target_road_option": "RoadOption.LANEFOLLOW",
    "target_waypoint": {
        "pitch": -0.7469339966773987,
        "roll": 0.0,
        "x": -88.05536651611328,
        "y": 113.53031158447266,
        "yaw": 89.84373474121094,
        "z": 0.14425444602966309
    },
    "throttle": 0.5593371987342834,
    "throttle_noise": 0.0
}