{
    "blocking_state": "AgentState.NAVIGATING",
    "brake": 0.0,
    "brake_noise": 0.0,
    "current_waypoint": {
        "pitch": -1.012520670890808,
        "roll": 0.0,
        "x": -88.12226867675781,
        "y": 89.0007095336914,
        "yaw": 89.84373474121094,
        "z": 0.5595007538795471
    },
    "ego_planned_trajectory": [],
    "ego_vehicle_can_speed": 5.584156259490069,
    "ego_vehicle_can_timestamp": "663",
    "ego_vehicle_id": 171,
    "ego_vehicle_transform": {
        "pitch": -1.0137639045715332,
        "roll": -0.00021363692940212786,
        "x": -88.12147521972656,
        "y": 89.27828979492188,
        "yaw": 89.84358215332031,
        "z": 0.5915650129318237
    },
    "ego_velocity": {
        "vx": 0.015158161520957947,
        "vy": 5.583261966705322,
        "vz": -0.09877839684486389
    },
    "hand_brake": false,
    "left_distance": 1.7496993639996785,
    "next_target_location": null,
    "other_actors": {
        "171": {
            "bounding_box": {
                "extent_x": 2.452350616455078,
                "extent_y": 1.0303291082382202,
                "extent_z": 0.7391985058784485,
                "loc_x": 0.060644909739494324,
                "loc_y": 0.0,
                "loc_z": 0.7473415732383728
            },
            "transform": {
                "pitch": -1.0137639045715332,
                "roll": -0.00021363692940212786,
                "x": -88.12147521972656,
                "y": 89.27828979492188,
                "yaw": 89.84358215332031,
                "z": 0.5915650129318237
            },
            "type": "vehicle.lincoln.mkz2017",
            "velocity": 5.583282543335853,
            "velocity_vec": {
                "vx": 0.015158161520957947,
                "vy": 5.583261966705322,
                "vz": -0.09877839684486389
            }
        },
        "173": {
            "bounding_box": {
                "extent_x": 2.073613166809082,
                "extent_y": 1.0016015768051147,
                "extent_z": 0.691210925579071,
                "loc_x": 0.0,
                "loc_y": 0.0,
                "loc_z": 0.7043752670288086
            },
            "transform": {
                "pitch": -0.007841057144105434,
                "roll": 6.513775629990448e-12,
                "x": -50.68421936035156,
                "y": 131.61605834960938,
                "yaw": 178.69851684570312,
                "z": -0.008146209642291069
            },
            "type": "vehicle.audi.tt",
            "velocity": 4.3339372919572074,
            "velocity_vec": {
                "vx": -4.33281946182251,
                "vy": 0.09842744469642639,
                "vz": 0.00033214755239896476
            }
        },
        "180": {
            "bounding_box": {
                "extent_x": 2.5996146202087402,
                "extent_y": 1.3075095415115356,
                "extent_z": 1.2384252548217773,
                "loc_x": 0.0,
                "loc_y": 0.0,
                "loc_z": 1.2300000190734863
            },
            "transform": {
                "pitch": -0.13821570575237274,
                "roll": -0.01974487118422985,
                "x": -84.52183532714844,
                "y": 126.66061401367188,
                "yaw": 90.23316192626953,
                "z": 0.04392380267381668
            },
            "type": "vehicle.carlamotors.carlacola",
            "velocity": 0.0,
            "velocity_vec": {
                "vx": 0.0,
                "vy": 0.0,
                "vz": 0.0
            }
        }
    },
    "reverse": false,
    "right_distance": 1.751066877905249,
    "steer": 1.7033546100719832e-05,
    "steer_noise": 0.0,
    "target_road_option": "RoadOption.LANEFOLLOW",
    "target_waypoint": {
        "pitch": -0.7469339966773987,
        "roll": 0.0,
        "x": -88.05536651611328,
        "y": 113.53031158447266,
        "yaw": 89.84373474121094,
        "z": 0.14425444602966309
    },
    "throttle": 0.18800625205039978,
    "throttle_noise": 0.0
}