{
    "blocking_state": "AgentState.NAVIGATING",
    "brake": 0.09489023685455322,
    "brake_noise": 0.0,
    "current_waypoint": {
        "pitch": -1.012520670890808,
        "roll": 0.0,
        "x": -88.12073516845703,
        "y": 89.56048583984375,
        "yaw": 89.84373474121094,
        "z": 0.5496085286140442
    },
    "ego_planned_trajectory": [],
    "ego_vehicle_can_speed": 5.695368243327767,
    "ego_vehicle_can_timestamp": "665",
    "ego_vehicle_id": 171,
    "ego_vehicle_transform": {
        "pitch": -0.9385635852813721,
        "roll": 6.281414971454069e-05,
        "x": -88.11990356445312,
        "y": 89.84517669677734,
        "yaw": 89.84332275390625,
        "z": 0.580714762210846
    },
    "ego_velocity": {
        "vx": 0.015570496208965778,
        "vy": 5.694456577301025,
        "vz": -0.1007039025425911
    },
    "hand_brake": false,
    "left_distance": 1.7496779637987108,
    "next_target_location": null,
    "other_actors": {
        "171": {
            "bounding_box": {
                "extent_x": 2.452350616455078,
                "extent_y": 1.0303291082382202,
                "extent_z": 0.7391985058784485,
                "loc_x": 0.060644909739494324,
                "loc_y": 0.0,
                "loc_z": 0.7473415732383728
            },
            "transform": {
                "pitch": -0.9385635852813721,
                "roll": 6.281414971454069e-05,
                "x": -88.11990356445312,
                "y": 89.84517669677734,
                "yaw": 89.84332275390625,
                "z": 0.580714762210846
            },
            "type": "vehicle.lincoln.mkz2017",
            "velocity": 5.694477864661439,
            "velocity_vec": {
                "vx": 0.015570496208965778,
                "vy": 5.694456577301025,
                "vz": -0.1007039025425911
            }
        },
        "173": {
            "bounding_box": {
                "extent_x": 2.073613166809082,
                "extent_y": 1.0016015768051147,
                "extent_z": 0.691210925579071,
                "loc_x": 0.0,
                "loc_y": 0.0,
                "loc_z": 0.7043752670288086
            },
            "transform": {
                "pitch": 0.002288113348186016,
                "roll": 1.628443907497612e-12,
                "x": -51.12565994262695,
                "y": 131.62606811523438,
                "yaw": 178.69833374023438,
                "z": -0.008207778446376324
            },
            "type": "vehicle.audi.tt",
            "velocity": 4.415617630989438,
            "velocity_vec": {
                "vx": -4.414478302001953,
                "vy": 0.10030146688222885,
                "vz": 0.0002653061237651855
            }
        },
        "180": {
            "bounding_box": {
                "extent_x": 2.5996146202087402,
                "extent_y": 1.3075095415115356,
                "extent_z": 1.2384252548217773,
                "loc_x": 0.0,
                "loc_y": 0.0,
                "loc_z": 1.2300000190734863
            },
            "transform": {
                "pitch": -0.13821570575237274,
                "roll": -0.01974487118422985,
                "x": -84.52183532714844,
                "y": 126.66061401367188,
                "yaw": 90.23316192626953,
                "z": 0.04392380267381668
            },
            "type": "vehicle.carlamotors.carlacola",
            "velocity": 0.0,
            "velocity_vec": {
                "vx": 0.0,
                "vy": 0.0,
                "vz": 0.0
            }
        }
    },
    "reverse": false,
    "right_distance": 1.7510532831314942,
    "steer": 2.490596443749382e-06,
    "steer_noise": 0.0,
    "target_road_option": "RoadOption.LANEFOLLOW",
    "target_waypoint": {
        "pitch": -0.7469339966773987,
        "roll": 0.0,
        "x": -88.05536651611328,
        "y": 113.53031158447266,
        "yaw": 89.84373474121094,
        "z": 0.14425444602966309
    },
    "throttle": 0.0,
    "throttle_noise": 0.0
}