{
    "blocking_state": "AgentState.NAVIGATING",
    "brake": 0.0,
    "brake_noise": 0.0,
    "current_waypoint": {
        "pitch": -1.012520670890808,
        "roll": 0.0,
        "x": -88.12374877929688,
        "y": 88.45564270019531,
        "yaw": 89.84373474121094,
        "z": 0.5691331028938293
    },
    "ego_planned_trajectory": [],
    "ego_vehicle_can_speed": 5.504540859627493,
    "ego_vehicle_can_timestamp": "661",
    "ego_vehicle_id": 171,
    "ego_vehicle_transform": {
        "pitch": -1.0382637977600098,
        "roll": 4.483047632675152e-06,
        "x": -88.12295532226562,
        "y": 88.72901153564453,
        "yaw": 89.84320068359375,
        "z": 0.6015543341636658
    },
    "ego_velocity": {
        "vx": 0.015044440515339375,
        "vy": 5.503657817840576,
        "vz": -0.09743902832269669
    },
    "hand_brake": false,
    "left_distance": 1.749688748316733,
    "next_target_location": null,
    "other_actors": {
        "171": {
            "bounding_box": {
                "extent_x": 2.452350616455078,
                "extent_y": 1.0303291082382202,
                "extent_z": 0.7391985058784485,
                "loc_x": 0.060644909739494324,
                "loc_y": 0.0,
                "loc_z": 0.7473415732383728
            },
            "transform": {
                "pitch": -1.0382637977600098,
                "roll": 4.483047632675152e-06,
                "x": -88.12295532226562,
                "y": 88.72901153564453,
                "yaw": 89.84320068359375,
                "z": 0.6015543341636658
            },
            "type": "vehicle.lincoln.mkz2017",
            "velocity": 5.503678380053481,
            "velocity_vec": {
                "vx": 0.015044440515339375,
                "vy": 5.503657817840576,
                "vz": -0.09743902832269669
            }
        },
        "173": {
            "bounding_box": {
                "extent_x": 2.073613166809082,
                "extent_y": 1.0016015768051147,
                "extent_z": 0.691210925579071,
                "loc_x": 0.0,
                "loc_y": 0.0,
                "loc_z": 0.7043752670288086
            },
            "transform": {
                "pitch": -0.017212076112627983,
                "roll": -3.051760359085165e-05,
                "x": -50.26514434814453,
                "y": 131.60655212402344,
                "yaw": 178.6987762451172,
                "z": -0.008094596676528454
            },
            "type": "vehicle.audi.tt",
            "velocity": 4.023746988053992,
            "velocity_vec": {
                "vx": -4.022709369659424,
                "vy": 0.09137368947267532,
                "vz": 0.0002779878559522331
            }
        },
        "180": {
            "bounding_box": {
                "extent_x": 2.5996146202087402,
                "extent_y": 1.3075095415115356,
                "extent_z": 1.2384252548217773,
                "loc_x": 0.0,
                "loc_y": 0.0,
                "loc_z": 1.2300000190734863
            },
            "transform": {
                "pitch": -0.13821570575237274,
                "roll": -0.01974487118422985,
                "x": -84.52183532714844,
                "y": 126.66061401367188,
                "yaw": 90.23316192626953,
                "z": 0.04392380267381668
            },
            "type": "vehicle.carlamotors.carlacola",
            "velocity": 0.0,
            "velocity_vec": {
                "vx": 0.0,
                "vy": 0.0,
                "vz": 0.0
            }
        }
    },
    "reverse": false,
    "right_distance": 1.7510897211405585,
    "steer": 9.35675507207634e-06,
    "steer_noise": 0.0,
    "target_road_option": "RoadOption.LANEFOLLOW",
    "target_waypoint": {
        "pitch": -0.7469339966773987,
        "roll": 0.0,
        "x": -88.05536651611328,
        "y": 113.53031158447266,
        "yaw": 89.84373474121094,
        "z": 0.14425444602966309
    },
    "throttle": 0.21747808158397675,
    "throttle_noise": 0.0
}