{
    "blocking_state": "AgentState.NAVIGATING",
    "brake": 0.2515011131763458,
    "brake_noise": 0.0,
    "current_waypoint": {
        "pitch": -1.012520670890808,
        "roll": 0.0,
        "x": -88.1184310913086,
        "y": 90.40620422363281,
        "yaw": 89.84373474121094,
        "z": 0.5346629619598389
    },
    "ego_planned_trajectory": [],
    "ego_vehicle_can_speed": 5.415183112042752,
    "ego_vehicle_can_timestamp": "668",
    "ego_vehicle_id": 171,
    "ego_vehicle_transform": {
        "pitch": -1.0295690298080444,
        "roll": 5.336946884426652e-08,
        "x": -88.11763763427734,
        "y": 90.67841339111328,
        "yaw": 89.84353637695312,
        "z": 0.5669797658920288
    },
    "ego_velocity": {
        "vx": 0.014778802171349525,
        "vy": 5.4143171310424805,
        "vz": -0.09570647031068802
    },
    "hand_brake": false,
    "left_distance": 1.7496852494497712,
    "next_target_location": null,
    "other_actors": {
        "171": {
            "bounding_box": {
                "extent_x": 2.452350616455078,
                "extent_y": 1.0303291082382202,
                "extent_z": 0.7391985058784485,
                "loc_x": 0.060644909739494324,
                "loc_y": 0.0,
                "loc_z": 0.7473415732383728
            },
            "transform": {
                "pitch": -1.0295690298080444,
                "roll": 5.336946884426652e-08,
                "x": -88.11763763427734,
                "y": 90.67841339111328,
                "yaw": 89.84353637695312,
                "z": 0.5669797658920288
            },
            "type": "vehicle.lincoln.mkz2017",
            "velocity": 5.414337300953247,
            "velocity_vec": {
                "vx": 0.014778802171349525,
                "vy": 5.4143171310424805,
                "vz": -0.09570647031068802
            }
        },
        "173": {
            "bounding_box": {
                "extent_x": 2.073613166809082,
                "extent_y": 1.0016015768051147,
                "extent_z": 0.691210925579071,
                "loc_x": 0.0,
                "loc_y": 0.0,
                "loc_z": 0.7043752670288086
            },
            "transform": {
                "pitch": 0.004917736165225506,
                "roll": 1.8228931821795413e-06,
                "x": -51.78690719604492,
                "y": 131.64109802246094,
                "yaw": 178.6983184814453,
                "z": -0.008202056400477886
            },
            "type": "vehicle.audi.tt",
            "velocity": 4.4043500077258955,
            "velocity_vec": {
                "vx": -4.4032135009765625,
                "vy": 0.10004926472902298,
                "vz": 0.00014714649296365678
            }
        },
        "180": {
            "bounding_box": {
                "extent_x": 2.5996146202087402,
                "extent_y": 1.3075095415115356,
                "extent_z": 1.2384252548217773,
                "loc_x": 0.0,
                "loc_y": 0.0,
                "loc_z": 1.2300000190734863
            },
            "transform": {
                "pitch": -0.13821570575237274,
                "roll": -0.01974487118422985,
                "x": -84.52183532714844,
                "y": 126.66061401367188,
                "yaw": 90.23316192626953,
                "z": 0.04392380267381668
            },
            "type": "vehicle.carlamotors.carlacola",
            "velocity": 0.0,
            "velocity_vec": {
                "vx": 0.0,
                "vy": 0.0,
                "vz": 0.0
            }
        }
    },
    "reverse": false,
    "right_distance": 1.7510872531130233,
    "steer": 3.478395228739828e-06,
    "steer_noise": 0.0,
    "target_road_option": "RoadOption.LANEFOLLOW",
    "target_waypoint": {
        "pitch": -0.7469339966773987,
        "roll": 0.0,
        "x": -88.05536651611328,
        "y": 113.53031158447266,
        "yaw": 89.84373474121094,
        "z": 0.14425444602966309
    },
    "throttle": 0.0,
    "throttle_noise": 0.0
}