{
    "blocking_state": "AgentState.NAVIGATING",
    "brake": 0.0,
    "brake_noise": 0.0,
    "current_waypoint": {
        "pitch": -1.012520670890808,
        "roll": 0.0,
        "x": -88.1244888305664,
        "y": 88.18450927734375,
        "yaw": 89.84373474121094,
        "z": 0.5739246606826782
    },
    "ego_planned_trajectory": [],
    "ego_vehicle_can_speed": 5.39291207954759,
    "ego_vehicle_can_timestamp": "660",
    "ego_vehicle_id": 171,
    "ego_vehicle_transform": {
        "pitch": -1.0424507856369019,
        "roll": 8.096180681604892e-05,
        "x": -88.12371063232422,
        "y": 88.45564270019531,
        "yaw": 89.84322357177734,
        "z": 0.6064409017562866
    },
    "ego_velocity": {
        "vx": 0.014766748994588852,
        "vy": 5.392045974731445,
        "vz": -0.09551359713077545
    },
    "hand_brake": false,
    "left_distance": 1.7496980964080018,
    "next_target_location": null,
    "other_actors": {
        "171": {
            "bounding_box": {
                "extent_x": 2.452350616455078,
                "extent_y": 1.0303291082382202,
                "extent_z": 0.7391985058784485,
                "loc_x": 0.060644909739494324,
                "loc_y": 0.0,
                "loc_z": 0.7473415732383728
            },
            "transform": {
                "pitch": -1.0424507856369019,
                "roll": 8.096180681604892e-05,
                "x": -88.12371063232422,
                "y": 88.45564270019531,
                "yaw": 89.84322357177734,
                "z": 0.6064409017562866
            },
            "type": "vehicle.lincoln.mkz2017",
            "velocity": 5.392066194928754,
            "velocity_vec": {
                "vx": 0.014766748994588852,
                "vy": 5.392045974731445,
                "vz": -0.09551359713077545
            }
        },
        "173": {
            "bounding_box": {
                "extent_x": 2.073613166809082,
                "extent_y": 1.0016015768051147,
                "extent_z": 0.691210925579071,
                "loc_x": 0.0,
                "loc_y": 0.0,
                "loc_z": 0.7043752670288086
            },
            "transform": {
                "pitch": -0.016966188326478004,
                "roll": 1.3027552994704372e-11,
                "x": -50.06545639038086,
                "y": 131.6020050048828,
                "yaw": 178.6987762451172,
                "z": -0.008108672685921192
            },
            "type": "vehicle.audi.tt",
            "velocity": 3.9551608908519467,
            "velocity_vec": {
                "vx": -3.9541409015655518,
                "vy": 0.08981872349977493,
                "vz": 0.0001189033646369353
            }
        },
        "180": {
            "bounding_box": {
                "extent_x": 2.5996146202087402,
                "extent_y": 1.3075095415115356,
                "extent_z": 1.2384252548217773,
                "loc_x": 0.0,
                "loc_y": 0.0,
                "loc_z": 1.2300000190734863
            },
            "transform": {
                "pitch": -0.13821570575237274,
                "roll": -0.01974487118422985,
                "x": -84.52183532714844,
                "y": 126.66061401367188,
                "yaw": 90.23316192626953,
                "z": 0.04392380267381668
            },
            "type": "vehicle.carlamotors.carlacola",
            "velocity": 0.0,
            "velocity_vec": {
                "vx": 0.0,
                "vy": 0.0,
                "vz": 0.0
            }
        }
    },
    "reverse": false,
    "right_distance": 1.7510828934828278,
    "steer": 6.035839305695845e-06,
    "steer_noise": 0.0,
    "target_road_option": "RoadOption.LANEFOLLOW",
    "target_waypoint": {
        "pitch": -0.7469339966773987,
        "roll": 0.0,
        "x": -88.05536651611328,
        "y": 113.53031158447266,
        "yaw": 89.84373474121094,
        "z": 0.14425444602966309
    },
    "throttle": 0.6215757727622986,
    "throttle_noise": 0.0
}