{
    "blocking_state": "AgentState.NAVIGATING",
    "brake": 0.0,
    "brake_noise": 0.0,
    "current_waypoint": {
        "pitch": -1.012520670890808,
        "roll": 0.0,
        "x": -88.12300872802734,
        "y": 88.72901153564453,
        "yaw": 89.84373474121094,
        "z": 0.5643021464347839
    },
    "ego_planned_trajectory": [],
    "ego_vehicle_can_speed": 5.402166956181071,
    "ego_vehicle_can_timestamp": "662",
    "ego_vehicle_id": 171,
    "ego_vehicle_transform": {
        "pitch": -1.0452169179916382,
        "roll": -0.00021363903942983598,
        "x": -88.12222290039062,
        "y": 89.0007095336914,
        "yaw": 89.8434066772461,
        "z": 0.596821129322052
    },
    "ego_velocity": {
        "vx": 0.014568035490810871,
        "vy": 5.401301383972168,
        "vz": -0.09559787809848785
    },
    "hand_brake": false,
    "left_distance": 1.7496921295292467,
    "next_target_location": null,
    "other_actors": {
        "171": {
            "bounding_box": {
                "extent_x": 2.452350616455078,
                "extent_y": 1.0303291082382202,
                "extent_z": 0.7391985058784485,
                "loc_x": 0.060644909739494324,
                "loc_y": 0.0,
                "loc_z": 0.7473415732383728
            },
            "transform": {
                "pitch": -1.0452169179916382,
                "roll": -0.00021363903942983598,
                "x": -88.12222290039062,
                "y": 89.0007095336914,
                "yaw": 89.8434066772461,
                "z": 0.596821129322052
            },
            "type": "vehicle.lincoln.mkz2017",
            "velocity": 5.401321029910897,
            "velocity_vec": {
                "vx": 0.014568035490810871,
                "vy": 5.401301383972168,
                "vz": -0.09559787809848785
            }
        },
        "173": {
            "bounding_box": {
                "extent_x": 2.073613166809082,
                "extent_y": 1.0016015768051147,
                "extent_z": 0.691210925579071,
                "loc_x": 0.0,
                "loc_y": 0.0,
                "loc_z": 0.7043752670288086
            },
            "transform": {
                "pitch": -0.013858453370630741,
                "roll": -3.0517585400957614e-05,
                "x": -50.47059631347656,
                "y": 131.6112060546875,
                "yaw": 178.69869995117188,
                "z": -0.008109207265079021
            },
            "type": "vehicle.audi.tt",
            "velocity": 4.158126753093966,
            "velocity_vec": {
                "vx": -4.157054424285889,
                "vy": 0.09442779421806335,
                "vz": 0.0003295921196695417
            }
        },
        "180": {
            "bounding_box": {
                "extent_x": 2.5996146202087402,
                "extent_y": 1.3075095415115356,
                "extent_z": 1.2384252548217773,
                "loc_x": 0.0,
                "loc_y": 0.0,
                "loc_z": 1.2300000190734863
            },
            "transform": {
                "pitch": -0.13821570575237274,
                "roll": -0.01974487118422985,
                "x": -84.52183532714844,
                "y": 126.66061401367188,
                "yaw": 90.23316192626953,
                "z": 0.04392380267381668
            },
            "type": "vehicle.carlamotors.carlacola",
            "velocity": 0.0,
            "velocity_vec": {
                "vx": 0.0,
                "vy": 0.0,
                "vz": 0.0
            }
        }
    },
    "reverse": false,
    "right_distance": 1.7510891900504244,
    "steer": 7.468604599125683e-05,
    "steer_noise": 0.0,
    "target_road_option": "RoadOption.LANEFOLLOW",
    "target_waypoint": {
        "pitch": -0.7469339966773987,
        "roll": 0.0,
        "x": -88.05536651611328,
        "y": 113.53031158447266,
        "yaw": 89.84373474121094,
        "z": 0.14425444602966309
    },
    "throttle": 0.588514506816864,
    "throttle_noise": 0.0
}