{
    "blocking_state": "AgentState.NAVIGATING",
    "brake": 0.0,
    "brake_noise": 0.0,
    "current_waypoint": {
        "pitch": -1.012520670890808,
        "roll": 0.0,
        "x": -88.11410522460938,
        "y": 91.99263000488281,
        "yaw": 89.84373474121094,
        "z": 0.5066279768943787
    },
    "ego_planned_trajectory": [],
    "ego_vehicle_can_speed": 5.22095990391824,
    "ego_vehicle_can_timestamp": "674",
    "ego_vehicle_id": 171,
    "ego_vehicle_transform": {
        "pitch": -1.1730371713638306,
        "roll": 1.2275568224140443e-05,
        "x": -88.11335754394531,
        "y": 92.25352478027344,
        "yaw": 89.84366607666016,
        "z": 0.5407124757766724
    },
    "ego_velocity": {
        "vx": 0.014286222867667675,
        "vy": 5.220125198364258,
        "vz": -0.09225581586360931
    },
    "hand_brake": false,
    "left_distance": 1.7497063577921197,
    "next_target_location": null,
    "other_actors": {
        "171": {
            "bounding_box": {
                "extent_x": 2.452350616455078,
                "extent_y": 1.0303291082382202,
                "extent_z": 0.7391985058784485,
                "loc_x": 0.060644909739494324,
                "loc_y": 0.0,
                "loc_z": 0.7473415732383728
            },
            "transform": {
                "pitch": -1.1730371713638306,
                "roll": 1.2275568224140443e-05,
                "x": -88.11335754394531,
                "y": 92.25352478027344,
                "yaw": 89.84366607666016,
                "z": 0.5407124757766724
            },
            "type": "vehicle.lincoln.mkz2017",
            "velocity": 5.220144747299763,
            "velocity_vec": {
                "vx": 0.014286222867667675,
                "vy": 5.220125198364258,
                "vz": -0.09225581586360931
            }
        },
        "173": {
            "bounding_box": {
                "extent_x": 2.073613166809082,
                "extent_y": 1.0016015768051147,
                "extent_z": 0.691210925579071,
                "loc_x": 0.0,
                "loc_y": 0.0,
                "loc_z": 0.7043752670288086
            },
            "transform": {
                "pitch": 0.0021310187876224518,
                "roll": 1.7757691921360674e-06,
                "x": -53.105438232421875,
                "y": 131.6710662841797,
                "yaw": 178.6983184814453,
                "z": -0.008154945448040962
            },
            "type": "vehicle.audi.tt",
            "velocity": 4.450804499107431,
            "velocity_vec": {
                "vx": -4.449656009674072,
                "vy": 0.10110432654619217,
                "vz": 3.257208300055936e-05
            }
        },
        "180": {
            "bounding_box": {
                "extent_x": 2.5996146202087402,
                "extent_y": 1.3075095415115356,
                "extent_z": 1.2384252548217773,
                "loc_x": 0.0,
                "loc_y": 0.0,
                "loc_z": 1.2300000190734863
            },
            "transform": {
                "pitch": -0.13821570575237274,
                "roll": -0.01974487118422985,
                "x": -84.52183532714844,
                "y": 126.66061401367188,
                "yaw": 90.23316192626953,
                "z": 0.04392380267381668
            },
            "type": "vehicle.carlamotors.carlacola",
            "velocity": 0.0,
            "velocity_vec": {
                "vx": 0.0,
                "vy": 0.0,
                "vz": 0.0
            }
        }
    },
    "reverse": false,
    "right_distance": 1.7511333611275512,
    "steer": -4.36009304394247e-06,
    "steer_noise": 0.0,
    "target_road_option": "RoadOption.LANEFOLLOW",
    "target_waypoint": {
        "pitch": -0.7469339966773987,
        "roll": 0.0,
        "x": -88.05536651611328,
        "y": 113.53031158447266,
        "yaw": 89.84373474121094,
        "z": 0.14425444602966309
    },
    "throttle": 0.75,
    "throttle_noise": 0.0
}