{
    "blocking_state": "AgentState.NAVIGATING",
    "brake": 0.0,
    "brake_noise": 0.0,
    "current_waypoint": {
        "pitch": -1.012520670890808,
        "roll": 0.0,
        "x": -88.11481475830078,
        "y": 91.73249816894531,
        "yaw": 89.84373474121094,
        "z": 0.5112249851226807
    },
    "ego_planned_trajectory": [],
    "ego_vehicle_can_speed": 5.209245590840666,
    "ego_vehicle_can_timestamp": "673",
    "ego_vehicle_id": 171,
    "ego_vehicle_transform": {
        "pitch": -1.1889036893844604,
        "roll": 4.104333129362203e-05,
        "x": -88.11405944824219,
        "y": 91.99262237548828,
        "yaw": 89.8437728881836,
        "z": 0.5454978942871094
    },
    "ego_velocity": {
        "vx": 0.014377803541719913,
        "vy": 5.208412170410156,
        "vz": -0.09206284582614899
    },
    "hand_brake": false,
    "left_distance": 1.7496973854058322,
    "next_target_location": null,
    "other_actors": {
        "171": {
            "bounding_box": {
                "extent_x": 2.452350616455078,
                "extent_y": 1.0303291082382202,
                "extent_z": 0.7391985058784485,
                "loc_x": 0.060644909739494324,
                "loc_y": 0.0,
                "loc_z": 0.7473415732383728
            },
            "transform": {
                "pitch": -1.1889036893844604,
                "roll": 4.104333129362203e-05,
                "x": -88.11405944824219,
                "y": 91.99262237548828,
                "yaw": 89.8437728881836,
                "z": 0.5454978942871094
            },
            "type": "vehicle.lincoln.mkz2017",
            "velocity": 5.208432015310493,
            "velocity_vec": {
                "vx": 0.014377803541719913,
                "vy": 5.208412170410156,
                "vz": -0.09206284582614899
            }
        },
        "173": {
            "bounding_box": {
                "extent_x": 2.073613166809082,
                "extent_y": 1.0016015768051147,
                "extent_z": 0.691210925579071,
                "loc_x": 0.0,
                "loc_y": 0.0,
                "loc_z": 0.7043752670288086
            },
            "transform": {
                "pitch": 0.0021310187876224518,
                "roll": 1.7757691921360674e-06,
                "x": -52.88519287109375,
                "y": 131.66604614257812,
                "yaw": 178.6983184814453,
                "z": -0.00815612729638815
            },
            "type": "vehicle.audi.tt",
            "velocity": 4.385623595326329,
            "velocity_vec": {
                "vx": -4.384491920471191,
                "vy": 0.09962388873100281,
                "vz": 4.325145710026845e-05
            }
        },
        "180": {
            "bounding_box": {
                "extent_x": 2.5996146202087402,
                "extent_y": 1.3075095415115356,
                "extent_z": 1.2384252548217773,
                "loc_x": 0.0,
                "loc_y": 0.0,
                "loc_z": 1.2300000190734863
            },
            "transform": {
                "pitch": -0.13821570575237274,
                "roll": -0.01974487118422985,
                "x": -84.52183532714844,
                "y": 126.66061401367188,
                "yaw": 90.23316192626953,
                "z": 0.04392380267381668
            },
            "type": "vehicle.carlamotors.carlacola",
            "velocity": 0.0,
            "velocity_vec": {
                "vx": 0.0,
                "vy": 0.0,
                "vz": 0.0
            }
        }
    },
    "reverse": false,
    "right_distance": 1.7511501715704014,
    "steer": -6.679078796878457e-05,
    "steer_noise": 0.0,
    "target_road_option": "RoadOption.LANEFOLLOW",
    "target_waypoint": {
        "pitch": -0.7469339966773987,
        "roll": 0.0,
        "x": -88.05536651611328,
        "y": 113.53031158447266,
        "yaw": 89.84373474121094,
        "z": 0.14425444602966309
    },
    "throttle": 0.75,
    "throttle_noise": 0.0
}