{
    "blocking_state": "AgentState.NAVIGATING",
    "brake": 0.0,
    "brake_noise": 0.0,
    "current_waypoint": {
        "pitch": -1.012520670890808,
        "roll": 0.0,
        "x": -88.11339569091797,
        "y": 92.25353240966797,
        "yaw": 89.84373474121094,
        "z": 0.5020173192024231
    },
    "ego_planned_trajectory": [],
    "ego_vehicle_can_speed": 5.275387812590777,
    "ego_vehicle_can_timestamp": "675",
    "ego_vehicle_id": 171,
    "ego_vehicle_transform": {
        "pitch": -1.1412904262542725,
        "roll": -3.0475090170511976e-05,
        "x": -88.1126480102539,
        "y": 92.51660919189453,
        "yaw": 89.84358215332031,
        "z": 0.5357146263122559
    },
    "ego_velocity": {
        "vx": 0.014408722519874573,
        "vy": 5.274544715881348,
        "vz": -0.0932040885090828
    },
    "hand_brake": false,
    "left_distance": 1.7497108667062258,
    "next_target_location": null,
    "other_actors": {
        "171": {
            "bounding_box": {
                "extent_x": 2.452350616455078,
                "extent_y": 1.0303291082382202,
                "extent_z": 0.7391985058784485,
                "loc_x": 0.060644909739494324,
                "loc_y": 0.0,
                "loc_z": 0.7473415732383728
            },
            "transform": {
                "pitch": -1.1412904262542725,
                "roll": -3.0475090170511976e-05,
                "x": -88.1126480102539,
                "y": 92.51660919189453,
                "yaw": 89.84358215332031,
                "z": 0.5357146263122559
            },
            "type": "vehicle.lincoln.mkz2017",
            "velocity": 5.274564396338005,
            "velocity_vec": {
                "vx": 0.014408722519874573,
                "vy": 5.274544715881348,
                "vz": -0.0932040885090828
            }
        },
        "173": {
            "bounding_box": {
                "extent_x": 2.073613166809082,
                "extent_y": 1.0016015768051147,
                "extent_z": 0.691210925579071,
                "loc_x": 0.0,
                "loc_y": 0.0,
                "loc_z": 0.7043752670288086
            },
            "transform": {
                "pitch": 0.006263283081352711,
                "roll": 3.234760470149922e-06,
                "x": -53.336483001708984,
                "y": 131.67630004882812,
                "yaw": 178.6981658935547,
                "z": -0.008190231397747993
            },
            "type": "vehicle.audi.tt",
            "velocity": 4.695124641027041,
            "velocity_vec": {
                "vx": -4.693912982940674,
                "vy": 0.10665975511074066,
                "vz": 2.5039313186425716e-05
            }
        },
        "180": {
            "bounding_box": {
                "extent_x": 2.5996146202087402,
                "extent_y": 1.3075095415115356,
                "extent_z": 1.2384252548217773,
                "loc_x": 0.0,
                "loc_y": 0.0,
                "loc_z": 1.2300000190734863
            },
            "transform": {
                "pitch": -0.13821570575237274,
                "roll": -0.01974487118422985,
                "x": -84.52183532714844,
                "y": 126.66061401367188,
                "yaw": 90.23316192626953,
                "z": 0.04392380267381668
            },
            "type": "vehicle.carlamotors.carlacola",
            "velocity": 0.0,
            "velocity_vec": {
                "vx": 0.0,
                "vy": 0.0,
                "vz": 0.0
            }
        }
    },
    "reverse": false,
    "right_distance": 1.7511134043657506,
    "steer": 1.6034649661378353e-06,
    "steer_noise": 0.0,
    "target_road_option": "RoadOption.LANEFOLLOW",
    "target_waypoint": {
        "pitch": -0.7469339966773987,
        "roll": 0.0,
        "x": -88.05536651611328,
        "y": 113.53031158447266,
        "yaw": 89.84373474121094,
        "z": 0.14425444602966309
    },
    "throttle": 0.75,
    "throttle_noise": 0.0
}