{
    "blocking_state": "AgentState.NAVIGATING",
    "brake": 0.0,
    "brake_noise": 0.0,
    "current_waypoint": {
        "pitch": -1.012520670890808,
        "roll": 0.0,
        "x": -88.11267852783203,
        "y": 92.51660919189453,
        "yaw": 89.84373474121094,
        "z": 0.4973681569099426
    },
    "ego_planned_trajectory": [],
    "ego_vehicle_can_speed": 5.323223058899893,
    "ego_vehicle_can_timestamp": "676",
    "ego_vehicle_id": 171,
    "ego_vehicle_transform": {
        "pitch": -1.100739598274231,
        "roll": -0.0002441709511913359,
        "x": -88.11192321777344,
        "y": 92.78229522705078,
        "yaw": 89.84371948242188,
        "z": 0.5305750370025635
    },
    "ego_velocity": {
        "vx": 0.01435635332018137,
        "vy": 5.322372913360596,
        "vz": -0.09404361248016357
    },
    "hand_brake": false,
    "left_distance": 1.7497085870254192,
    "next_target_location": null,
    "other_actors": {
        "171": {
            "bounding_box": {
                "extent_x": 2.452350616455078,
                "extent_y": 1.0303291082382202,
                "extent_z": 0.7391985058784485,
                "loc_x": 0.060644909739494324,
                "loc_y": 0.0,
                "loc_z": 0.7473415732383728
            },
            "transform": {
                "pitch": -1.100739598274231,
                "roll": -0.0002441709511913359,
                "x": -88.11192321777344,
                "y": 92.78229522705078,
                "yaw": 89.84371948242188,
                "z": 0.5305750370025635
            },
            "type": "vehicle.lincoln.mkz2017",
            "velocity": 5.322392275448626,
            "velocity_vec": {
                "vx": 0.01435635332018137,
                "vy": 5.322372913360596,
                "vz": -0.09404361248016357
            }
        },
        "173": {
            "bounding_box": {
                "extent_x": 2.073613166809082,
                "extent_y": 1.0016015768051147,
                "extent_z": 0.691210925579071,
                "loc_x": 0.0,
                "loc_y": 0.0,
                "loc_z": 0.7043752670288086
            },
            "transform": {
                "pitch": 0.011297131888568401,
                "roll": 6.668113201158121e-06,
                "x": -53.57637405395508,
                "y": 131.68174743652344,
                "yaw": 178.69796752929688,
                "z": -0.008234557695686817
            },
            "type": "vehicle.audi.tt",
            "velocity": 4.839607207611828,
            "velocity_vec": {
                "vx": -4.838357925415039,
                "vy": 0.10995685309171677,
                "vz": 1.8479127902537584e-05
            }
        },
        "180": {
            "bounding_box": {
                "extent_x": 2.5996146202087402,
                "extent_y": 1.3075095415115356,
                "extent_z": 1.2384252548217773,
                "loc_x": 0.0,
                "loc_y": 0.0,
                "loc_z": 1.2300000190734863
            },
            "transform": {
                "pitch": -0.13821570575237274,
                "roll": -0.01974487118422985,
                "x": -84.52183532714844,
                "y": 126.66061401367188,
                "yaw": 90.23316192626953,
                "z": 0.04392380267381668
            },
            "type": "vehicle.carlamotors.carlacola",
            "velocity": 0.0,
            "velocity_vec": {
                "vx": 0.0,
                "vy": 0.0,
                "vz": 0.0
            }
        }
    },
    "reverse": false,
    "right_distance": 1.7510962294934567,
    "steer": 6.338718230836093e-05,
    "steer_noise": 0.0,
    "target_road_option": "RoadOption.LANEFOLLOW",
    "target_waypoint": {
        "pitch": -0.7469339966773987,
        "roll": 0.0,
        "x": -88.05536651611328,
        "y": 113.53031158447266,
        "yaw": 89.84373474121094,
        "z": 0.14425444602966309
    },
    "throttle": 0.75,
    "throttle_noise": 0.0
}