{
    "blocking_state": "AgentState.NAVIGATING",
    "brake": 0.0,
    "brake_noise": 0.0,
    "current_waypoint": {
        "pitch": -1.012520670890808,
        "roll": 0.0,
        "x": -88.11624145507812,
        "y": 91.21045684814453,
        "yaw": 89.84373474121094,
        "z": 0.5204503536224365
    },
    "ego_planned_trajectory": [],
    "ego_vehicle_can_speed": 5.234989988439812,
    "ego_vehicle_can_timestamp": "671",
    "ego_vehicle_id": 171,
    "ego_vehicle_transform": {
        "pitch": -1.169983983039856,
        "roll": -0.00012211507419124246,
        "x": -88.115478515625,
        "y": 91.47238159179688,
        "yaw": 89.8438491821289,
        "z": 0.5544859170913696
    },
    "ego_velocity": {
        "vx": 0.014262071810662746,
        "vy": 5.234152793884277,
        "vz": -0.09252730756998062
    },
    "hand_brake": false,
    "left_distance": 1.7496937774748518,
    "next_target_location": null,
    "other_actors": {
        "171": {
            "bounding_box": {
                "extent_x": 2.452350616455078,
                "extent_y": 1.0303291082382202,
                "extent_z": 0.7391985058784485,
                "loc_x": 0.060644909739494324,
                "loc_y": 0.0,
                "loc_z": 0.7473415732383728
            },
            "transform": {
                "pitch": -1.169983983039856,
                "roll": -0.00012211507419124246,
                "x": -88.115478515625,
                "y": 91.47238159179688,
                "yaw": 89.8438491821289,
                "z": 0.5544859170913696
            },
            "type": "vehicle.lincoln.mkz2017",
            "velocity": 5.23417222456607,
            "velocity_vec": {
                "vx": 0.014262071810662746,
                "vy": 5.234152793884277,
                "vz": -0.09252730756998062
            }
        },
        "173": {
            "bounding_box": {
                "extent_x": 2.073613166809082,
                "extent_y": 1.0016015768051147,
                "extent_z": 0.691210925579071,
                "loc_x": 0.0,
                "loc_y": 0.0,
                "loc_z": 0.7043752670288086
            },
            "transform": {
                "pitch": 0.003339962335303426,
                "roll": 3.661207529148669e-06,
                "x": -52.44644546508789,
                "y": 131.65609741210938,
                "yaw": 178.6983184814453,
                "z": -0.008172416128218174
            },
            "type": "vehicle.audi.tt",
            "velocity": 4.393104719451125,
            "velocity_vec": {
                "vx": -4.391971111297607,
                "vy": 0.09979395568370819,
                "vz": 7.132294558687136e-05
            }
        },
        "180": {
            "bounding_box": {
                "extent_x": 2.5996146202087402,
                "extent_y": 1.3075095415115356,
                "extent_z": 1.2384252548217773,
                "loc_x": 0.0,
                "loc_y": 0.0,
                "loc_z": 1.2300000190734863
            },
            "transform": {
                "pitch": -0.13821570575237274,
                "roll": -0.01974487118422985,
                "x": -84.52183532714844,
                "y": 126.66061401367188,
                "yaw": 90.23316192626953,
                "z": 0.04392380267381668
            },
            "type": "vehicle.carlamotors.carlacola",
            "velocity": 0.0,
            "velocity_vec": {
                "vx": 0.0,
                "vy": 0.0,
                "vz": 0.0
            }
        }
    },
    "reverse": false,
    "right_distance": 1.751144893405142,
    "steer": 4.460375294002006e-06,
    "steer_noise": 0.0,
    "target_road_option": "RoadOption.LANEFOLLOW",
    "target_waypoint": {
        "pitch": -0.7469339966773987,
        "roll": 0.0,
        "x": -88.05536651611328,
        "y": 113.53031158447266,
        "yaw": 89.84373474121094,
        "z": 0.14425444602966309
    },
    "throttle": 0.7466973662376404,
    "throttle_noise": 0.0
}