{
    "blocking_state": "AgentState.NAVIGATING",
    "brake": 0.0,
    "brake_noise": 0.0,
    "current_waypoint": {
        "pitch": -1.012520670890808,
        "roll": 0.0,
        "x": -88.1104736328125,
        "y": 93.32485961914062,
        "yaw": 89.84373474121094,
        "z": 0.48308488726615906
    },
    "ego_planned_trajectory": [],
    "ego_vehicle_can_speed": 5.577536666856505,
    "ego_vehicle_can_timestamp": "679",
    "ego_vehicle_id": 171,
    "ego_vehicle_transform": {
        "pitch": -0.9481531381607056,
        "roll": 0.00010139949881704524,
        "x": -88.10968780517578,
        "y": 93.60261535644531,
        "yaw": 89.84363555908203,
        "z": 0.5144064426422119
    },
    "ego_velocity": {
        "vx": 0.015362221747636795,
        "vy": 5.5766448974609375,
        "vz": -0.09854420274496078
    },
    "hand_brake": false,
    "left_distance": 1.7497053459997527,
    "next_target_location": null,
    "other_actors": {
        "171": {
            "bounding_box": {
                "extent_x": 2.452350616455078,
                "extent_y": 1.0303291082382202,
                "extent_z": 0.7391985058784485,
                "loc_x": 0.060644909739494324,
                "loc_y": 0.0,
                "loc_z": 0.7473415732383728
            },
            "transform": {
                "pitch": -0.9481531381607056,
                "roll": 0.00010139949881704524,
                "x": -88.10968780517578,
                "y": 93.60261535644531,
                "yaw": 89.84363555908203,
                "z": 0.5144064426422119
            },
            "type": "vehicle.lincoln.mkz2017",
            "velocity": 5.5766660569048,
            "velocity_vec": {
                "vx": 0.015362221747636795,
                "vy": 5.5766448974609375,
                "vz": -0.09854420274496078
            }
        },
        "173": {
            "bounding_box": {
                "extent_x": 2.073613166809082,
                "extent_y": 1.0016015768051147,
                "extent_z": 0.691210925579071,
                "loc_x": 0.0,
                "loc_y": 0.0,
                "loc_z": 0.7043752670288086
            },
            "transform": {
                "pitch": 0.006693584844470024,
                "roll": 1.0623231901263352e-05,
                "x": -54.28153991699219,
                "y": 131.69778442382812,
                "yaw": 178.69810485839844,
                "z": -0.008191223256289959
            },
            "type": "vehicle.audi.tt",
            "velocity": 4.481682585156439,
            "velocity_vec": {
                "vx": -4.480525493621826,
                "vy": 0.10183366388082504,
                "vz": 6.82717018207768e-06
            }
        },
        "180": {
            "bounding_box": {
                "extent_x": 2.5996146202087402,
                "extent_y": 1.3075095415115356,
                "extent_z": 1.2384252548217773,
                "loc_x": 0.0,
                "loc_y": 0.0,
                "loc_z": 1.2300000190734863
            },
            "transform": {
                "pitch": -0.13821570575237274,
                "roll": -0.01974487118422985,
                "x": -84.52183532714844,
                "y": 126.66061401367188,
                "yaw": 90.23316192626953,
                "z": 0.04392380267381668
            },
            "type": "vehicle.carlamotors.carlacola",
            "velocity": 0.0,
            "velocity_vec": {
                "vx": 0.0,
                "vy": 0.0,
                "vz": 0.0
            }
        }
    },
    "reverse": false,
    "right_distance": 1.7510282877612353,
    "steer": -6.067780122975819e-05,
    "steer_noise": 0.0,
    "target_road_option": "RoadOption.LANEFOLLOW",
    "target_waypoint": {
        "pitch": -0.7469339966773987,
        "roll": 0.0,
        "x": -88.05536651611328,
        "y": 113.53031158447266,
        "yaw": 89.84373474121094,
        "z": 0.14425444602966309
    },
    "throttle": 0.5590495467185974,
    "throttle_noise": 0.0
}