{
    "blocking_state": "AgentState.NAVIGATING",
    "brake": 0.0,
    "brake_noise": 0.0,
    "current_waypoint": {
        "pitch": -1.012520670890808,
        "roll": 0.0,
        "x": -88.11552429199219,
        "y": 91.47238159179688,
        "yaw": 89.84373474121094,
        "z": 0.5158216953277588
    },
    "ego_planned_trajectory": [],
    "ego_vehicle_can_speed": 5.196511494725624,
    "ego_vehicle_can_timestamp": "672",
    "ego_vehicle_id": 171,
    "ego_vehicle_transform": {
        "pitch": -1.1894842386245728,
        "roll": -0.00015264491958077997,
        "x": -88.11477661132812,
        "y": 91.73249053955078,
        "yaw": 89.84392547607422,
        "z": 0.5501022934913635
    },
    "ego_velocity": {
        "vx": 0.014130945317447186,
        "vy": 5.195680618286133,
        "vz": -0.09184195101261139
    },
    "hand_brake": false,
    "left_distance": 1.7497049958567876,
    "next_target_location": null,
    "other_actors": {
        "171": {
            "bounding_box": {
                "extent_x": 2.452350616455078,
                "extent_y": 1.0303291082382202,
                "extent_z": 0.7391985058784485,
                "loc_x": 0.060644909739494324,
                "loc_y": 0.0,
                "loc_z": 0.7473415732383728
            },
            "transform": {
                "pitch": -1.1894842386245728,
                "roll": -0.00015264491958077997,
                "x": -88.11477661132812,
                "y": 91.73249053955078,
                "yaw": 89.84392547607422,
                "z": 0.5501022934913635
            },
            "type": "vehicle.lincoln.mkz2017",
            "velocity": 5.195699834560282,
            "velocity_vec": {
                "vx": 0.014130945317447186,
                "vy": 5.195680618286133,
                "vz": -0.09184195101261139
            }
        },
        "173": {
            "bounding_box": {
                "extent_x": 2.073613166809082,
                "extent_y": 1.0016015768051147,
                "extent_z": 0.691210925579071,
                "loc_x": 0.0,
                "loc_y": 0.0,
                "loc_z": 0.7043752670288086
            },
            "transform": {
                "pitch": 0.002711585024371743,
                "roll": 3.5518869481165893e-06,
                "x": -52.66591262817383,
                "y": 131.66107177734375,
                "yaw": 178.6983184814453,
                "z": -0.008163643069565296
            },
            "type": "vehicle.audi.tt",
            "velocity": 4.38936248872008,
            "velocity_vec": {
                "vx": -4.388229846954346,
                "vy": 0.0997089147567749,
                "vz": 5.5570875701960176e-05
            }
        },
        "180": {
            "bounding_box": {
                "extent_x": 2.5996146202087402,
                "extent_y": 1.3075095415115356,
                "extent_z": 1.2384252548217773,
                "loc_x": 0.0,
                "loc_y": 0.0,
                "loc_z": 1.2300000190734863
            },
            "transform": {
                "pitch": -0.13821570575237274,
                "roll": -0.01974487118422985,
                "x": -84.52183532714844,
                "y": 126.66061401367188,
                "yaw": 90.23316192626953,
                "z": 0.04392380267381668
            },
            "type": "vehicle.carlamotors.carlacola",
            "velocity": 0.0,
            "velocity_vec": {
                "vx": 0.0,
                "vy": 0.0,
                "vz": 0.0
            }
        }
    },
    "reverse": false,
    "right_distance": 1.7511430114769493,
    "steer": 1.0989340808009729e-05,
    "steer_noise": 0.0,
    "target_road_option": "RoadOption.LANEFOLLOW",
    "target_waypoint": {
        "pitch": -0.7469339966773987,
        "roll": 0.0,
        "x": -88.05536651611328,
        "y": 113.53031158447266,
        "yaw": 89.84373474121094,
        "z": 0.14425444602966309
    },
    "throttle": 0.75,
    "throttle_noise": 0.0
}