{
    "blocking_state": "AgentState.NAVIGATING",
    "brake": 0.0,
    "brake_noise": 0.0,
    "current_waypoint": {
        "pitch": -1.012520670890808,
        "roll": 0.0,
        "x": -88.11195373535156,
        "y": 92.78229522705078,
        "yaw": 89.84373474121094,
        "z": 0.49267300963401794
    },
    "ego_planned_trajectory": [],
    "ego_vehicle_can_speed": 5.406892541517635,
    "ego_vehicle_can_timestamp": "677",
    "ego_vehicle_id": 171,
    "ego_vehicle_transform": {
        "pitch": -1.051794409751892,
        "roll": -0.00021369285241235048,
        "x": -88.1111831665039,
        "y": 93.0516586303711,
        "yaw": 89.84380340576172,
        "z": 0.5252779126167297
    },
    "ego_velocity": {
        "vx": 0.01469715777784586,
        "vy": 5.406028747558594,
        "vz": -0.09552031010389328
    },
    "hand_brake": false,
    "left_distance": 1.7497013680767788,
    "next_target_location": null,
    "other_actors": {
        "171": {
            "bounding_box": {
                "extent_x": 2.452350616455078,
                "extent_y": 1.0303291082382202,
                "extent_z": 0.7391985058784485,
                "loc_x": 0.060644909739494324,
                "loc_y": 0.0,
                "loc_z": 0.7473415732383728
            },
            "transform": {
                "pitch": -1.051794409751892,
                "roll": -0.00021369285241235048,
                "x": -88.1111831665039,
                "y": 93.0516586303711,
                "yaw": 89.84380340576172,
                "z": 0.5252779126167297
            },
            "type": "vehicle.lincoln.mkz2017",
            "velocity": 5.40604872581414,
            "velocity_vec": {
                "vx": 0.01469715777784586,
                "vy": 5.406028747558594,
                "vz": -0.09552031010389328
            }
        },
        "173": {
            "bounding_box": {
                "extent_x": 2.073613166809082,
                "extent_y": 1.0016015768051147,
                "extent_z": 0.691210925579071,
                "loc_x": 0.0,
                "loc_y": 0.0,
                "loc_z": 0.7043752670288086
            },
            "transform": {
                "pitch": 0.013967735692858696,
                "roll": 9.73064288700698e-06,
                "x": -53.81855773925781,
                "y": 131.68724060058594,
                "yaw": 178.69786071777344,
                "z": -0.0082577895373106
            },
            "type": "vehicle.audi.tt",
            "velocity": 4.8263050871144975,
            "velocity_vec": {
                "vx": -4.825058937072754,
                "vy": 0.10966789722442627,
                "vz": 1.3292004041431937e-05
            }
        },
        "180": {
            "bounding_box": {
                "extent_x": 2.5996146202087402,
                "extent_y": 1.3075095415115356,
                "extent_z": 1.2384252548217773,
                "loc_x": 0.0,
                "loc_y": 0.0,
                "loc_z": 1.2300000190734863
            },
            "transform": {
                "pitch": -0.13821570575237274,
                "roll": -0.01974487118422985,
                "x": -84.52183532714844,
                "y": 126.66061401367188,
                "yaw": 90.23316192626953,
                "z": 0.04392380267381668
            },
            "type": "vehicle.carlamotors.carlacola",
            "velocity": 0.0,
            "velocity_vec": {
                "vx": 0.0,
                "vy": 0.0,
                "vz": 0.0
            }
        }
    },
    "reverse": false,
    "right_distance": 1.75108023878119,
    "steer": 2.5499034563836176e-06,
    "steer_noise": 0.0,
    "target_road_option": "RoadOption.LANEFOLLOW",
    "target_waypoint": {
        "pitch": -0.7469339966773987,
        "roll": 0.0,
        "x": -88.05536651611328,
        "y": 113.53031158447266,
        "yaw": 89.84373474121094,
        "z": 0.14425444602966309
    },
    "throttle": 0.75,
    "throttle_noise": 0.0
}