{
    "blocking_state": "AgentState.NAVIGATING",
    "brake": 0.0,
    "brake_noise": 0.0,
    "current_waypoint": {
        "pitch": -1.012520670890808,
        "roll": 0.0,
        "x": -88.11695861816406,
        "y": 90.94612121582031,
        "yaw": 89.84373474121094,
        "z": 0.5251216888427734
    },
    "ego_planned_trajectory": [],
    "ego_vehicle_can_speed": 5.272643214610413,
    "ego_vehicle_can_timestamp": "670",
    "ego_vehicle_id": 171,
    "ego_vehicle_transform": {
        "pitch": -1.1362565755844116,
        "roll": -9.147849050350487e-05,
        "x": -88.11618041992188,
        "y": 91.21045684814453,
        "yaw": 89.84371948242188,
        "z": 0.5587459206581116
    },
    "ego_velocity": {
        "vx": 0.014368662610650063,
        "vy": 5.2718000411987305,
        "vz": -0.0931897833943367
    },
    "hand_brake": false,
    "left_distance": 1.7496834805253145,
    "next_target_location": null,
    "other_actors": {
        "171": {
            "bounding_box": {
                "extent_x": 2.452350616455078,
                "extent_y": 1.0303291082382202,
                "extent_z": 0.7391985058784485,
                "loc_x": 0.060644909739494324,
                "loc_y": 0.0,
                "loc_z": 0.7473415732383728
            },
            "transform": {
                "pitch": -1.1362565755844116,
                "roll": -9.147849050350487e-05,
                "x": -88.11618041992188,
                "y": 91.21045684814453,
                "yaw": 89.84371948242188,
                "z": 0.5587459206581116
            },
            "type": "vehicle.lincoln.mkz2017",
            "velocity": 5.271819622563746,
            "velocity_vec": {
                "vx": 0.014368662610650063,
                "vy": 5.2718000411987305,
                "vz": -0.0931897833943367
            }
        },
        "173": {
            "bounding_box": {
                "extent_x": 2.073613166809082,
                "extent_y": 1.0016015768051147,
                "extent_z": 0.691210925579071,
                "loc_x": 0.0,
                "loc_y": 0.0,
                "loc_z": 0.7043752670288086
            },
            "transform": {
                "pitch": 0.0039820000529289246,
                "roll": 4.027187515021069e-06,
                "x": -52.22678756713867,
                "y": 131.65110778808594,
                "yaw": 178.6983184814453,
                "z": -0.008182105608284473
            },
            "type": "vehicle.audi.tt",
            "velocity": 4.396850290058178,
            "velocity_vec": {
                "vx": -4.395715713500977,
                "vy": 0.09987912327051163,
                "vz": 9.184259397443384e-05
            }
        },
        "180": {
            "bounding_box": {
                "extent_x": 2.5996146202087402,
                "extent_y": 1.3075095415115356,
                "extent_z": 1.2384252548217773,
                "loc_x": 0.0,
                "loc_y": 0.0,
                "loc_z": 1.2300000190734863
            },
            "transform": {
                "pitch": -0.13821570575237274,
                "roll": -0.01974487118422985,
                "x": -84.52183532714844,
                "y": 126.66061401367188,
                "yaw": 90.23316192626953,
                "z": 0.04392380267381668
            },
            "type": "vehicle.carlamotors.carlacola",
            "velocity": 0.0,
            "velocity_vec": {
                "vx": 0.0,
                "vy": 0.0,
                "vz": 0.0
            }
        }
    },
    "reverse": false,
    "right_distance": 1.7511390964178306,
    "steer": 5.7503575590089895e-06,
    "steer_noise": 0.0,
    "target_road_option": "RoadOption.LANEFOLLOW",
    "target_waypoint": {
        "pitch": -0.7469339966773987,
        "roll": 0.0,
        "x": -88.05536651611328,
        "y": 113.53031158447266,
        "yaw": 89.84373474121094,
        "z": 0.14425444602966309
    },
    "throttle": 0.5075041055679321,
    "throttle_noise": 0.0
}