{
    "blocking_state": "AgentState.NAVIGATING",
    "brake": 0.0,
    "brake_noise": 0.0,
    "current_waypoint": {
        "pitch": -1.012520670890808,
        "roll": 0.0,
        "x": -88.11121368408203,
        "y": 93.05166625976562,
        "yaw": 89.84373474121094,
        "z": 0.48791271448135376
    },
    "ego_planned_trajectory": [],
    "ego_vehicle_can_speed": 5.479398739290021,
    "ego_vehicle_can_timestamp": "678",
    "ego_vehicle_id": 171,
    "ego_vehicle_transform": {
        "pitch": -1.000759243965149,
        "roll": -0.00015252857701852918,
        "x": -88.1104507446289,
        "y": 93.32485961914062,
        "yaw": 89.84383392333984,
        "z": 0.5198909044265747
    },
    "ego_velocity": {
        "vx": 0.014896528795361519,
        "vy": 5.478523254394531,
        "vz": -0.09680696576833725
    },
    "hand_brake": false,
    "left_distance": 1.7497174796165875,
    "next_target_location": null,
    "other_actors": {
        "171": {
            "bounding_box": {
                "extent_x": 2.452350616455078,
                "extent_y": 1.0303291082382202,
                "extent_z": 0.7391985058784485,
                "loc_x": 0.060644909739494324,
                "loc_y": 0.0,
                "loc_z": 0.7473415732383728
            },
            "transform": {
                "pitch": -1.000759243965149,
                "roll": -0.00015252857701852918,
                "x": -88.1104507446289,
                "y": 93.32485961914062,
                "yaw": 89.84383392333984,
                "z": 0.5198909044265747
            },
            "type": "vehicle.lincoln.mkz2017",
            "velocity": 5.47854350676453,
            "velocity_vec": {
                "vx": 0.014896528795361519,
                "vy": 5.478523254394531,
                "vz": -0.09680696576833725
            }
        },
        "173": {
            "bounding_box": {
                "extent_x": 2.073613166809082,
                "extent_y": 1.0016015768051147,
                "extent_z": 0.691210925579071,
                "loc_x": 0.0,
                "loc_y": 0.0,
                "loc_z": 0.7043752670288086
            },
            "transform": {
                "pitch": 0.012007472105324268,
                "roll": 1.2052803867845796e-05,
                "x": -54.05461120605469,
                "y": 131.692626953125,
                "yaw": 178.69793701171875,
                "z": -0.008239593356847763
            },
            "type": "vehicle.audi.tt",
            "velocity": 4.657428295218064,
            "velocity_vec": {
                "vx": -4.656225681304932,
                "vy": 0.105833500623703,
                "vz": 1.1022637409041636e-05
            }
        },
        "180": {
            "bounding_box": {
                "extent_x": 2.5996146202087402,
                "extent_y": 1.3075095415115356,
                "extent_z": 1.2384252548217773,
                "loc_x": 0.0,
                "loc_y": 0.0,
                "loc_z": 1.2300000190734863
            },
            "transform": {
                "pitch": -0.13821570575237274,
                "roll": -0.01974487118422985,
                "x": -84.52183532714844,
                "y": 126.66061401367188,
                "yaw": 90.23316192626953,
                "z": 0.04392380267381668
            },
            "type": "vehicle.carlamotors.carlacola",
            "velocity": 0.0,
            "velocity_vec": {
                "vx": 0.0,
                "vy": 0.0,
                "vz": 0.0
            }
        }
    },
    "reverse": false,
    "right_distance": 1.7510403358616564,
    "steer": 5.65257687412668e-06,
    "steer_noise": 0.0,
    "target_road_option": "RoadOption.LANEFOLLOW",
    "target_waypoint": {
        "pitch": -0.7469339966773987,
        "roll": 0.0,
        "x": -88.05536651611328,
        "y": 113.53031158447266,
        "yaw": 89.84373474121094,
        "z": 0.14425444602966309
    },
    "throttle": 0.75,
    "throttle_noise": 0.0
}