{
    "blocking_state": "AgentState.NAVIGATING",
    "brake": 0.2895830273628235,
    "brake_noise": 0.0,
    "current_waypoint": {
        "pitch": -1.012520670890808,
        "roll": 0.0,
        "x": -88.10816955566406,
        "y": 94.16804504394531,
        "yaw": 89.84373474121094,
        "z": 0.46818429231643677
    },
    "ego_planned_trajectory": [],
    "ego_vehicle_can_speed": 5.636292636197321,
    "ego_vehicle_can_timestamp": "682",
    "ego_vehicle_id": 171,
    "ego_vehicle_transform": {
        "pitch": -0.8749676942825317,
        "roll": -3.0499282729579136e-05,
        "x": -88.1073989868164,
        "y": 94.45103454589844,
        "yaw": 89.84367370605469,
        "z": 0.4986109137535095
    },
    "ego_velocity": {
        "vx": 0.015330699272453785,
        "vy": 5.635391712188721,
        "vz": -0.09959869831800461
    },
    "hand_brake": false,
    "left_distance": 1.7497327200227581,
    "next_target_location": null,
    "other_actors": {
        "171": {
            "bounding_box": {
                "extent_x": 2.452350616455078,
                "extent_y": 1.0303291082382202,
                "extent_z": 0.7391985058784485,
                "loc_x": 0.060644909739494324,
                "loc_y": 0.0,
                "loc_z": 0.7473415732383728
            },
            "transform": {
                "pitch": -0.8749676942825317,
                "roll": -3.0499282729579136e-05,
                "x": -88.1073989868164,
                "y": 94.45103454589844,
                "yaw": 89.84367370605469,
                "z": 0.4986109137535095
            },
            "type": "vehicle.lincoln.mkz2017",
            "velocity": 5.635412565211664,
            "velocity_vec": {
                "vx": 0.015330699272453785,
                "vy": 5.635391712188721,
                "vz": -0.09959869831800461
            }
        },
        "173": {
            "bounding_box": {
                "extent_x": 2.073613166809082,
                "extent_y": 1.0016015768051147,
                "extent_z": 0.691210925579071,
                "loc_x": 0.0,
                "loc_y": 0.0,
                "loc_z": 0.7043752670288086
            },
            "transform": {
                "pitch": -0.006529660429805517,
                "roll": 0.0,
                "x": -54.93342208862305,
                "y": 131.7126007080078,
                "yaw": 178.69833374023438,
                "z": -0.00807136483490467
            },
            "type": "vehicle.audi.tt",
            "velocity": 4.294029138870149,
            "velocity_vec": {
                "vx": -4.29292106628418,
                "vy": 0.09754467755556107,
                "vz": 2.4028588541114004e-06
            }
        },
        "180": {
            "bounding_box": {
                "extent_x": 2.5996146202087402,
                "extent_y": 1.3075095415115356,
                "extent_z": 1.2384252548217773,
                "loc_x": 0.0,
                "loc_y": 0.0,
                "loc_z": 1.2300000190734863
            },
            "transform": {
                "pitch": -0.13821570575237274,
                "roll": -0.01974487118422985,
                "x": -84.52183532714844,
                "y": 126.66061401367188,
                "yaw": 90.23316192626953,
                "z": 0.04392380267381668
            },
            "type": "vehicle.carlamotors.carlacola",
            "velocity": 0.0,
            "velocity_vec": {
                "vx": 0.0,
                "vy": 0.0,
                "vz": 0.0
            }
        }
    },
    "reverse": false,
    "right_distance": 1.7509676754871992,
    "steer": 3.383450120963971e-06,
    "steer_noise": 0.0,
    "target_road_option": "RoadOption.LANEFOLLOW",
    "target_waypoint": {
        "pitch": -0.7469339966773987,
        "roll": 0.0,
        "x": -88.05536651611328,
        "y": 113.53031158447266,
        "yaw": 89.84373474121094,
        "z": 0.14425444602966309
    },
    "throttle": 0.0,
    "throttle_noise": 0.0
}