{
    "blocking_state": "AgentState.NAVIGATING",
    "brake": 0.0,
    "brake_noise": 0.0,
    "current_waypoint": {
        "pitch": -1.012520670890808,
        "roll": 0.0,
        "x": -88.1030044555664,
        "y": 96.06217193603516,
        "yaw": 89.84373474121094,
        "z": 0.4347114861011505
    },
    "ego_planned_trajectory": [],
    "ego_vehicle_can_speed": 5.226643227577387,
    "ego_vehicle_can_timestamp": "689",
    "ego_vehicle_id": 171,
    "ego_vehicle_transform": {
        "pitch": -1.1673612594604492,
        "roll": 3.800081321969628e-05,
        "x": -88.102294921875,
        "y": 96.32315063476562,
        "yaw": 89.84391021728516,
        "z": 0.46873220801353455
    },
    "ego_velocity": {
        "vx": 0.014423886314034462,
        "vy": 5.225807189941406,
        "vz": -0.0923612117767334
    },
    "hand_brake": false,
    "left_distance": 1.7497446733664028,
    "next_target_location": null,
    "other_actors": {
        "171": {
            "bounding_box": {
                "extent_x": 2.452350616455078,
                "extent_y": 1.0303291082382202,
                "extent_z": 0.7391985058784485,
                "loc_x": 0.060644909739494324,
                "loc_y": 0.0,
                "loc_z": 0.7473415732383728
            },
            "transform": {
                "pitch": -1.1673612594604492,
                "roll": 3.800081321969628e-05,
                "x": -88.102294921875,
                "y": 96.32315063476562,
                "yaw": 89.84391021728516,
                "z": 0.46873220801353455
            },
            "type": "vehicle.lincoln.mkz2017",
            "velocity": 5.225827095775338,
            "velocity_vec": {
                "vx": 0.014423886314034462,
                "vy": 5.225807189941406,
                "vz": -0.0923612117767334
            }
        },
        "173": {
            "bounding_box": {
                "extent_x": 2.073613166809082,
                "extent_y": 1.0016015768051147,
                "extent_z": 0.691210925579071,
                "loc_x": 0.0,
                "loc_y": 0.0,
                "loc_z": 0.7043752670288086
            },
            "transform": {
                "pitch": 0.0074585662223398685,
                "roll": 7.800122148182709e-06,
                "x": -56.53893280029297,
                "y": 131.7490692138672,
                "yaw": 178.69796752929688,
                "z": -0.008197021670639515
            },
            "type": "vehicle.audi.tt",
            "velocity": 4.583569554379003,
            "velocity_vec": {
                "vx": -4.582386016845703,
                "vy": 0.10415494441986084,
                "vz": 9.7258566711389e-07
            }
        },
        "180": {
            "bounding_box": {
                "extent_x": 2.5996146202087402,
                "extent_y": 1.3075095415115356,
                "extent_z": 1.2384252548217773,
                "loc_x": 0.0,
                "loc_y": 0.0,
                "loc_z": 1.2300000190734863
            },
            "transform": {
                "pitch": -0.13821570575237274,
                "roll": -0.01974487118422985,
                "x": -84.52183532714844,
                "y": 126.66061401367188,
                "yaw": 90.23316192626953,
                "z": 0.04392380267381668
            },
            "type": "vehicle.carlamotors.carlacola",
            "velocity": 0.0,
            "velocity_vec": {
                "vx": 0.0,
                "vy": 0.0,
                "vz": 0.0
            }
        }
    },
    "reverse": false,
    "right_distance": 1.751090017992486,
    "steer": -7.173601625254378e-05,
    "steer_noise": 0.0,
    "target_road_option": "RoadOption.LANEFOLLOW",
    "target_waypoint": {
        "pitch": -0.7469339966773987,
        "roll": 0.0,
        "x": -88.05536651611328,
        "y": 113.53031158447266,
        "yaw": 89.84373474121094,
        "z": 0.14425444602966309
    },
    "throttle": 0.75,
    "throttle_noise": 0.0
}