{
    "blocking_state": "AgentState.NAVIGATING",
    "brake": 0.0,
    "brake_noise": 0.0,
    "current_waypoint": {
        "pitch": -1.012520670890808,
        "roll": 0.0,
        "x": -88.10516357421875,
        "y": 95.2723617553711,
        "yaw": 89.84373474121094,
        "z": 0.44866886734962463
    },
    "ego_planned_trajectory": [],
    "ego_vehicle_can_speed": 5.2989685495962755,
    "ego_vehicle_can_timestamp": "686",
    "ego_vehicle_id": 171,
    "ego_vehicle_transform": {
        "pitch": -1.0914300680160522,
        "roll": 0.00013123815006110817,
        "x": -88.10442352294922,
        "y": 95.53792572021484,
        "yaw": 89.84368896484375,
        "z": 0.4817759692668915
    },
    "ego_velocity": {
        "vx": 0.014502270147204399,
        "vy": 5.298121452331543,
        "vz": -0.09362932294607162
    },
    "hand_brake": false,
    "left_distance": 1.7497233035006012,
    "next_target_location": null,
    "other_actors": {
        "171": {
            "bounding_box": {
                "extent_x": 2.452350616455078,
                "extent_y": 1.0303291082382202,
                "extent_z": 0.7391985058784485,
                "loc_x": 0.060644909739494324,
                "loc_y": 0.0,
                "loc_z": 0.7473415732383728
            },
            "transform": {
                "pitch": -1.0914300680160522,
                "roll": 0.00013123815006110817,
                "x": -88.10442352294922,
                "y": 95.53792572021484,
                "yaw": 89.84368896484375,
                "z": 0.4817759692668915
            },
            "type": "vehicle.lincoln.mkz2017",
            "velocity": 5.298141300446329,
            "velocity_vec": {
                "vx": 0.014502270147204399,
                "vy": 5.298121452331543,
                "vz": -0.09362932294607162
            }
        },
        "173": {
            "bounding_box": {
                "extent_x": 2.073613166809082,
                "extent_y": 1.0016015768051147,
                "extent_z": 0.691210925579071,
                "loc_x": 0.0,
                "loc_y": 0.0,
                "loc_z": 0.7043752670288086
            },
            "transform": {
                "pitch": 0.0034424150362610817,
                "roll": 3.256887814995224e-12,
                "x": -55.82935333251953,
                "y": 131.73294067382812,
                "yaw": 178.6980438232422,
                "z": -0.008160972036421299
            },
            "type": "vehicle.audi.tt",
            "velocity": 4.707992347681539,
            "velocity_vec": {
                "vx": -4.706777095794678,
                "vy": 0.10696408897638321,
                "vz": 1.029796635521052e-06
            }
        },
        "180": {
            "bounding_box": {
                "extent_x": 2.5996146202087402,
                "extent_y": 1.3075095415115356,
                "extent_z": 1.2384252548217773,
                "loc_x": 0.0,
                "loc_y": 0.0,
                "loc_z": 1.2300000190734863
            },
            "transform": {
                "pitch": -0.13821570575237274,
                "roll": -0.01974487118422985,
                "x": -84.52183532714844,
                "y": 126.66061401367188,
                "yaw": 90.23316192626953,
                "z": 0.04392380267381668
            },
            "type": "vehicle.carlamotors.carlacola",
            "velocity": 0.0,
            "velocity_vec": {
                "vx": 0.0,
                "vy": 0.0,
                "vz": 0.0
            }
        }
    },
    "reverse": false,
    "right_distance": 1.7510756157359344,
    "steer": -2.384624849582906e-06,
    "steer_noise": 0.0,
    "target_road_option": "RoadOption.LANEFOLLOW",
    "target_waypoint": {
        "pitch": -0.7469339966773987,
        "roll": 0.0,
        "x": -88.05536651611328,
        "y": 113.53031158447266,
        "yaw": 89.84373474121094,
        "z": 0.14425444602966309
    },
    "throttle": 0.4189544916152954,
    "throttle_noise": 0.0
}