{
    "blocking_state": "AgentState.NAVIGATING",
    "brake": 0.0,
    "brake_noise": 0.0,
    "current_waypoint": {
        "pitch": -1.012520670890808,
        "roll": 0.0,
        "x": -88.10372161865234,
        "y": 95.80104064941406,
        "yaw": 89.84373474121094,
        "z": 0.43932613730430603
    },
    "ego_planned_trajectory": [],
    "ego_vehicle_can_speed": 5.217400467937591,
    "ego_vehicle_can_timestamp": "688",
    "ego_vehicle_id": 171,
    "ego_vehicle_transform": {
        "pitch": -1.1602510213851929,
        "roll": -0.0001831720001064241,
        "x": -88.1030044555664,
        "y": 96.06217193603516,
        "yaw": 89.84403228759766,
        "z": 0.47326645255088806
    },
    "ego_velocity": {
        "vx": 0.014167685993015766,
        "vy": 5.216566562652588,
        "vz": -0.09219662100076675
    },
    "hand_brake": false,
    "left_distance": 1.7497371820694103,
    "next_target_location": null,
    "other_actors": {
        "171": {
            "bounding_box": {
                "extent_x": 2.452350616455078,
                "extent_y": 1.0303291082382202,
                "extent_z": 0.7391985058784485,
                "loc_x": 0.060644909739494324,
                "loc_y": 0.0,
                "loc_z": 0.7473415732383728
            },
            "transform": {
                "pitch": -1.1602510213851929,
                "roll": -0.0001831720001064241,
                "x": -88.1030044555664,
                "y": 96.06217193603516,
                "yaw": 89.84403228759766,
                "z": 0.47326645255088806
            },
            "type": "vehicle.lincoln.mkz2017",
            "velocity": 5.216585801643776,
            "velocity_vec": {
                "vx": 0.014167685993015766,
                "vy": 5.216566562652588,
                "vz": -0.09219662100076675
            }
        },
        "173": {
            "bounding_box": {
                "extent_x": 2.073613166809082,
                "extent_y": 1.0016015768051147,
                "extent_z": 0.691210925579071,
                "loc_x": 0.0,
                "loc_y": 0.0,
                "loc_z": 0.7043752670288086
            },
            "transform": {
                "pitch": 0.009610075503587723,
                "roll": 5.936134130024584e-06,
                "x": -56.30653762817383,
                "y": 131.74378967285156,
                "yaw": 178.69786071777344,
                "z": -0.008216476067900658
            },
            "type": "vehicle.audi.tt",
            "velocity": 4.754388119946637,
            "velocity_vec": {
                "vx": -4.75316047668457,
                "vy": 0.10803646594285965,
                "vz": 5.911795142310439e-07
            }
        },
        "180": {
            "bounding_box": {
                "extent_x": 2.5996146202087402,
                "extent_y": 1.3075095415115356,
                "extent_z": 1.2384252548217773,
                "loc_x": 0.0,
                "loc_y": 0.0,
                "loc_z": 1.2300000190734863
            },
            "transform": {
                "pitch": -0.13821570575237274,
                "roll": -0.01974487118422985,
                "x": -84.52183532714844,
                "y": 126.66061401367188,
                "yaw": 90.23316192626953,
                "z": 0.04392380267381668
            },
            "type": "vehicle.carlamotors.carlacola",
            "velocity": 0.0,
            "velocity_vec": {
                "vx": 0.0,
                "vy": 0.0,
                "vz": 0.0
            }
        }
    },
    "reverse": false,
    "right_distance": 1.7510942766894841,
    "steer": 8.439315934083425e-06,
    "steer_noise": 0.0,
    "target_road_option": "RoadOption.LANEFOLLOW",
    "target_waypoint": {
        "pitch": -0.7469339966773987,
        "roll": 0.0,
        "x": -88.05536651611328,
        "y": 113.53031158447266,
        "yaw": 89.84373474121094,
        "z": 0.14425444602966309
    },
    "throttle": 0.75,
    "throttle_noise": 0.0
}