{
    "blocking_state": "AgentState.NAVIGATING",
    "brake": 0.2807297110557556,
    "brake_noise": 0.0,
    "current_waypoint": {
        "pitch": -1.012520670890808,
        "roll": 0.0,
        "x": -88.10664367675781,
        "y": 94.73001861572266,
        "yaw": 89.84373474121094,
        "z": 0.45825305581092834
    },
    "ego_planned_trajectory": [],
    "ego_vehicle_can_speed": 5.440505952896199,
    "ego_vehicle_can_timestamp": "684",
    "ego_vehicle_id": 171,
    "ego_vehicle_transform": {
        "pitch": -0.971341609954834,
        "roll": 2.5510151317575946e-05,
        "x": -88.10588836669922,
        "y": 95.00344848632812,
        "yaw": 89.84384155273438,
        "z": 0.48990416526794434
    },
    "ego_velocity": {
        "vx": 0.014823216944932938,
        "vy": 5.439636707305908,
        "vz": -0.0961134135723114
    },
    "hand_brake": false,
    "left_distance": 1.7497249438139324,
    "next_target_location": null,
    "other_actors": {
        "171": {
            "bounding_box": {
                "extent_x": 2.452350616455078,
                "extent_y": 1.0303291082382202,
                "extent_z": 0.7391985058784485,
                "loc_x": 0.060644909739494324,
                "loc_y": 0.0,
                "loc_z": 0.7473415732383728
            },
            "transform": {
                "pitch": -0.971341609954834,
                "roll": 2.5510151317575946e-05,
                "x": -88.10588836669922,
                "y": 95.00344848632812,
                "yaw": 89.84384155273438,
                "z": 0.48990416526794434
            },
            "type": "vehicle.lincoln.mkz2017",
            "velocity": 5.439656904183431,
            "velocity_vec": {
                "vx": 0.014823216944932938,
                "vy": 5.439636707305908,
                "vz": -0.0961134135723114
            }
        },
        "173": {
            "bounding_box": {
                "extent_x": 2.073613166809082,
                "extent_y": 1.0016015768051147,
                "extent_z": 0.691210925579071,
                "loc_x": 0.0,
                "loc_y": 0.0,
                "loc_z": 0.7043752670288086
            },
            "transform": {
                "pitch": -0.005279736127704382,
                "roll": 0.0,
                "x": -55.36942672729492,
                "y": 131.72250366210938,
                "yaw": 178.6983184814453,
                "z": -0.008082732558250427
            },
            "type": "vehicle.audi.tt",
            "velocity": 4.443266653111616,
            "velocity_vec": {
                "vx": -4.44212007522583,
                "vy": 0.10093457251787186,
                "vz": 2.193085265389527e-06
            }
        },
        "180": {
            "bounding_box": {
                "extent_x": 2.5996146202087402,
                "extent_y": 1.3075095415115356,
                "extent_z": 1.2384252548217773,
                "loc_x": 0.0,
                "loc_y": 0.0,
                "loc_z": 1.2300000190734863
            },
            "transform": {
                "pitch": -0.13821570575237274,
                "roll": -0.01974487118422985,
                "x": -84.52183532714844,
                "y": 126.66061401367188,
                "yaw": 90.23316192626953,
                "z": 0.04392380267381668
            },
            "type": "vehicle.carlamotors.carlacola",
            "velocity": 0.0,
            "velocity_vec": {
                "vx": 0.0,
                "vy": 0.0,
                "vz": 0.0
            }
        }
    },
    "reverse": false,
    "right_distance": 1.751018520610517,
    "steer": 5.061569936515298e-07,
    "steer_noise": 0.0,
    "target_road_option": "RoadOption.LANEFOLLOW",
    "target_waypoint": {
        "pitch": -0.7469339966773987,
        "roll": 0.0,
        "x": -88.05536651611328,
        "y": 113.53031158447266,
        "yaw": 89.84373474121094,
        "z": 0.14425444602966309
    },
    "throttle": 0.0,
    "throttle_noise": 0.0
}