{
    "blocking_state": "AgentState.NAVIGATING",
    "brake": 0.05790310353040695,
    "brake_noise": 0.0,
    "current_waypoint": {
        "pitch": -1.012520670890808,
        "roll": 0.0,
        "x": -88.10894775390625,
        "y": 93.88412475585938,
        "yaw": 89.84373474121094,
        "z": 0.4732016623020172
    },
    "ego_planned_trajectory": [],
    "ego_vehicle_can_speed": 5.683004603554264,
    "ego_vehicle_can_timestamp": "681",
    "ego_vehicle_id": 171,
    "ego_vehicle_transform": {
        "pitch": -0.873929500579834,
        "roll": -6.1025231843814254e-05,
        "x": -88.10816192626953,
        "y": 94.16804504394531,
        "yaw": 89.84355163574219,
        "z": 0.5036014318466187
    },
    "ego_velocity": {
        "vx": 0.015330182388424873,
        "vy": 5.682096481323242,
        "vz": -0.1004285141825676
    },
    "hand_brake": false,
    "left_distance": 1.7497200133494946,
    "next_target_location": null,
    "other_actors": {
        "171": {
            "bounding_box": {
                "extent_x": 2.452350616455078,
                "extent_y": 1.0303291082382202,
                "extent_z": 0.7391985058784485,
                "loc_x": 0.060644909739494324,
                "loc_y": 0.0,
                "loc_z": 0.7473415732383728
            },
            "transform": {
                "pitch": -0.873929500579834,
                "roll": -6.1025231843814254e-05,
                "x": -88.10816192626953,
                "y": 94.16804504394531,
                "yaw": 89.84355163574219,
                "z": 0.5036014318466187
            },
            "type": "vehicle.lincoln.mkz2017",
            "velocity": 5.682117161547977,
            "velocity_vec": {
                "vx": 0.015330182388424873,
                "vy": 5.682096481323242,
                "vz": -0.1004285141825676
            }
        },
        "173": {
            "bounding_box": {
                "extent_x": 2.073613166809082,
                "extent_y": 1.0016015768051147,
                "extent_z": 0.691210925579071,
                "loc_x": 0.0,
                "loc_y": 0.0,
                "loc_z": 0.7043752670288086
            },
            "transform": {
                "pitch": -0.0036336604971438646,
                "roll": 3.0143376079649897e-06,
                "x": -54.71864318847656,
                "y": 131.7077178955078,
                "yaw": 178.6983184814453,
                "z": -0.008097724989056587
            },
            "type": "vehicle.audi.tt",
            "velocity": 4.316158319076265,
            "velocity_vec": {
                "vx": -4.315044403076172,
                "vy": 0.0980532243847847,
                "vz": 3.6996395920141367e-06
            }
        },
        "180": {
            "bounding_box": {
                "extent_x": 2.5996146202087402,
                "extent_y": 1.3075095415115356,
                "extent_z": 1.2384252548217773,
                "loc_x": 0.0,
                "loc_y": 0.0,
                "loc_z": 1.2300000190734863
            },
            "transform": {
                "pitch": -0.13821570575237274,
                "roll": -0.01974487118422985,
                "x": -84.52183532714844,
                "y": 126.66061401367188,
                "yaw": 90.23316192626953,
                "z": 0.04392380267381668
            },
            "type": "vehicle.carlamotors.carlacola",
            "velocity": 0.0,
            "velocity_vec": {
                "vx": 0.0,
                "vy": 0.0,
                "vz": 0.0
            }
        }
    },
    "reverse": false,
    "right_distance": 1.7509800793525092,
    "steer": 6.873496022308245e-05,
    "steer_noise": 0.0,
    "target_road_option": "RoadOption.LANEFOLLOW",
    "target_waypoint": {
        "pitch": -0.7469339966773987,
        "roll": 0.0,
        "x": -88.05536651611328,
        "y": 113.53031158447266,
        "yaw": 89.84373474121094,
        "z": 0.14425444602966309
    },
    "throttle": 0.0,
    "throttle_noise": 0.0
}