{
    "blocking_state": "AgentState.NAVIGATING",
    "brake": 0.015305858105421066,
    "brake_noise": 0.0,
    "current_waypoint": {
        "pitch": -1.012520670890808,
        "roll": 0.0,
        "x": -88.10589599609375,
        "y": 95.00344848632812,
        "yaw": 89.84373474121094,
        "z": 0.45342105627059937
    },
    "ego_planned_trajectory": [],
    "ego_vehicle_can_speed": 5.3750091525098425,
    "ego_vehicle_can_timestamp": "685",
    "ego_vehicle_id": 171,
    "ego_vehicle_transform": {
        "pitch": -1.0357980728149414,
        "roll": 0.00019506577518768609,
        "x": -88.10515594482422,
        "y": 95.2723617553711,
        "yaw": 89.84371948242188,
        "z": 0.4858587086200714
    },
    "ego_velocity": {
        "vx": 0.014833085238933563,
        "vy": 5.374149799346924,
        "vz": -0.09495948255062103
    },
    "hand_brake": false,
    "left_distance": 1.7497301810613302,
    "next_target_location": null,
    "other_actors": {
        "171": {
            "bounding_box": {
                "extent_x": 2.452350616455078,
                "extent_y": 1.0303291082382202,
                "extent_z": 0.7391985058784485,
                "loc_x": 0.060644909739494324,
                "loc_y": 0.0,
                "loc_z": 0.7473415732383728
            },
            "transform": {
                "pitch": -1.0357980728149414,
                "roll": 0.00019506577518768609,
                "x": -88.10515594482422,
                "y": 95.2723617553711,
                "yaw": 89.84371948242188,
                "z": 0.4858587086200714
            },
            "type": "vehicle.lincoln.mkz2017",
            "velocity": 5.37417026956146,
            "velocity_vec": {
                "vx": 0.014833085238933563,
                "vy": 5.374149799346924,
                "vz": -0.09495948255062103
            }
        },
        "173": {
            "bounding_box": {
                "extent_x": 2.073613166809082,
                "extent_y": 1.0016015768051147,
                "extent_z": 0.691210925579071,
                "loc_x": 0.0,
                "loc_y": 0.0,
                "loc_z": 0.7043752670288086
            },
            "transform": {
                "pitch": -0.001372867962345481,
                "roll": -1.628443907497612e-12,
                "x": -55.59602737426758,
                "y": 131.72764587402344,
                "yaw": 178.69818115234375,
                "z": -0.00811771396547556
            },
            "type": "vehicle.audi.tt",
            "velocity": 4.578615230443772,
            "velocity_vec": {
                "vx": -4.5774335861206055,
                "vy": 0.10401535034179688,
                "vz": 1.2014294270557002e-06
            }
        },
        "180": {
            "bounding_box": {
                "extent_x": 2.5996146202087402,
                "extent_y": 1.3075095415115356,
                "extent_z": 1.2384252548217773,
                "loc_x": 0.0,
                "loc_y": 0.0,
                "loc_z": 1.2300000190734863
            },
            "transform": {
                "pitch": -0.13821570575237274,
                "roll": -0.01974487118422985,
                "x": -84.52183532714844,
                "y": 126.66061401367188,
                "yaw": 90.23316192626953,
                "z": 0.04392380267381668
            },
            "type": "vehicle.carlamotors.carlacola",
            "velocity": 0.0,
            "velocity_vec": {
                "vx": 0.0,
                "vy": 0.0,
                "vz": 0.0
            }
        }
    },
    "reverse": false,
    "right_distance": 1.7510428237631466,
    "steer": -6.350674811983481e-05,
    "steer_noise": 0.0,
    "target_road_option": "RoadOption.LANEFOLLOW",
    "target_waypoint": {
        "pitch": -0.7469339966773987,
        "roll": 0.0,
        "x": -88.05536651611328,
        "y": 113.53031158447266,
        "yaw": 89.84373474121094,
        "z": 0.14425444602966309
    },
    "throttle": 0.0,
    "throttle_noise": 0.0
}