{
    "blocking_state": "AgentState.NAVIGATING",
    "brake": 0.0,
    "brake_noise": 0.0,
    "current_waypoint": {
        "pitch": -1.012520670890808,
        "roll": 0.0,
        "x": -88.1097183227539,
        "y": 93.60261535644531,
        "yaw": 89.84373474121094,
        "z": 0.47817644476890564
    },
    "ego_planned_trajectory": [],
    "ego_vehicle_can_speed": 5.640971381042829,
    "ego_vehicle_can_timestamp": "680",
    "ego_vehicle_id": 171,
    "ego_vehicle_transform": {
        "pitch": -0.9032856225967407,
        "roll": 0.00014852170716039836,
        "x": -88.10892486572266,
        "y": 93.88411712646484,
        "yaw": 89.84346008300781,
        "z": 0.5089409947395325
    },
    "ego_velocity": {
        "vx": 0.015442450530827045,
        "vy": 5.640069484710693,
        "vz": -0.09967878460884094
    },
    "hand_brake": false,
    "left_distance": 1.7497066236170258,
    "next_target_location": null,
    "other_actors": {
        "171": {
            "bounding_box": {
                "extent_x": 2.452350616455078,
                "extent_y": 1.0303291082382202,
                "extent_z": 0.7391985058784485,
                "loc_x": 0.060644909739494324,
                "loc_y": 0.0,
                "loc_z": 0.7473415732383728
            },
            "transform": {
                "pitch": -0.9032856225967407,
                "roll": 0.00014852170716039836,
                "x": -88.10892486572266,
                "y": 93.88411712646484,
                "yaw": 89.84346008300781,
                "z": 0.5089409947395325
            },
            "type": "vehicle.lincoln.mkz2017",
            "velocity": 5.640090625304095,
            "velocity_vec": {
                "vx": 0.015442450530827045,
                "vy": 5.640069484710693,
                "vz": -0.09967878460884094
            }
        },
        "173": {
            "bounding_box": {
                "extent_x": 2.073613166809082,
                "extent_y": 1.0016015768051147,
                "extent_z": 0.691210925579071,
                "loc_x": 0.0,
                "loc_y": 0.0,
                "loc_z": 0.7043752670288086
            },
            "transform": {
                "pitch": 0.0009357358794659376,
                "roll": 7.223320608318318e-06,
                "x": -54.501922607421875,
                "y": 131.70278930664062,
                "yaw": 178.6981964111328,
                "z": -0.008139113895595074
            },
            "type": "vehicle.audi.tt",
            "velocity": 4.382174586342562,
            "velocity_vec": {
                "vx": -4.381043434143066,
                "vy": 0.09956170618534088,
                "vz": 5.7020215535885654e-06
            }
        },
        "180": {
            "bounding_box": {
                "extent_x": 2.5996146202087402,
                "extent_y": 1.3075095415115356,
                "extent_z": 1.2384252548217773,
                "loc_x": 0.0,
                "loc_y": 0.0,
                "loc_z": 1.2300000190734863
            },
            "transform": {
                "pitch": -0.13821570575237274,
                "roll": -0.01974487118422985,
                "x": -84.52183532714844,
                "y": 126.66061401367188,
                "yaw": 90.23316192626953,
                "z": 0.04392380267381668
            },
            "type": "vehicle.carlamotors.carlacola",
            "velocity": 0.0,
            "velocity_vec": {
                "vx": 0.0,
                "vy": 0.0,
                "vz": 0.0
            }
        }
    },
    "reverse": false,
    "right_distance": 1.7510066945962772,
    "steer": -7.348523922701133e-06,
    "steer_noise": 0.0,
    "target_road_option": "RoadOption.LANEFOLLOW",
    "target_waypoint": {
        "pitch": -0.7469339966773987,
        "roll": 0.0,
        "x": -88.05536651611328,
        "y": 113.53031158447266,
        "yaw": 89.84373474121094,
        "z": 0.14425444602966309
    },
    "throttle": 0.2974493205547333,
    "throttle_noise": 0.0
}