{
    "blocking_state": "AgentState.NAVIGATING",
    "brake": 0.30000001192092896,
    "brake_noise": 0.0,
    "current_waypoint": {
        "pitch": -1.012520670890808,
        "roll": 0.0,
        "x": -88.09635162353516,
        "y": 98.50167083740234,
        "yaw": 89.84373474121094,
        "z": 0.3916008174419403
    },
    "ego_planned_trajectory": [],
    "ego_vehicle_can_speed": 5.625477459336115,
    "ego_vehicle_can_timestamp": "698",
    "ego_vehicle_id": 171,
    "ego_vehicle_transform": {
        "pitch": -0.841247022151947,
        "roll": 0.06682972609996796,
        "x": -88.09455871582031,
        "y": 98.78443908691406,
        "yaw": 89.84423828125,
        "z": 0.42318665981292725
    },
    "ego_velocity": {
        "vx": -0.006201388314366341,
        "vy": 5.625010967254639,
        "vz": -0.07217898964881897
    },
    "hand_brake": false,
    "left_distance": 1.7487134605790848,
    "next_target_location": null,
    "other_actors": {
        "171": {
            "bounding_box": {
                "extent_x": 2.452350616455078,
                "extent_y": 1.0303291082382202,
                "extent_z": 0.7391985058784485,
                "loc_x": 0.060644909739494324,
                "loc_y": 0.0,
                "loc_z": 0.7473415732383728
            },
            "transform": {
                "pitch": -0.841247022151947,
                "roll": 0.06682972609996796,
                "x": -88.09455871582031,
                "y": 98.78443908691406,
                "yaw": 89.84423828125,
                "z": 0.42318665981292725
            },
            "type": "vehicle.lincoln.mkz2017",
            "velocity": 5.625014385666226,
            "velocity_vec": {
                "vx": -0.006201388314366341,
                "vy": 5.625010967254639,
                "vz": -0.07217898964881897
            }
        },
        "173": {
            "bounding_box": {
                "extent_x": 2.073613166809082,
                "extent_y": 1.0016015768051147,
                "extent_z": 0.691210925579071,
                "loc_x": 0.0,
                "loc_y": 0.0,
                "loc_z": 0.7043752670288086
            },
            "transform": {
                "pitch": 0.004466943442821503,
                "roll": 0.0,
                "x": -58.44859313964844,
                "y": 131.79246520996094,
                "yaw": 178.69810485839844,
                "z": -0.008170013315975666
            },
            "type": "vehicle.audi.tt",
            "velocity": 4.640484142496053,
            "velocity_vec": {
                "vx": -4.639286518096924,
                "vy": 0.10542143881320953,
                "vz": 4.767576911035576e-07
            }
        },
        "180": {
            "bounding_box": {
                "extent_x": 2.5996146202087402,
                "extent_y": 1.3075095415115356,
                "extent_z": 1.2384252548217773,
                "loc_x": 0.0,
                "loc_y": 0.0,
                "loc_z": 1.2300000190734863
            },
            "transform": {
                "pitch": -0.13821570575237274,
                "roll": -0.01974487118422985,
                "x": -84.52183532714844,
                "y": 126.66061401367188,
                "yaw": 90.23316192626953,
                "z": 0.04392380267381668
            },
            "type": "vehicle.carlamotors.carlacola",
            "velocity": 0.0,
            "velocity_vec": {
                "vx": 0.0,
                "vy": 0.0,
                "vz": 0.0
            }
        }
    },
    "reverse": false,
    "right_distance": 1.752030076075456,
    "steer": 0.0007622272823937237,
    "steer_noise": 0.0,
    "target_road_option": "RoadOption.LANEFOLLOW",
    "target_waypoint": {
        "pitch": -0.7469339966773987,
        "roll": 0.0,
        "x": -88.05536651611328,
        "y": 113.53031158447266,
        "yaw": 89.84373474121094,
        "z": 0.14425444602966309
    },
    "throttle": 0.0,
    "throttle_noise": 0.0
}