{
    "blocking_state": "AgentState.NAVIGATING",
    "brake": 0.30000001192092896,
    "brake_noise": 0.0,
    "current_waypoint": {
        "pitch": -1.012520670890808,
        "roll": 0.0,
        "x": -88.0955810546875,
        "y": 98.7844467163086,
        "yaw": 89.84373474121094,
        "z": 0.3866036534309387
    },
    "ego_planned_trajectory": [],
    "ego_vehicle_can_speed": 5.5539131754112985,
    "ego_vehicle_can_timestamp": "699",
    "ego_vehicle_id": 171,
    "ego_vehicle_transform": {
        "pitch": -0.8835737109184265,
        "roll": 0.04907303676009178,
        "x": -88.09487915039062,
        "y": 99.06293487548828,
        "yaw": 89.8475570678711,
        "z": 0.4183714985847473
    },
    "ego_velocity": {
        "vx": 0.007839525118470192,
        "vy": 5.5526604652404785,
        "vz": -0.11769392341375351
    },
    "hand_brake": false,
    "left_distance": 1.7497931358445211,
    "next_target_location": null,
    "other_actors": {
        "171": {
            "bounding_box": {
                "extent_x": 2.452350616455078,
                "extent_y": 1.0303291082382202,
                "extent_z": 0.7391985058784485,
                "loc_x": 0.060644909739494324,
                "loc_y": 0.0,
                "loc_z": 0.7473415732383728
            },
            "transform": {
                "pitch": -0.8835737109184265,
                "roll": 0.04907303676009178,
                "x": -88.09487915039062,
                "y": 99.06293487548828,
                "yaw": 89.8475570678711,
                "z": 0.4183714985847473
            },
            "type": "vehicle.lincoln.mkz2017",
            "velocity": 5.552665999355507,
            "velocity_vec": {
                "vx": 0.007839525118470192,
                "vy": 5.5526604652404785,
                "vz": -0.11769392341375351
            }
        },
        "173": {
            "bounding_box": {
                "extent_x": 2.073613166809082,
                "extent_y": 1.0016015768051147,
                "extent_z": 0.691210925579071,
                "loc_x": 0.0,
                "loc_y": 0.0,
                "loc_z": 0.7043752670288086
            },
            "transform": {
                "pitch": 0.011816226877272129,
                "roll": 4.2134488467127085e-06,
                "x": -58.68709182739258,
                "y": 131.79786682128906,
                "yaw": 178.69786071777344,
                "z": -0.008236274123191833
            },
            "type": "vehicle.audi.tt",
            "velocity": 4.833312851105831,
            "velocity_vec": {
                "vx": -4.832065105438232,
                "vy": 0.10981772840023041,
                "vz": 6.483904826382059e-07
            }
        },
        "180": {
            "bounding_box": {
                "extent_x": 2.5996146202087402,
                "extent_y": 1.3075095415115356,
                "extent_z": 1.2384252548217773,
                "loc_x": 0.0,
                "loc_y": 0.0,
                "loc_z": 1.2300000190734863
            },
            "transform": {
                "pitch": -0.13821570575237274,
                "roll": -0.01974487118422985,
                "x": -84.52183532714844,
                "y": 126.66061401367188,
                "yaw": 90.23316192626953,
                "z": 0.04392380267381668
            },
            "type": "vehicle.carlamotors.carlacola",
            "velocity": 0.0,
            "velocity_vec": {
                "vx": 0.0,
                "vy": 0.0,
                "vz": 0.0
            }
        }
    },
    "reverse": false,
    "right_distance": 1.750955538076726,
    "steer": 6.631894211750478e-05,
    "steer_noise": 0.0,
    "target_road_option": "RoadOption.LANEFOLLOW",
    "target_waypoint": {
        "pitch": -0.7469339966773987,
        "roll": 0.0,
        "x": -88.05536651611328,
        "y": 113.53031158447266,
        "yaw": 89.84373474121094,
        "z": 0.14425444602966309
    },
    "throttle": 0.0,
    "throttle_noise": 0.0
}