{
    "blocking_state": "AgentState.NAVIGATING",
    "brake": 0.07649151980876923,
    "brake_noise": 0.0,
    "current_waypoint": {
        "pitch": -1.012520670890808,
        "roll": 0.0,
        "x": -88.09712982177734,
        "y": 98.21792602539062,
        "yaw": 89.84373474121094,
        "z": 0.39661523699760437
    },
    "ego_planned_trajectory": [],
    "ego_vehicle_can_speed": 5.6806382321845375,
    "ego_vehicle_can_timestamp": "697",
    "ego_vehicle_id": 171,
    "ego_vehicle_transform": {
        "pitch": -0.8554606437683105,
        "roll": -0.04916379228234291,
        "x": -88.0959243774414,
        "y": 98.50167846679688,
        "yaw": 89.84254455566406,
        "z": 0.427489697933197
    },
    "ego_velocity": {
        "vx": 0.007734076585620642,
        "vy": 5.6795244216918945,
        "vz": -0.1122196614742279
    },
    "hand_brake": false,
    "left_distance": 1.7493016240142818,
    "next_target_location": null,
    "other_actors": {
        "171": {
            "bounding_box": {
                "extent_x": 2.452350616455078,
                "extent_y": 1.0303291082382202,
                "extent_z": 0.7391985058784485,
                "loc_x": 0.060644909739494324,
                "loc_y": 0.0,
                "loc_z": 0.7473415732383728
            },
            "transform": {
                "pitch": -0.8554606437683105,
                "roll": -0.04916379228234291,
                "x": -88.0959243774414,
                "y": 98.50167846679688,
                "yaw": 89.84254455566406,
                "z": 0.427489697933197
            },
            "type": "vehicle.lincoln.mkz2017",
            "velocity": 5.679529687618094,
            "velocity_vec": {
                "vx": 0.007734076585620642,
                "vy": 5.6795244216918945,
                "vz": -0.1122196614742279
            }
        },
        "173": {
            "bounding_box": {
                "extent_x": 2.073613166809082,
                "extent_y": 1.0016015768051147,
                "extent_z": 0.691210925579071,
                "loc_x": 0.0,
                "loc_y": 0.0,
                "loc_z": 0.7043752670288086
            },
            "transform": {
                "pitch": -0.0027184151113033295,
                "roll": 0.0,
                "x": -58.21985626220703,
                "y": 131.7872772216797,
                "yaw": 178.69825744628906,
                "z": -0.008105507120490074
            },
            "type": "vehicle.audi.tt",
            "velocity": 4.446822274696683,
            "velocity_vec": {
                "vx": -4.445674896240234,
                "vy": 0.10101019591093063,
                "vz": 1.2395699968692497e-06
            }
        },
        "180": {
            "bounding_box": {
                "extent_x": 2.5996146202087402,
                "extent_y": 1.3075095415115356,
                "extent_z": 1.2384252548217773,
                "loc_x": 0.0,
                "loc_y": 0.0,
                "loc_z": 1.2300000190734863
            },
            "transform": {
                "pitch": -0.13821570575237274,
                "roll": -0.01974487118422985,
                "x": -84.52183532714844,
                "y": 126.66061401367188,
                "yaw": 90.23316192626953,
                "z": 0.04392380267381668
            },
            "type": "vehicle.carlamotors.carlacola",
            "velocity": 0.0,
            "velocity_vec": {
                "vx": 0.0,
                "vy": 0.0,
                "vz": 0.0
            }
        }
    },
    "reverse": false,
    "right_distance": 1.7514141181653444,
    "steer": -7.469672709703445e-05,
    "steer_noise": 0.0,
    "target_road_option": "RoadOption.LANEFOLLOW",
    "target_waypoint": {
        "pitch": -0.7469339966773987,
        "roll": 0.0,
        "x": -88.05536651611328,
        "y": 113.53031158447266,
        "yaw": 89.84373474121094,
        "z": 0.14425444602966309
    },
    "throttle": 0.0,
    "throttle_noise": 0.0
}