{
    "blocking_state": "AgentState.NAVIGATING",
    "brake": 0.0,
    "brake_noise": 0.0,
    "current_waypoint": {
        "pitch": -1.012520670890808,
        "roll": 0.0,
        "x": -88.09789276123047,
        "y": 97.93635559082031,
        "yaw": 89.84373474121094,
        "z": 0.40159109234809875
    },
    "ego_planned_trajectory": [],
    "ego_vehicle_can_speed": 5.64550571555477,
    "ego_vehicle_can_timestamp": "696",
    "ego_vehicle_id": 171,
    "ego_vehicle_transform": {
        "pitch": -0.8674613237380981,
        "roll": -0.0869750827550888,
        "x": -88.09672546386719,
        "y": 98.2179183959961,
        "yaw": 89.84252166748047,
        "z": 0.43337252736091614
    },
    "ego_velocity": {
        "vx": 0.01477065309882164,
        "vy": 5.6441802978515625,
        "vz": -0.12143054604530334
    },
    "hand_brake": false,
    "left_distance": 1.749336247767064,
    "next_target_location": null,
    "other_actors": {
        "171": {
            "bounding_box": {
                "extent_x": 2.452350616455078,
                "extent_y": 1.0303291082382202,
                "extent_z": 0.7391985058784485,
                "loc_x": 0.060644909739494324,
                "loc_y": 0.0,
                "loc_z": 0.7473415732383728
            },
            "transform": {
                "pitch": -0.8674613237380981,
                "roll": -0.0869750827550888,
                "x": -88.09672546386719,
                "y": 98.2179183959961,
                "yaw": 89.84252166748047,
                "z": 0.43337252736091614
            },
            "type": "vehicle.lincoln.mkz2017",
            "velocity": 5.644199624999874,
            "velocity_vec": {
                "vx": 0.01477065309882164,
                "vy": 5.6441802978515625,
                "vz": -0.12143054604530334
            }
        },
        "173": {
            "bounding_box": {
                "extent_x": 2.073613166809082,
                "extent_y": 1.0016015768051147,
                "extent_z": 0.691210925579071,
                "loc_x": 0.0,
                "loc_y": 0.0,
                "loc_z": 0.7043752670288086
            },
            "transform": {
                "pitch": -0.008824603632092476,
                "roll": 0.0,
                "x": -58.00052261352539,
                "y": 131.78228759765625,
                "yaw": 178.6984405517578,
                "z": -0.00805057492107153
            },
            "type": "vehicle.audi.tt",
            "velocity": 4.273768051119171,
            "velocity_vec": {
                "vx": -4.272665500640869,
                "vy": 0.09707149118185043,
                "vz": 5.14898317760526e-07
            }
        },
        "180": {
            "bounding_box": {
                "extent_x": 2.5996146202087402,
                "extent_y": 1.3075095415115356,
                "extent_z": 1.2384252548217773,
                "loc_x": 0.0,
                "loc_y": 0.0,
                "loc_z": 1.2300000190734863
            },
            "transform": {
                "pitch": -0.13821570575237274,
                "roll": -0.01974487118422985,
                "x": -84.52183532714844,
                "y": 126.66061401367188,
                "yaw": 90.23316192626953,
                "z": 0.04392380267381668
            },
            "type": "vehicle.carlamotors.carlacola",
            "velocity": 0.0,
            "velocity_vec": {
                "vx": 0.0,
                "vy": 0.0,
                "vz": 0.0
            }
        }
    },
    "reverse": false,
    "right_distance": 1.7514155620565315,
    "steer": -0.000335579999955371,
    "steer_noise": 0.0,
    "target_road_option": "RoadOption.LANEFOLLOW",
    "target_waypoint": {
        "pitch": -0.7469339966773987,
        "roll": 0.0,
        "x": -88.05536651611328,
        "y": 113.53031158447266,
        "yaw": 89.84373474121094,
        "z": 0.14425444602966309
    },
    "throttle": 0.2731795012950897,
    "throttle_noise": 0.0
}