{
    "blocking_state": "AgentState.NAVIGATING",
    "brake": 0.0,
    "brake_noise": 0.0,
    "current_waypoint": {
        "pitch": -1.012520670890808,
        "roll": 0.0,
        "x": -88.10086059570312,
        "y": 96.8484115600586,
        "yaw": 89.84373474121094,
        "z": 0.4208170473575592
    },
    "ego_planned_trajectory": [],
    "ego_vehicle_can_speed": 5.3329065090223775,
    "ego_vehicle_can_timestamp": "692",
    "ego_vehicle_id": 171,
    "ego_vehicle_transform": {
        "pitch": -1.0959993600845337,
        "roll": 0.0,
        "x": -88.10013580322266,
        "y": 97.11455535888672,
        "yaw": 89.84364318847656,
        "z": 0.4539633095264435
    },
    "ego_velocity": {
        "vx": 0.014594885520637035,
        "vy": 5.332054138183594,
        "vz": -0.09422043710947037
    },
    "hand_brake": false,
    "left_distance": 1.7497403909845888,
    "next_target_location": null,
    "other_actors": {
        "171": {
            "bounding_box": {
                "extent_x": 2.452350616455078,
                "extent_y": 1.0303291082382202,
                "extent_z": 0.7391985058784485,
                "loc_x": 0.060644909739494324,
                "loc_y": 0.0,
                "loc_z": 0.7473415732383728
            },
            "transform": {
                "pitch": -1.0959993600845337,
                "roll": 0.0,
                "x": -88.10013580322266,
                "y": 97.11455535888672,
                "yaw": 89.84364318847656,
                "z": 0.4539633095264435
            },
            "type": "vehicle.lincoln.mkz2017",
            "velocity": 5.3320741126886215,
            "velocity_vec": {
                "vx": 0.014594885520637035,
                "vy": 5.332054138183594,
                "vz": -0.09422043710947037
            }
        },
        "173": {
            "bounding_box": {
                "extent_x": 2.073613166809082,
                "extent_y": 1.0016015768051147,
                "extent_z": 0.691210925579071,
                "loc_x": 0.0,
                "loc_y": 0.0,
                "loc_z": 0.7043752670288086
            },
            "transform": {
                "pitch": -0.010436528362333775,
                "roll": 0.0,
                "x": -57.178768157958984,
                "y": 131.7636260986328,
                "yaw": 178.6984405517578,
                "z": -0.0080358125269413
            },
            "type": "vehicle.audi.tt",
            "velocity": 4.100919312000397,
            "velocity_vec": {
                "vx": -4.099861145019531,
                "vy": 0.09315468370914459,
                "vz": 5.721092293242691e-07
            }
        },
        "180": {
            "bounding_box": {
                "extent_x": 2.5996146202087402,
                "extent_y": 1.3075095415115356,
                "extent_z": 1.2384252548217773,
                "loc_x": 0.0,
                "loc_y": 0.0,
                "loc_z": 1.2300000190734863
            },
            "transform": {
                "pitch": -0.13821570575237274,
                "roll": -0.01974487118422985,
                "x": -84.52183532714844,
                "y": 126.66061401367188,
                "yaw": 90.23316192626953,
                "z": 0.04392380267381668
            },
            "type": "vehicle.carlamotors.carlacola",
            "velocity": 0.0,
            "velocity_vec": {
                "vx": 0.0,
                "vy": 0.0,
                "vz": 0.0
            }
        }
    },
    "reverse": false,
    "right_distance": 1.7510595258079837,
    "steer": -1.3746204786002636e-05,
    "steer_noise": 0.0,
    "target_road_option": "RoadOption.LANEFOLLOW",
    "target_waypoint": {
        "pitch": -0.7469339966773987,
        "roll": 0.0,
        "x": -88.05536651611328,
        "y": 113.53031158447266,
        "yaw": 89.84373474121094,
        "z": 0.14425444602966309
    },
    "throttle": 0.75,
    "throttle_noise": 0.0
}