{
    "blocking_state": "AgentState.NAVIGATING",
    "brake": 0.0,
    "brake_noise": 0.0,
    "current_waypoint": {
        "pitch": -1.012520670890808,
        "roll": 0.0,
        "x": -88.0986557006836,
        "y": 97.65799713134766,
        "yaw": 89.84373474121094,
        "z": 0.40651020407676697
    },
    "ego_planned_trajectory": [],
    "ego_vehicle_can_speed": 5.58233978422101,
    "ego_vehicle_can_timestamp": "695",
    "ego_vehicle_id": 171,
    "ego_vehicle_transform": {
        "pitch": -0.9041393995285034,
        "roll": -0.13769525289535522,
        "x": -88.09852600097656,
        "y": 97.93635559082031,
        "yaw": 89.84403991699219,
        "z": 0.4392755329608917
    },
    "ego_velocity": {
        "vx": 0.03274007514119148,
        "vy": 5.581698417663574,
        "vz": -0.07802774012088776
    },
    "hand_brake": false,
    "left_distance": 1.750368354918983,
    "next_target_location": null,
    "other_actors": {
        "171": {
            "bounding_box": {
                "extent_x": 2.452350616455078,
                "extent_y": 1.0303291082382202,
                "extent_z": 0.7391985058784485,
                "loc_x": 0.060644909739494324,
                "loc_y": 0.0,
                "loc_z": 0.7473415732383728
            },
            "transform": {
                "pitch": -0.9041393995285034,
                "roll": -0.13769525289535522,
                "x": -88.09852600097656,
                "y": 97.93635559082031,
                "yaw": 89.84403991699219,
                "z": 0.4392755329608917
            },
            "type": "vehicle.lincoln.mkz2017",
            "velocity": 5.581794437120405,
            "velocity_vec": {
                "vx": 0.03274007514119148,
                "vy": 5.581698417663574,
                "vz": -0.07802774012088776
            }
        },
        "173": {
            "bounding_box": {
                "extent_x": 2.073613166809082,
                "extent_y": 1.0016015768051147,
                "extent_z": 0.691210925579071,
                "loc_x": 0.0,
                "loc_y": 0.0,
                "loc_z": 0.7043752670288086
            },
            "transform": {
                "pitch": -0.013059320859611034,
                "roll": 0.0,
                "x": -57.789310455322266,
                "y": 131.77748107910156,
                "yaw": 178.69851684570312,
                "z": -0.008012313395738602
            },
            "type": "vehicle.audi.tt",
            "velocity": 4.136888493395176,
            "velocity_vec": {
                "vx": -4.135821342468262,
                "vy": 0.09395866096019745,
                "vz": 1.5256246399530937e-07
            }
        },
        "180": {
            "bounding_box": {
                "extent_x": 2.5996146202087402,
                "extent_y": 1.3075095415115356,
                "extent_z": 1.2384252548217773,
                "loc_x": 0.0,
                "loc_y": 0.0,
                "loc_z": 1.2300000190734863
            },
            "transform": {
                "pitch": -0.13821570575237274,
                "roll": -0.01974487118422985,
                "x": -84.52183532714844,
                "y": 126.66061401367188,
                "yaw": 90.23316192626953,
                "z": 0.04392380267381668
            },
            "type": "vehicle.carlamotors.carlacola",
            "velocity": 0.0,
            "velocity_vec": {
                "vx": 0.0,
                "vy": 0.0,
                "vz": 0.0
            }
        }
    },
    "reverse": false,
    "right_distance": 1.7504236976027865,
    "steer": -6.212628068169579e-05,
    "steer_noise": 0.0,
    "target_road_option": "RoadOption.LANEFOLLOW",
    "target_waypoint": {
        "pitch": -0.7469339966773987,
        "roll": 0.0,
        "x": -88.05536651611328,
        "y": 113.53031158447266,
        "yaw": 89.84373474121094,
        "z": 0.14425444602966309
    },
    "throttle": 0.5289285778999329,
    "throttle_noise": 0.0
}