{
    "blocking_state": "AgentState.NAVIGATING",
    "brake": 0.0,
    "brake_noise": 0.0,
    "current_waypoint": {
        "pitch": -1.012520670890808,
        "roll": 0.0,
        "x": -88.102294921875,
        "y": 96.32315826416016,
        "yaw": 89.84373474121094,
        "z": 0.43009936809539795
    },
    "ego_planned_trajectory": [],
    "ego_vehicle_can_speed": 5.235341675668526,
    "ego_vehicle_can_timestamp": "690",
    "ego_vehicle_id": 171,
    "ego_vehicle_transform": {
        "pitch": -1.1582634449005127,
        "roll": 6.6180978137708735e-06,
        "x": -88.10160064697266,
        "y": 96.58474731445312,
        "yaw": 89.84380340576172,
        "z": 0.4640089273452759
    },
    "ego_velocity": {
        "vx": 0.01430589985102415,
        "vy": 5.234504699707031,
        "vz": -0.09251135587692261
    },
    "hand_brake": false,
    "left_distance": 1.7497612221873042,
    "next_target_location": null,
    "other_actors": {
        "171": {
            "bounding_box": {
                "extent_x": 2.452350616455078,
                "extent_y": 1.0303291082382202,
                "extent_z": 0.7391985058784485,
                "loc_x": 0.060644909739494324,
                "loc_y": 0.0,
                "loc_z": 0.7473415732383728
            },
            "transform": {
                "pitch": -1.1582634449005127,
                "roll": 6.6180978137708735e-06,
                "x": -88.10160064697266,
                "y": 96.58474731445312,
                "yaw": 89.84380340576172,
                "z": 0.4640089273452759
            },
            "type": "vehicle.lincoln.mkz2017",
            "velocity": 5.234524248680633,
            "velocity_vec": {
                "vx": 0.01430589985102415,
                "vy": 5.234504699707031,
                "vz": -0.09251135587692261
            }
        },
        "173": {
            "bounding_box": {
                "extent_x": 2.073613166809082,
                "extent_y": 1.0016015768051147,
                "extent_z": 0.691210925579071,
                "loc_x": 0.0,
                "loc_y": 0.0,
                "loc_z": 0.7043752670288086
            },
            "transform": {
                "pitch": 0.0016324151074513793,
                "roll": 6.591214514628518e-06,
                "x": -56.76042175292969,
                "y": 131.75411987304688,
                "yaw": 178.6981658935547,
                "z": -0.00814460776746273
            },
            "type": "vehicle.audi.tt",
            "velocity": 4.3522140589877605,
            "velocity_vec": {
                "vx": -4.351090431213379,
                "vy": 0.09889021515846252,
                "vz": 6.102498559812375e-07
            }
        },
        "180": {
            "bounding_box": {
                "extent_x": 2.5996146202087402,
                "extent_y": 1.3075095415115356,
                "extent_z": 1.2384252548217773,
                "loc_x": 0.0,
                "loc_y": 0.0,
                "loc_z": 1.2300000190734863
            },
            "transform": {
                "pitch": -0.13821570575237274,
                "roll": -0.01974487118422985,
                "x": -84.52183532714844,
                "y": 126.66061401367188,
                "yaw": 90.23316192626953,
                "z": 0.04392380267381668
            },
            "type": "vehicle.carlamotors.carlacola",
            "velocity": 0.0,
            "velocity_vec": {
                "vx": 0.0,
                "vy": 0.0,
                "vz": 0.0
            }
        }
    },
    "reverse": false,
    "right_distance": 1.7510688763797901,
    "steer": -1.1823875638583559e-06,
    "steer_noise": 0.0,
    "target_road_option": "RoadOption.LANEFOLLOW",
    "target_waypoint": {
        "pitch": -0.7469339966773987,
        "roll": 0.0,
        "x": -88.05536651611328,
        "y": 113.53031158447266,
        "yaw": 89.84373474121094,
        "z": 0.14425444602966309
    },
    "throttle": 0.75,
    "throttle_noise": 0.0
}