{
    "blocking_state": "AgentState.NAVIGATING",
    "brake": 0.0,
    "brake_noise": 0.0,
    "current_waypoint": {
        "pitch": -1.012520670890808,
        "roll": 0.0,
        "x": -88.1015853881836,
        "y": 96.58474731445312,
        "yaw": 89.84373474121094,
        "z": 0.4254764914512634
    },
    "ego_planned_trajectory": [],
    "ego_vehicle_can_speed": 5.287204390132348,
    "ego_vehicle_can_timestamp": "691",
    "ego_vehicle_id": 171,
    "ego_vehicle_transform": {
        "pitch": -1.1321310997009277,
        "roll": -3.058173751924187e-05,
        "x": -88.10086822509766,
        "y": 96.84840393066406,
        "yaw": 89.84371948242188,
        "z": 0.45906302332878113
    },
    "ego_velocity": {
        "vx": 0.014444217085838318,
        "vy": 5.2863593101501465,
        "vz": -0.09341772645711899
    },
    "hand_brake": false,
    "left_distance": 1.7497428682595113,
    "next_target_location": null,
    "other_actors": {
        "171": {
            "bounding_box": {
                "extent_x": 2.452350616455078,
                "extent_y": 1.0303291082382202,
                "extent_z": 0.7391985058784485,
                "loc_x": 0.060644909739494324,
                "loc_y": 0.0,
                "loc_z": 0.7473415732383728
            },
            "transform": {
                "pitch": -1.1321310997009277,
                "roll": -3.058173751924187e-05,
                "x": -88.10086822509766,
                "y": 96.84840393066406,
                "yaw": 89.84371948242188,
                "z": 0.45906302332878113
            },
            "type": "vehicle.lincoln.mkz2017",
            "velocity": 5.286379043486984,
            "velocity_vec": {
                "vx": 0.014444217085838318,
                "vy": 5.2863593101501465,
                "vz": -0.09341772645711899
            }
        },
        "173": {
            "bounding_box": {
                "extent_x": 2.073613166809082,
                "extent_y": 1.0016015768051147,
                "extent_z": 0.691210925579071,
                "loc_x": 0.0,
                "loc_y": 0.0,
                "loc_z": 0.7043752670288086
            },
            "transform": {
                "pitch": -0.0051294718869030476,
                "roll": 2.8302029022597708e-06,
                "x": -56.97236633300781,
                "y": 131.75892639160156,
                "yaw": 178.6983184814453,
                "z": -0.008083762601017952
            },
            "type": "vehicle.audi.tt",
            "velocity": 4.196038342085735,
            "velocity_vec": {
                "vx": -4.194955348968506,
                "vy": 0.09532779455184937,
                "vz": 9.535153111528416e-08
            }
        },
        "180": {
            "bounding_box": {
                "extent_x": 2.5996146202087402,
                "extent_y": 1.3075095415115356,
                "extent_z": 1.2384252548217773,
                "loc_x": 0.0,
                "loc_y": 0.0,
                "loc_z": 1.2300000190734863
            },
            "transform": {
                "pitch": -0.13821570575237274,
                "roll": -0.01974487118422985,
                "x": -84.52183532714844,
                "y": 126.66061401367188,
                "yaw": 90.23316192626953,
                "z": 0.04392380267381668
            },
            "type": "vehicle.carlamotors.carlacola",
            "velocity": 0.0,
            "velocity_vec": {
                "vx": 0.0,
                "vy": 0.0,
                "vz": 0.0
            }
        }
    },
    "reverse": false,
    "right_distance": 1.7510744586078772,
    "steer": -4.584198450174881e-06,
    "steer_noise": 0.0,
    "target_road_option": "RoadOption.LANEFOLLOW",
    "target_waypoint": {
        "pitch": -0.7469339966773987,
        "roll": 0.0,
        "x": -88.05536651611328,
        "y": 113.53031158447266,
        "yaw": 89.84373474121094,
        "z": 0.14425444602966309
    },
    "throttle": 0.75,
    "throttle_noise": 0.0
}