{
    "blocking_state": "AgentState.NAVIGATING",
    "brake": 0.0,
    "brake_noise": 0.0,
    "current_waypoint": {
        "pitch": -1.012520670890808,
        "roll": 0.0,
        "x": -88.09333801269531,
        "y": 99.60658264160156,
        "yaw": 89.84373474121094,
        "z": 0.37207502126693726
    },
    "ego_planned_trajectory": [],
    "ego_vehicle_can_speed": 5.428333705782871,
    "ego_vehicle_can_timestamp": "702",
    "ego_vehicle_id": 171,
    "ego_vehicle_transform": {
        "pitch": -1.0521564483642578,
        "roll": 0.01476765051484108,
        "x": -88.09263610839844,
        "y": 99.87779235839844,
        "yaw": 89.84039306640625,
        "z": 0.4046480059623718
    },
    "ego_velocity": {
        "vx": 0.01731192320585251,
        "vy": 5.427412033081055,
        "vz": -0.09851772338151932
    },
    "hand_brake": false,
    "left_distance": 1.7497756087244063,
    "next_target_location": null,
    "other_actors": {
        "171": {
            "bounding_box": {
                "extent_x": 2.452350616455078,
                "extent_y": 1.0303291082382202,
                "extent_z": 0.7391985058784485,
                "loc_x": 0.060644909739494324,
                "loc_y": 0.0,
                "loc_z": 0.7473415732383728
            },
            "transform": {
                "pitch": -1.0521564483642578,
                "roll": 0.01476765051484108,
                "x": -88.09263610839844,
                "y": 99.87779235839844,
                "yaw": 89.84039306640625,
                "z": 0.4046480059623718
            },
            "type": "vehicle.lincoln.mkz2017",
            "velocity": 5.427439643102272,
            "velocity_vec": {
                "vx": 0.01731192320585251,
                "vy": 5.427412033081055,
                "vz": -0.09851772338151932
            }
        },
        "173": {
            "bounding_box": {
                "extent_x": 2.073613166809082,
                "extent_y": 1.0016015768051147,
                "extent_z": 0.691210925579071,
                "loc_x": 0.0,
                "loc_y": 0.0,
                "loc_z": 0.7043752670288086
            },
            "transform": {
                "pitch": 0.024103736504912376,
                "roll": 2.1379437384894118e-05,
                "x": -59.44135665893555,
                "y": 131.8150177001953,
                "yaw": 178.69747924804688,
                "z": -0.0075577544048428535
            },
            "type": "vehicle.audi.tt",
            "velocity": 5.046047758887785,
            "velocity_vec": {
                "vx": -5.04474401473999,
                "vy": 0.11469878256320953,
                "vz": 0.005000977776944637
            }
        },
        "180": {
            "bounding_box": {
                "extent_x": 2.5996146202087402,
                "extent_y": 1.3075095415115356,
                "extent_z": 1.2384252548217773,
                "loc_x": 0.0,
                "loc_y": 0.0,
                "loc_z": 1.2300000190734863
            },
            "transform": {
                "pitch": -0.13821570575237274,
                "roll": -0.01974487118422985,
                "x": -84.52183532714844,
                "y": 126.66061401367188,
                "yaw": 90.23316192626953,
                "z": 0.04392380267381668
            },
            "type": "vehicle.carlamotors.carlacola",
            "velocity": 0.0,
            "velocity_vec": {
                "vx": 0.0,
                "vy": 0.0,
                "vz": 0.0
            }
        }
    },
    "reverse": false,
    "right_distance": 1.75100092273611,
    "steer": 1.8019602066488005e-05,
    "steer_noise": 0.0,
    "target_road_option": "RoadOption.LANEFOLLOW",
    "target_waypoint": {
        "pitch": -0.7469339966773987,
        "roll": 0.0,
        "x": -88.05536651611328,
        "y": 113.53031158447266,
        "yaw": 89.84373474121094,
        "z": 0.14425444602966309
    },
    "throttle": 0.434226930141449,
    "throttle_noise": 0.0
}