{
    "blocking_state": "AgentState.NAVIGATING",
    "brake": 0.0,
    "brake_noise": 0.0,
    "current_waypoint": {
        "pitch": -1.012520670890808,
        "roll": 0.0,
        "x": -88.09185791015625,
        "y": 100.14959716796875,
        "yaw": 89.84373474121094,
        "z": 0.36247897148132324
    },
    "ego_planned_trajectory": [],
    "ego_vehicle_can_speed": 5.438128430364245,
    "ego_vehicle_can_timestamp": "704",
    "ego_vehicle_id": 171,
    "ego_vehicle_transform": {
        "pitch": -1.0711307525634766,
        "roll": 0.003715685335919261,
        "x": -88.09121704101562,
        "y": 100.4215316772461,
        "yaw": 89.84296417236328,
        "z": 0.3951437771320343
    },
    "ego_velocity": {
        "vx": 0.014546208083629608,
        "vy": 5.437254428863525,
        "vz": -0.0964028462767601
    },
    "hand_brake": false,
    "left_distance": 1.7498390900773027,
    "next_target_location": null,
    "other_actors": {
        "171": {
            "bounding_box": {
                "extent_x": 2.452350616455078,
                "extent_y": 1.0303291082382202,
                "extent_z": 0.7391985058784485,
                "loc_x": 0.060644909739494324,
                "loc_y": 0.0,
                "loc_z": 0.7473415732383728
            },
            "transform": {
                "pitch": -1.0711307525634766,
                "roll": 0.003715685335919261,
                "x": -88.09121704101562,
                "y": 100.4215316772461,
                "yaw": 89.84296417236328,
                "z": 0.3951437771320343
            },
            "type": "vehicle.lincoln.mkz2017",
            "velocity": 5.437273886458694,
            "velocity_vec": {
                "vx": 0.014546208083629608,
                "vy": 5.437254428863525,
                "vz": -0.0964028462767601
            }
        },
        "173": {
            "bounding_box": {
                "extent_x": 2.073613166809082,
                "extent_y": 1.0016015768051147,
                "extent_z": 0.691210925579071,
                "loc_x": 0.0,
                "loc_y": 0.0,
                "loc_z": 0.7043752670288086
            },
            "transform": {
                "pitch": 0.01041603833436966,
                "roll": 1.8315968191018328e-05,
                "x": -59.91902542114258,
                "y": 131.8258819580078,
                "yaw": 178.69781494140625,
                "z": -0.008017310872673988
            },
            "type": "vehicle.audi.tt",
            "velocity": 4.566973725485754,
            "velocity_vec": {
                "vx": -4.565793991088867,
                "vy": 0.10379903763532639,
                "vz": -0.005185102112591267
            }
        },
        "180": {
            "bounding_box": {
                "extent_x": 2.5996146202087402,
                "extent_y": 1.3075095415115356,
                "extent_z": 1.2384252548217773,
                "loc_x": 0.0,
                "loc_y": 0.0,
                "loc_z": 1.2300000190734863
            },
            "transform": {
                "pitch": -0.13821570575237274,
                "roll": -0.01974487118422985,
                "x": -84.52183532714844,
                "y": 126.66061401367188,
                "yaw": 90.23316192626953,
                "z": 0.04392380267381668
            },
            "type": "vehicle.carlamotors.carlacola",
            "velocity": 0.0,
            "velocity_vec": {
                "vx": 0.0,
                "vy": 0.0,
                "vz": 0.0
            }
        }
    },
    "reverse": false,
    "right_distance": 1.7509412450988984,
    "steer": 0.0003951106045860797,
    "steer_noise": 0.0,
    "target_road_option": "RoadOption.LANEFOLLOW",
    "target_waypoint": {
        "pitch": -0.7469339966773987,
        "roll": 0.0,
        "x": -88.05536651611328,
        "y": 113.53031158447266,
        "yaw": 89.84373474121094,
        "z": 0.14425444602966309
    },
    "throttle": 0.46037784218788147,
    "throttle_noise": 0.0
}