{
    "blocking_state": "AgentState.NAVIGATING",
    "brake": 0.0,
    "brake_noise": 0.0,
    "current_waypoint": {
        "pitch": -1.012520670890808,
        "roll": 0.0,
        "x": -88.09407806396484,
        "y": 99.33585357666016,
        "yaw": 89.84373474121094,
        "z": 0.37685930728912354
    },
    "ego_planned_trajectory": [],
    "ego_vehicle_can_speed": 5.438254837576313,
    "ego_vehicle_can_timestamp": "701",
    "ego_vehicle_id": 171,
    "ego_vehicle_transform": {
        "pitch": -1.019405722618103,
        "roll": 0.021649682894349098,
        "x": -88.09343719482422,
        "y": 99.60658264160156,
        "yaw": 89.84261322021484,
        "z": 0.40925195813179016
    },
    "ego_velocity": {
        "vx": 0.020244702696800232,
        "vy": 5.437270164489746,
        "vz": -0.10148393362760544
    },
    "hand_brake": false,
    "left_distance": 1.7498346639290527,
    "next_target_location": null,
    "other_actors": {
        "171": {
            "bounding_box": {
                "extent_x": 2.452350616455078,
                "extent_y": 1.0303291082382202,
                "extent_z": 0.7391985058784485,
                "loc_x": 0.060644909739494324,
                "loc_y": 0.0,
                "loc_z": 0.7473415732383728
            },
            "transform": {
                "pitch": -1.019405722618103,
                "roll": 0.021649682894349098,
                "x": -88.09343719482422,
                "y": 99.60658264160156,
                "yaw": 89.84261322021484,
                "z": 0.40925195813179016
            },
            "type": "vehicle.lincoln.mkz2017",
            "velocity": 5.437307853123421,
            "velocity_vec": {
                "vx": 0.020244702696800232,
                "vy": 5.437270164489746,
                "vz": -0.10148393362760544
            }
        },
        "173": {
            "bounding_box": {
                "extent_x": 2.073613166809082,
                "extent_y": 1.0016015768051147,
                "extent_z": 0.691210925579071,
                "loc_x": 0.0,
                "loc_y": 0.0,
                "loc_z": 0.7043752670288086
            },
            "transform": {
                "pitch": 0.0232089813798666,
                "roll": 1.7082273188862018e-05,
                "x": -59.18752670288086,
                "y": 131.8092498779297,
                "yaw": 178.69754028320312,
                "z": -0.007895240560173988
            },
            "type": "vehicle.audi.tt",
            "velocity": 5.090551238823412,
            "velocity_vec": {
                "vx": -5.089236259460449,
                "vy": 0.11569879204034805,
                "vz": 0.011651081033051014
            }
        },
        "180": {
            "bounding_box": {
                "extent_x": 2.5996146202087402,
                "extent_y": 1.3075095415115356,
                "extent_z": 1.2384252548217773,
                "loc_x": 0.0,
                "loc_y": 0.0,
                "loc_z": 1.2300000190734863
            },
            "transform": {
                "pitch": -0.13821570575237274,
                "roll": -0.01974487118422985,
                "x": -84.52183532714844,
                "y": 126.66061401367188,
                "yaw": 90.23316192626953,
                "z": 0.04392380267381668
            },
            "type": "vehicle.carlamotors.carlacola",
            "velocity": 0.0,
            "velocity_vec": {
                "vx": 0.0,
                "vy": 0.0,
                "vz": 0.0
            }
        }
    },
    "reverse": false,
    "right_distance": 1.7509342712316787,
    "steer": -0.0010822296608239412,
    "steer_noise": 0.0,
    "target_road_option": "RoadOption.LANEFOLLOW",
    "target_waypoint": {
        "pitch": -0.7469339966773987,
        "roll": 0.0,
        "x": -88.05536651611328,
        "y": 113.53031158447266,
        "yaw": 89.84373474121094,
        "z": 0.14425444602966309
    },
    "throttle": 0.012317890301346779,
    "throttle_noise": 0.0
}