{
    "blocking_state": "AgentState.NAVIGATING",
    "brake": 0.0,
    "brake_noise": 0.0,
    "current_waypoint": {
        "pitch": -1.012520670890808,
        "roll": 0.0,
        "x": -88.09111785888672,
        "y": 100.42153930664062,
        "yaw": 89.84373474121094,
        "z": 0.3576732575893402
    },
    "ego_planned_trajectory": [],
    "ego_vehicle_can_speed": 5.4551398380504805,
    "ego_vehicle_can_timestamp": "705",
    "ego_vehicle_id": 171,
    "ego_vehicle_transform": {
        "pitch": -1.1058963537216187,
        "roll": -0.046813931316137314,
        "x": -88.09075164794922,
        "y": 100.6935806274414,
        "yaw": 89.84400177001953,
        "z": 0.3913831114768982
    },
    "ego_velocity": {
        "vx": 0.022595364600419998,
        "vy": 5.454420566558838,
        "vz": -0.08565270155668259
    },
    "hand_brake": false,
    "left_distance": 1.750118211594461,
    "next_target_location": null,
    "other_actors": {
        "171": {
            "bounding_box": {
                "extent_x": 2.452350616455078,
                "extent_y": 1.0303291082382202,
                "extent_z": 0.7391985058784485,
                "loc_x": 0.060644909739494324,
                "loc_y": 0.0,
                "loc_z": 0.7473415732383728
            },
            "transform": {
                "pitch": -1.1058963537216187,
                "roll": -0.046813931316137314,
                "x": -88.09075164794922,
                "y": 100.6935806274414,
                "yaw": 89.84400177001953,
                "z": 0.3913831114768982
            },
            "type": "vehicle.lincoln.mkz2017",
            "velocity": 5.454467367892255,
            "velocity_vec": {
                "vx": 0.022595364600419998,
                "vy": 5.454420566558838,
                "vz": -0.08565270155668259
            }
        },
        "173": {
            "bounding_box": {
                "extent_x": 2.073613166809082,
                "extent_y": 1.0016015768051147,
                "extent_z": 0.691210925579071,
                "loc_x": 0.0,
                "loc_y": 0.0,
                "loc_z": 0.7043752670288086
            },
            "transform": {
                "pitch": 0.0016665661241859198,
                "roll": 1.1483688467706088e-05,
                "x": -60.14265823364258,
                "y": 131.83096313476562,
                "yaw": 178.6980438232422,
                "z": -0.008115424774587154
            },
            "type": "vehicle.audi.tt",
            "velocity": 4.450242032506186,
            "velocity_vec": {
                "vx": -4.449092864990234,
                "vy": 0.10112777352333069,
                "vz": -0.0028442218899726868
            }
        },
        "180": {
            "bounding_box": {
                "extent_x": 2.5996146202087402,
                "extent_y": 1.3075095415115356,
                "extent_z": 1.2384252548217773,
                "loc_x": 0.0,
                "loc_y": 0.0,
                "loc_z": 1.2300000190734863
            },
            "transform": {
                "pitch": -0.13821570575237274,
                "roll": -0.01974487118422985,
                "x": -84.52183532714844,
                "y": 126.66061401367188,
                "yaw": 90.23316192626953,
                "z": 0.04392380267381668
            },
            "type": "vehicle.carlamotors.carlacola",
            "velocity": 0.0,
            "velocity_vec": {
                "vx": 0.0,
                "vy": 0.0,
                "vz": 0.0
            }
        }
    },
    "reverse": false,
    "right_distance": 1.7507069652253426,
    "steer": -4.074686148669571e-05,
    "steer_noise": 0.0,
    "target_road_option": "RoadOption.LANEFOLLOW",
    "target_waypoint": {
        "pitch": -0.7469339966773987,
        "roll": 0.0,
        "x": -88.05536651611328,
        "y": 113.53031158447266,
        "yaw": 89.84373474121094,
        "z": 0.14425444602966309
    },
    "throttle": 0.39896637201309204,
    "throttle_noise": 0.0
}