{
    "blocking_state": "AgentState.NAVIGATING",
    "brake": 0.24236810207366943,
    "brake_noise": 0.0,
    "current_waypoint": {
        "pitch": -1.012520670890808,
        "roll": 0.0,
        "x": -88.0948257446289,
        "y": 99.06293487548828,
        "yaw": 89.84373474121094,
        "z": 0.38168227672576904
    },
    "ego_planned_trajectory": [],
    "ego_vehicle_can_speed": 5.436214042843439,
    "ego_vehicle_can_timestamp": "700",
    "ego_vehicle_id": 171,
    "ego_vehicle_transform": {
        "pitch": -0.9594981074333191,
        "roll": 0.02806694060564041,
        "x": -88.09432220458984,
        "y": 99.33585357666016,
        "yaw": 89.8459243774414,
        "z": 0.413723349571228
    },
    "ego_velocity": {
        "vx": 0.01701498031616211,
        "vy": 5.43514347076416,
        "vz": -0.10653197765350342
    },
    "hand_brake": false,
    "left_distance": 1.7499769515645562,
    "next_target_location": null,
    "other_actors": {
        "171": {
            "bounding_box": {
                "extent_x": 2.452350616455078,
                "extent_y": 1.0303291082382202,
                "extent_z": 0.7391985058784485,
                "loc_x": 0.060644909739494324,
                "loc_y": 0.0,
                "loc_z": 0.7473415732383728
            },
            "transform": {
                "pitch": -0.9594981074333191,
                "roll": 0.02806694060564041,
                "x": -88.09432220458984,
                "y": 99.33585357666016,
                "yaw": 89.8459243774414,
                "z": 0.413723349571228
            },
            "type": "vehicle.lincoln.mkz2017",
            "velocity": 5.43517010380958,
            "velocity_vec": {
                "vx": 0.01701498031616211,
                "vy": 5.43514347076416,
                "vz": -0.10653197765350342
            }
        },
        "173": {
            "bounding_box": {
                "extent_x": 2.073613166809082,
                "extent_y": 1.0016015768051147,
                "extent_z": 0.691210925579071,
                "loc_x": 0.0,
                "loc_y": 0.0,
                "loc_z": 0.7043752670288086
            },
            "transform": {
                "pitch": 0.01832539588212967,
                "roll": 1.03277225207421e-05,
                "x": -58.934295654296875,
                "y": 131.80349731445312,
                "yaw": 178.69766235351562,
                "z": -0.008294830098748207
            },
            "type": "vehicle.audi.tt",
            "velocity": 4.994197213796177,
            "velocity_vec": {
                "vx": -4.992907524108887,
                "vy": 0.11349125951528549,
                "vz": 1.7544682577863568e-06
            }
        },
        "180": {
            "bounding_box": {
                "extent_x": 2.5996146202087402,
                "extent_y": 1.3075095415115356,
                "extent_z": 1.2384252548217773,
                "loc_x": 0.0,
                "loc_y": 0.0,
                "loc_z": 1.2300000190734863
            },
            "transform": {
                "pitch": -0.13821570575237274,
                "roll": -0.01974487118422985,
                "x": -84.52183532714844,
                "y": 126.66061401367188,
                "yaw": 90.23316192626953,
                "z": 0.04392380267381668
            },
            "type": "vehicle.carlamotors.carlacola",
            "velocity": 0.0,
            "velocity_vec": {
                "vx": 0.0,
                "vy": 0.0,
                "vz": 0.0
            }
        }
    },
    "reverse": false,
    "right_distance": 1.7507791475816323,
    "steer": 0.00014099203690420836,
    "steer_noise": 0.0,
    "target_road_option": "RoadOption.LANEFOLLOW",
    "target_waypoint": {
        "pitch": -0.7469339966773987,
        "roll": 0.0,
        "x": -88.05536651611328,
        "y": 113.53031158447266,
        "yaw": 89.84373474121094,
        "z": 0.14425444602966309
    },
    "throttle": 0.0,
    "throttle_noise": 0.0
}