{
    "blocking_state": "AgentState.NAVIGATING",
    "brake": 0.0,
    "brake_noise": 0.0,
    "current_waypoint": {
        "pitch": -1.012520670890808,
        "roll": 0.0,
        "x": -88.08963012695312,
        "y": 100.96590423583984,
        "yaw": 89.84373474121094,
        "z": 0.3480531871318817
    },
    "ego_planned_trajectory": [],
    "ego_vehicle_can_speed": 5.4634958826539926,
    "ego_vehicle_can_timestamp": "707",
    "ego_vehicle_id": 171,
    "ego_vehicle_transform": {
        "pitch": -1.0853853225708008,
        "roll": -0.022705059498548508,
        "x": -88.08870697021484,
        "y": 101.23912048339844,
        "yaw": 89.84174346923828,
        "z": 0.3812383711338043
    },
    "ego_velocity": {
        "vx": 0.012743747793138027,
        "vy": 5.462522506713867,
        "vz": -0.10233630985021591
    },
    "hand_brake": false,
    "left_distance": 1.7495624459682482,
    "next_target_location": null,
    "other_actors": {
        "171": {
            "bounding_box": {
                "extent_x": 2.452350616455078,
                "extent_y": 1.0303291082382202,
                "extent_z": 0.7391985058784485,
                "loc_x": 0.060644909739494324,
                "loc_y": 0.0,
                "loc_z": 0.7473415732383728
            },
            "transform": {
                "pitch": -1.0853853225708008,
                "roll": -0.022705059498548508,
                "x": -88.08870697021484,
                "y": 101.23912048339844,
                "yaw": 89.84174346923828,
                "z": 0.3812383711338043
            },
            "type": "vehicle.lincoln.mkz2017",
            "velocity": 5.4625373719054195,
            "velocity_vec": {
                "vx": 0.012743747793138027,
                "vy": 5.462522506713867,
                "vz": -0.10233630985021591
            }
        },
        "173": {
            "bounding_box": {
                "extent_x": 2.073613166809082,
                "extent_y": 1.0016015768051147,
                "extent_z": 0.691210925579071,
                "loc_x": 0.0,
                "loc_y": 0.0,
                "loc_z": 0.7043752670288086
            },
            "transform": {
                "pitch": -0.006625283043831587,
                "roll": 0.0,
                "x": -60.58650207519531,
                "y": 131.84104919433594,
                "yaw": 178.69813537597656,
                "z": -0.008174209855496883
            },
            "type": "vehicle.audi.tt",
            "velocity": 4.437010305188022,
            "velocity_vec": {
                "vx": -4.4358649253845215,
                "vy": 0.10081077367067337,
                "vz": -0.0005817206692881882
            }
        },
        "180": {
            "bounding_box": {
                "extent_x": 2.5996146202087402,
                "extent_y": 1.3075095415115356,
                "extent_z": 1.2384252548217773,
                "loc_x": 0.0,
                "loc_y": 0.0,
                "loc_z": 1.2300000190734863
            },
            "transform": {
                "pitch": -0.13821570575237274,
                "roll": -0.01974487118422985,
                "x": -84.52183532714844,
                "y": 126.66061401367188,
                "yaw": 90.23316192626953,
                "z": 0.04392380267381668
            },
            "type": "vehicle.carlamotors.carlacola",
            "velocity": 0.0,
            "velocity_vec": {
                "vx": 0.0,
                "vy": 0.0,
                "vz": 0.0
            }
        }
    },
    "reverse": false,
    "right_distance": 1.7512397082680733,
    "steer": -0.00032856609323062,
    "steer_noise": 0.0,
    "target_road_option": "RoadOption.LANEFOLLOW",
    "target_waypoint": {
        "pitch": -0.7469339966773987,
        "roll": 0.0,
        "x": -88.05536651611328,
        "y": 113.53031158447266,
        "yaw": 89.84373474121094,
        "z": 0.14425444602966309
    },
    "throttle": 0.3651742935180664,
    "throttle_noise": 0.0
}