{
    "blocking_state": "AgentState.NAVIGATING",
    "brake": 0.0,
    "brake_noise": 0.0,
    "current_waypoint": {
        "pitch": -1.012520670890808,
        "roll": 0.0,
        "x": -88.08814239501953,
        "y": 101.51207733154297,
        "yaw": 89.84373474121094,
        "z": 0.33840131759643555
    },
    "ego_planned_trajectory": [],
    "ego_vehicle_can_speed": 5.477024013151558,
    "ego_vehicle_can_timestamp": "709",
    "ego_vehicle_id": 171,
    "ego_vehicle_transform": {
        "pitch": -1.0864849090576172,
        "roll": 0.02717164158821106,
        "x": -88.08731079101562,
        "y": 101.785400390625,
        "yaw": 89.8445816040039,
        "z": 0.3718855082988739
    },
    "ego_velocity": {
        "vx": 0.003987804986536503,
        "vy": 5.475986003875732,
        "vz": -0.10655244439840317
    },
    "hand_brake": false,
    "left_distance": 1.7496556223602253,
    "next_target_location": null,
    "other_actors": {
        "171": {
            "bounding_box": {
                "extent_x": 2.452350616455078,
                "extent_y": 1.0303291082382202,
                "extent_z": 0.7391985058784485,
                "loc_x": 0.060644909739494324,
                "loc_y": 0.0,
                "loc_z": 0.7473415732383728
            },
            "transform": {
                "pitch": -1.0864849090576172,
                "roll": 0.02717164158821106,
                "x": -88.08731079101562,
                "y": 101.785400390625,
                "yaw": 89.8445816040039,
                "z": 0.3718855082988739
            },
            "type": "vehicle.lincoln.mkz2017",
            "velocity": 5.475987455905238,
            "velocity_vec": {
                "vx": 0.003987804986536503,
                "vy": 5.475986003875732,
                "vz": -0.10655244439840317
            }
        },
        "173": {
            "bounding_box": {
                "extent_x": 2.073613166809082,
                "extent_y": 1.0016015768051147,
                "extent_z": 0.691210925579071,
                "loc_x": 0.0,
                "loc_y": 0.0,
                "loc_z": 0.7043752670288086
            },
            "transform": {
                "pitch": -0.007752264384180307,
                "roll": 0.0,
                "x": -61.02963638305664,
                "y": 131.8511199951172,
                "yaw": 178.69813537597656,
                "z": -0.008172454312443733
            },
            "type": "vehicle.audi.tt",
            "velocity": 4.429439456573653,
            "velocity_vec": {
                "vx": -4.428296089172363,
                "vy": 0.10063620656728745,
                "vz": 0.00014049095625523478
            }
        },
        "180": {
            "bounding_box": {
                "extent_x": 2.5996146202087402,
                "extent_y": 1.3075095415115356,
                "extent_z": 1.2384252548217773,
                "loc_x": 0.0,
                "loc_y": 0.0,
                "loc_z": 1.2300000190734863
            },
            "transform": {
                "pitch": -0.13821570575237274,
                "roll": -0.01974487118422985,
                "x": -84.52183532714844,
                "y": 126.66061401367188,
                "yaw": 90.23316192626953,
                "z": 0.04392380267381668
            },
            "type": "vehicle.carlamotors.carlacola",
            "velocity": 0.0,
            "velocity_vec": {
                "vx": 0.0,
                "vy": 0.0,
                "vz": 0.0
            }
        }
    },
    "reverse": false,
    "right_distance": 1.751158768734656,
    "steer": 0.0005119792185723782,
    "steer_noise": 0.0,
    "target_road_option": "RoadOption.LANEFOLLOW",
    "target_waypoint": {
        "pitch": -0.7469339966773987,
        "roll": 0.0,
        "x": -88.05536651611328,
        "y": 113.53031158447266,
        "yaw": 89.84373474121094,
        "z": 0.14425444602966309
    },
    "throttle": 0.33886322379112244,
    "throttle_noise": 0.0
}