{
    "blocking_state": "AgentState.NAVIGATING",
    "brake": 0.0,
    "brake_noise": 0.0,
    "current_waypoint": {
        "pitch": -1.012520670890808,
        "roll": 0.0,
        "x": -88.09259796142578,
        "y": 99.87779235839844,
        "yaw": 89.84373474121094,
        "z": 0.3672822415828705
    },
    "ego_planned_trajectory": [],
    "ego_vehicle_can_speed": 5.445316150208902,
    "ego_vehicle_can_timestamp": "703",
    "ego_vehicle_id": 171,
    "ego_vehicle_transform": {
        "pitch": -1.0660969018936157,
        "roll": 0.00792380329221487,
        "x": -88.09193420410156,
        "y": 100.14959716796875,
        "yaw": 89.84107208251953,
        "z": 0.3999207615852356
    },
    "ego_velocity": {
        "vx": 0.01495460793375969,
        "vy": 5.4444260597229,
        "vz": -0.0973098948597908
    },
    "hand_brake": false,
    "left_distance": 1.7498156825961226,
    "next_target_location": null,
    "other_actors": {
        "171": {
            "bounding_box": {
                "extent_x": 2.452350616455078,
                "extent_y": 1.0303291082382202,
                "extent_z": 0.7391985058784485,
                "loc_x": 0.060644909739494324,
                "loc_y": 0.0,
                "loc_z": 0.7473415732383728
            },
            "transform": {
                "pitch": -1.0660969018936157,
                "roll": 0.00792380329221487,
                "x": -88.09193420410156,
                "y": 100.14959716796875,
                "yaw": 89.84107208251953,
                "z": 0.3999207615852356
            },
            "type": "vehicle.lincoln.mkz2017",
            "velocity": 5.444446598148271,
            "velocity_vec": {
                "vx": 0.01495460793375969,
                "vy": 5.4444260597229,
                "vz": -0.0973098948597908
            }
        },
        "173": {
            "bounding_box": {
                "extent_x": 2.073613166809082,
                "extent_y": 1.0016015768051147,
                "extent_z": 0.691210925579071,
                "loc_x": 0.0,
                "loc_y": 0.0,
                "loc_z": 0.7043752670288086
            },
            "transform": {
                "pitch": 0.019199660047888756,
                "roll": 2.1502770323422737e-05,
                "x": -59.68644714355469,
                "y": 131.82058715820312,
                "yaw": 178.69760131835938,
                "z": -0.007780837826430798
            },
            "type": "vehicle.audi.tt",
            "velocity": 4.823013449543366,
            "velocity_vec": {
                "vx": -4.821767330169678,
                "vy": 0.10962913930416107,
                "vz": -0.00895459670573473
            }
        },
        "180": {
            "bounding_box": {
                "extent_x": 2.5996146202087402,
                "extent_y": 1.3075095415115356,
                "extent_z": 1.2384252548217773,
                "loc_x": 0.0,
                "loc_y": 0.0,
                "loc_z": 1.2300000190734863
            },
            "transform": {
                "pitch": -0.13821570575237274,
                "roll": -0.01974487118422985,
                "x": -84.52183532714844,
                "y": 126.66061401367188,
                "yaw": 90.23316192626953,
                "z": 0.04392380267381668
            },
            "type": "vehicle.carlamotors.carlacola",
            "velocity": 0.0,
            "velocity_vec": {
                "vx": 0.0,
                "vy": 0.0,
                "vz": 0.0
            }
        }
    },
    "reverse": false,
    "right_distance": 1.7509637538183558,
    "steer": 0.0005822235834784806,
    "steer_noise": 0.0,
    "target_road_option": "RoadOption.LANEFOLLOW",
    "target_waypoint": {
        "pitch": -0.7469339966773987,
        "roll": 0.0,
        "x": -88.05536651611328,
        "y": 113.53031158447266,
        "yaw": 89.84373474121094,
        "z": 0.14425444602966309
    },
    "throttle": 0.4255205988883972,
    "throttle_noise": 0.0
}