{
    "blocking_state": "AgentState.NAVIGATING",
    "brake": 0.0,
    "brake_noise": 0.0,
    "current_waypoint": {
        "pitch": -1.012520670890808,
        "roll": 0.0,
        "x": -88.09037780761719,
        "y": 100.6935806274414,
        "yaw": 89.84373474121094,
        "z": 0.35286563634872437
    },
    "ego_planned_trajectory": [],
    "ego_vehicle_can_speed": 5.443682459844542,
    "ego_vehicle_can_timestamp": "706",
    "ego_vehicle_id": 171,
    "ego_vehicle_transform": {
        "pitch": -1.1114493608474731,
        "roll": -0.04479985684156418,
        "x": -88.089599609375,
        "y": 100.96590423583984,
        "yaw": 89.84449005126953,
        "z": 0.3867165148258209
    },
    "ego_velocity": {
        "vx": 0.02206987515091896,
        "vy": 5.442585468292236,
        "vz": -0.10702833533287048
    },
    "hand_brake": false,
    "left_distance": 1.7497077011309863,
    "next_target_location": null,
    "other_actors": {
        "171": {
            "bounding_box": {
                "extent_x": 2.452350616455078,
                "extent_y": 1.0303291082382202,
                "extent_z": 0.7391985058784485,
                "loc_x": 0.060644909739494324,
                "loc_y": 0.0,
                "loc_z": 0.7473415732383728
            },
            "transform": {
                "pitch": -1.1114493608474731,
                "roll": -0.04479985684156418,
                "x": -88.089599609375,
                "y": 100.96590423583984,
                "yaw": 89.84449005126953,
                "z": 0.3867165148258209
            },
            "type": "vehicle.lincoln.mkz2017",
            "velocity": 5.442630215167571,
            "velocity_vec": {
                "vx": 0.02206987515091896,
                "vy": 5.442585468292236,
                "vz": -0.10702833533287048
            }
        },
        "173": {
            "bounding_box": {
                "extent_x": 2.073613166809082,
                "extent_y": 1.0016015768051147,
                "extent_z": 0.691210925579071,
                "loc_x": 0.0,
                "loc_y": 0.0,
                "loc_z": 0.7043752670288086
            },
            "transform": {
                "pitch": -0.0038453962188214064,
                "roll": 4.834045284951571e-06,
                "x": -60.36466598510742,
                "y": 131.83599853515625,
                "yaw": 178.69810485839844,
                "z": -0.008158072829246521
            },
            "type": "vehicle.audi.tt",
            "velocity": 4.440804151894462,
            "velocity_vec": {
                "vx": -4.439657688140869,
                "vy": 0.10090157389640808,
                "vz": -0.0014209095388650894
            }
        },
        "180": {
            "bounding_box": {
                "extent_x": 2.5996146202087402,
                "extent_y": 1.3075095415115356,
                "extent_z": 1.2384252548217773,
                "loc_x": 0.0,
                "loc_y": 0.0,
                "loc_z": 1.2300000190734863
            },
            "transform": {
                "pitch": -0.13821570575237274,
                "roll": -0.01974487118422985,
                "x": -84.52183532714844,
                "y": 126.66061401367188,
                "yaw": 90.23316192626953,
                "z": 0.04392380267381668
            },
            "type": "vehicle.carlamotors.carlacola",
            "velocity": 0.0,
            "velocity_vec": {
                "vx": 0.0,
                "vy": 0.0,
                "vz": 0.0
            }
        }
    },
    "reverse": false,
    "right_distance": 1.7511231547535324,
    "steer": -0.0003171041898895055,
    "steer_noise": 0.0,
    "target_road_option": "RoadOption.LANEFOLLOW",
    "target_waypoint": {
        "pitch": -0.7469339966773987,
        "roll": 0.0,
        "x": -88.05536651611328,
        "y": 113.53031158447266,
        "yaw": 89.84373474121094,
        "z": 0.14425444602966309
    },
    "throttle": 0.42527055740356445,
    "throttle_noise": 0.0
}