{
    "blocking_state": "AgentState.NAVIGATING",
    "brake": 0.0,
    "brake_noise": 0.0,
    "current_waypoint": {
        "pitch": -1.012520670890808,
        "roll": 0.0,
        "x": -88.0888900756836,
        "y": 101.23912048339844,
        "yaw": 89.84373474121094,
        "z": 0.34322497248649597
    },
    "ego_planned_trajectory": [],
    "ego_vehicle_can_speed": 5.4576212323673055,
    "ego_vehicle_can_timestamp": "708",
    "ego_vehicle_id": 171,
    "ego_vehicle_transform": {
        "pitch": -1.0826668739318848,
        "roll": 0.01105994451791048,
        "x": -88.0877456665039,
        "y": 101.5120620727539,
        "yaw": 89.84196472167969,
        "z": 0.37648317217826843
    },
    "ego_velocity": {
        "vx": 0.012126855552196503,
        "vy": 5.456989765167236,
        "vz": -0.08212891221046448
    },
    "hand_brake": false,
    "left_distance": 1.7493408686883887,
    "next_target_location": null,
    "other_actors": {
        "171": {
            "bounding_box": {
                "extent_x": 2.452350616455078,
                "extent_y": 1.0303291082382202,
                "extent_z": 0.7391985058784485,
                "loc_x": 0.060644909739494324,
                "loc_y": 0.0,
                "loc_z": 0.7473415732383728
            },
            "transform": {
                "pitch": -1.0826668739318848,
                "roll": 0.01105994451791048,
                "x": -88.0877456665039,
                "y": 101.5120620727539,
                "yaw": 89.84196472167969,
                "z": 0.37648317217826843
            },
            "type": "vehicle.lincoln.mkz2017",
            "velocity": 5.457003239669696,
            "velocity_vec": {
                "vx": 0.012126855552196503,
                "vy": 5.456989765167236,
                "vz": -0.08212891221046448
            }
        },
        "173": {
            "bounding_box": {
                "extent_x": 2.073613166809082,
                "extent_y": 1.0016015768051147,
                "extent_z": 0.691210925579071,
                "loc_x": 0.0,
                "loc_y": 0.0,
                "loc_z": 0.7043752670288086
            },
            "transform": {
                "pitch": -0.007752264384180307,
                "roll": 0.0,
                "x": -60.808162689208984,
                "y": 131.84608459472656,
                "yaw": 178.69813537597656,
                "z": -0.008176612667739391
            },
            "type": "vehicle.audi.tt",
            "velocity": 4.433221768866251,
            "velocity_vec": {
                "vx": -4.432077407836914,
                "vy": 0.10072290152311325,
                "vz": -0.00010765188199002296
            }
        },
        "180": {
            "bounding_box": {
                "extent_x": 2.5996146202087402,
                "extent_y": 1.3075095415115356,
                "extent_z": 1.2384252548217773,
                "loc_x": 0.0,
                "loc_y": 0.0,
                "loc_z": 1.2300000190734863
            },
            "transform": {
                "pitch": -0.13821570575237274,
                "roll": -0.01974487118422985,
                "x": -84.52183532714844,
                "y": 126.66061401367188,
                "yaw": 90.23316192626953,
                "z": 0.04392380267381668
            },
            "type": "vehicle.carlamotors.carlacola",
            "velocity": 0.0,
            "velocity_vec": {
                "vx": 0.0,
                "vy": 0.0,
                "vz": 0.0
            }
        }
    },
    "reverse": false,
    "right_distance": 1.7514636774231351,
    "steer": 0.0001859755429904908,
    "steer_noise": 0.0,
    "target_road_option": "RoadOption.LANEFOLLOW",
    "target_waypoint": {
        "pitch": -0.7469339966773987,
        "roll": 0.0,
        "x": -88.05536651611328,
        "y": 113.53031158447266,
        "yaw": 89.84373474121094,
        "z": 0.14425444602966309
    },
    "throttle": 0.4082372486591339,
    "throttle_noise": 0.0
}