{
    "blocking_state": "AgentState.NAVIGATING",
    "brake": 0.0,
    "brake_noise": 0.0,
    "current_waypoint": {
        "pitch": -1.012520670890808,
        "roll": 0.0,
        "x": -88.08739471435547,
        "y": 101.78540802001953,
        "yaw": 89.84373474121094,
        "z": 0.33357107639312744
    },
    "ego_planned_trajectory": [],
    "ego_vehicle_can_speed": 5.465805760099111,
    "ego_vehicle_can_timestamp": "710",
    "ego_vehicle_id": 171,
    "ego_vehicle_transform": {
        "pitch": -1.063959002494812,
        "roll": 0.012918595224618912,
        "x": -88.08677673339844,
        "y": 102.05897521972656,
        "yaw": 89.8454818725586,
        "z": 0.3664765954017639
    },
    "ego_velocity": {
        "vx": 0.015085859224200249,
        "vy": 5.464837074279785,
        "vz": -0.10178789496421814
    },
    "hand_brake": false,
    "left_distance": 1.7498676512550375,
    "next_target_location": null,
    "other_actors": {
        "171": {
            "bounding_box": {
                "extent_x": 2.452350616455078,
                "extent_y": 1.0303291082382202,
                "extent_z": 0.7391985058784485,
                "loc_x": 0.060644909739494324,
                "loc_y": 0.0,
                "loc_z": 0.7473415732383728
            },
            "transform": {
                "pitch": -1.063959002494812,
                "roll": 0.012918595224618912,
                "x": -88.08677673339844,
                "y": 102.05897521972656,
                "yaw": 89.8454818725586,
                "z": 0.3664765954017639
            },
            "type": "vehicle.lincoln.mkz2017",
            "velocity": 5.4648578967409005,
            "velocity_vec": {
                "vx": 0.015085859224200249,
                "vy": 5.464837074279785,
                "vz": -0.10178789496421814
            }
        },
        "173": {
            "bounding_box": {
                "extent_x": 2.073613166809082,
                "extent_y": 1.0016015768051147,
                "extent_z": 0.691210925579071,
                "loc_x": 0.0,
                "loc_y": 0.0,
                "loc_z": 0.7043752670288086
            },
            "transform": {
                "pitch": -0.007267320994287729,
                "roll": 6.513775629990448e-12,
                "x": -61.25093078613281,
                "y": 131.8561553955078,
                "yaw": 178.69813537597656,
                "z": -0.008165969513356686
            },
            "type": "vehicle.audi.tt",
            "velocity": 4.425661921747707,
            "velocity_vec": {
                "vx": -4.4245195388793945,
                "vy": 0.10054996609687805,
                "vz": 0.00025458860909566283
            }
        },
        "180": {
            "bounding_box": {
                "extent_x": 2.5996146202087402,
                "extent_y": 1.3075095415115356,
                "extent_z": 1.2384252548217773,
                "loc_x": 0.0,
                "loc_y": 0.0,
                "loc_z": 1.2300000190734863
            },
            "transform": {
                "pitch": -0.13821570575237274,
                "roll": -0.01974487118422985,
                "x": -84.52183532714844,
                "y": 126.66061401367188,
                "yaw": 90.23316192626953,
                "z": 0.04392380267381668
            },
            "type": "vehicle.carlamotors.carlacola",
            "velocity": 0.0,
            "velocity_vec": {
                "vx": 0.0,
                "vy": 0.0,
                "vz": 0.0
            }
        }
    },
    "reverse": false,
    "right_distance": 1.7509217913380841,
    "steer": 0.00021493088570423424,
    "steer_noise": 0.0,
    "target_road_option": "RoadOption.LANEFOLLOW",
    "target_waypoint": {
        "pitch": -0.7469339966773987,
        "roll": 0.0,
        "x": -88.05536651611328,
        "y": 113.53031158447266,
        "yaw": 89.84373474121094,
        "z": 0.14425444602966309
    },
    "throttle": 0.3615226745605469,
    "throttle_noise": 0.0
}