{
    "blocking_state": "AgentState.NAVIGATING",
    "brake": 0.0,
    "brake_noise": 0.0,
    "current_waypoint": {
        "pitch": -1.012520670890808,
        "roll": 0.0,
        "x": -88.08200073242188,
        "y": 103.76436614990234,
        "yaw": 89.84373474121094,
        "z": 0.29859915375709534
    },
    "ego_planned_trajectory": [],
    "ego_vehicle_can_speed": 4.760571377922984,
    "ego_vehicle_can_timestamp": "718",
    "ego_vehicle_id": 171,
    "ego_vehicle_transform": {
        "pitch": -1.2873539924621582,
        "roll": 0.0001900659699458629,
        "x": -88.08132934570312,
        "y": 104.00196838378906,
        "yaw": 89.84358215332031,
        "z": 0.3334541916847229
    },
    "ego_velocity": {
        "vx": 0.013121145777404308,
        "vy": 4.759829998016357,
        "vz": -0.08298234641551971
    },
    "hand_brake": false,
    "left_distance": 1.749721754502107,
    "next_target_location": null,
    "other_actors": {
        "171": {
            "bounding_box": {
                "extent_x": 2.452350616455078,
                "extent_y": 1.0303291082382202,
                "extent_z": 0.7391985058784485,
                "loc_x": 0.060644909739494324,
                "loc_y": 0.0,
                "loc_z": 0.7473415732383728
            },
            "transform": {
                "pitch": -1.2873539924621582,
                "roll": 0.0001900659699458629,
                "x": -88.08132934570312,
                "y": 104.00196838378906,
                "yaw": 89.84358215332031,
                "z": 0.3334541916847229
            },
            "type": "vehicle.lincoln.mkz2017",
            "velocity": 4.759848083130691,
            "velocity_vec": {
                "vx": 0.013121145777404308,
                "vy": 4.759829998016357,
                "vz": -0.08298234641551971
            }
        },
        "173": {
            "bounding_box": {
                "extent_x": 2.073613166809082,
                "extent_y": 1.0016015768051147,
                "extent_z": 0.691210925579071,
                "loc_x": 0.0,
                "loc_y": 0.0,
                "loc_z": 0.7043752670288086
            },
            "transform": {
                "pitch": -0.037081096321344376,
                "roll": -3.051761814276688e-05,
                "x": -62.847938537597656,
                "y": 131.89244079589844,
                "yaw": 178.69935607910156,
                "z": -0.007813949137926102
            },
            "type": "vehicle.audi.tt",
            "velocity": 3.039633695399465,
            "velocity_vec": {
                "vx": -3.0388503074645996,
                "vy": 0.06900587677955627,
                "vz": 9.497012797510251e-05
            }
        },
        "180": {
            "bounding_box": {
                "extent_x": 2.5996146202087402,
                "extent_y": 1.3075095415115356,
                "extent_z": 1.2384252548217773,
                "loc_x": 0.0,
                "loc_y": 0.0,
                "loc_z": 1.2300000190734863
            },
            "transform": {
                "pitch": -0.13821570575237274,
                "roll": -0.01974487118422985,
                "x": -84.52183532714844,
                "y": 126.66061401367188,
                "yaw": 90.23316192626953,
                "z": 0.04392380267381668
            },
            "type": "vehicle.carlamotors.carlacola",
            "velocity": 0.0,
            "velocity_vec": {
                "vx": 0.0,
                "vy": 0.0,
                "vz": 0.0
            }
        }
    },
    "reverse": false,
    "right_distance": 1.7511237069837498,
    "steer": 3.0052894999244018e-06,
    "steer_noise": 0.0,
    "target_road_option": "RoadOption.LANEFOLLOW",
    "target_waypoint": {
        "pitch": -0.7469339966773987,
        "roll": 0.0,
        "x": -88.05536651611328,
        "y": 113.53031158447266,
        "yaw": 89.84373474121094,
        "z": 0.14425444602966309
    },
    "throttle": 0.75,
    "throttle_noise": 0.0
}