{
    "blocking_state": "AgentState.NAVIGATING",
    "brake": 0.0,
    "brake_noise": 0.0,
    "current_waypoint": {
        "pitch": -1.012520670890808,
        "roll": 0.0,
        "x": -88.08592987060547,
        "y": 102.32351684570312,
        "yaw": 89.84373474121094,
        "z": 0.32406172156333923
    },
    "ego_planned_trajectory": [],
    "ego_vehicle_can_speed": 5.011600330818117,
    "ego_vehicle_can_timestamp": "712",
    "ego_vehicle_id": 171,
    "ego_vehicle_transform": {
        "pitch": -1.184627890586853,
        "roll": 0.007707808166742325,
        "x": -88.08523559570312,
        "y": 102.57659149169922,
        "yaw": 89.84248352050781,
        "z": 0.35840046405792236
    },
    "ego_velocity": {
        "vx": 0.015753094106912613,
        "vy": 5.010770320892334,
        "vz": -0.0898360013961792
    },
    "hand_brake": false,
    "left_distance": 1.7497398274972087,
    "next_target_location": null,
    "other_actors": {
        "171": {
            "bounding_box": {
                "extent_x": 2.452350616455078,
                "extent_y": 1.0303291082382202,
                "extent_z": 0.7391985058784485,
                "loc_x": 0.060644909739494324,
                "loc_y": 0.0,
                "loc_z": 0.7473415732383728
            },
            "transform": {
                "pitch": -1.184627890586853,
                "roll": 0.007707808166742325,
                "x": -88.08523559570312,
                "y": 102.57659149169922,
                "yaw": 89.84248352050781,
                "z": 0.35840046405792236
            },
            "type": "vehicle.lincoln.mkz2017",
            "velocity": 5.010795083488189,
            "velocity_vec": {
                "vx": 0.015753094106912613,
                "vy": 5.010770320892334,
                "vz": -0.0898360013961792
            }
        },
        "173": {
            "bounding_box": {
                "extent_x": 2.073613166809082,
                "extent_y": 1.0016015768051147,
                "extent_z": 0.691210925579071,
                "loc_x": 0.0,
                "loc_y": 0.0,
                "loc_z": 0.7043752670288086
            },
            "transform": {
                "pitch": -0.005559773650020361,
                "roll": -6.513775629990448e-12,
                "x": -61.69295120239258,
                "y": 131.86619567871094,
                "yaw": 178.69813537597656,
                "z": -0.008152847178280354
            },
            "type": "vehicle.audi.tt",
            "velocity": 4.418120215155453,
            "velocity_vec": {
                "vx": -4.416979789733887,
                "vy": 0.10037814825773239,
                "vz": 0.0002855206548701972
            }
        },
        "180": {
            "bounding_box": {
                "extent_x": 2.5996146202087402,
                "extent_y": 1.3075095415115356,
                "extent_z": 1.2384252548217773,
                "loc_x": 0.0,
                "loc_y": 0.0,
                "loc_z": 1.2300000190734863
            },
            "transform": {
                "pitch": -0.13821570575237274,
                "roll": -0.01974487118422985,
                "x": -84.52183532714844,
                "y": 126.66061401367188,
                "yaw": 90.23316192626953,
                "z": 0.04392380267381668
            },
            "type": "vehicle.carlamotors.carlacola",
            "velocity": 0.0,
            "velocity_vec": {
                "vx": 0.0,
                "vy": 0.0,
                "vz": 0.0
            }
        }
    },
    "reverse": false,
    "right_distance": 1.7510964026747284,
    "steer": -0.00037454190896824,
    "steer_noise": 0.0,
    "target_road_option": "RoadOption.LANEFOLLOW",
    "target_waypoint": {
        "pitch": -0.7469339966773987,
        "roll": 0.0,
        "x": -88.05536651611328,
        "y": 113.53031158447266,
        "yaw": 89.84373474121094,
        "z": 0.14425444602966309
    },
    "throttle": 0.33248403668403625,
    "throttle_noise": 0.0
}