{
    "blocking_state": "AgentState.NAVIGATING",
    "brake": 0.0,
    "brake_noise": 0.0,
    "current_waypoint": {
        "pitch": -1.012520670890808,
        "roll": 0.0,
        "x": -88.08328247070312,
        "y": 103.29458618164062,
        "yaw": 89.84373474121094,
        "z": 0.3069010078907013
    },
    "ego_planned_trajectory": [],
    "ego_vehicle_can_speed": 4.689352469263684,
    "ego_vehicle_can_timestamp": "716",
    "ego_vehicle_id": 171,
    "ego_vehicle_transform": {
        "pitch": -1.358579158782959,
        "roll": 0.0008260447066277266,
        "x": -88.08263397216797,
        "y": 103.52898406982422,
        "yaw": 89.84417724609375,
        "z": 0.3425263464450836
    },
    "ego_velocity": {
        "vx": 0.013265241868793964,
        "vy": 4.688596725463867,
        "vz": -0.08313459157943726
    },
    "hand_brake": false,
    "left_distance": 1.7497391612718771,
    "next_target_location": null,
    "other_actors": {
        "171": {
            "bounding_box": {
                "extent_x": 2.452350616455078,
                "extent_y": 1.0303291082382202,
                "extent_z": 0.7391985058784485,
                "loc_x": 0.060644909739494324,
                "loc_y": 0.0,
                "loc_z": 0.7473415732383728
            },
            "transform": {
                "pitch": -1.358579158782959,
                "roll": 0.0008260447066277266,
                "x": -88.08263397216797,
                "y": 103.52898406982422,
                "yaw": 89.84417724609375,
                "z": 0.3425263464450836
            },
            "type": "vehicle.lincoln.mkz2017",
            "velocity": 4.6886154908109425,
            "velocity_vec": {
                "vx": 0.013265241868793964,
                "vy": 4.688596725463867,
                "vz": -0.08313459157943726
            }
        },
        "173": {
            "bounding_box": {
                "extent_x": 2.073613166809082,
                "extent_y": 1.0016015768051147,
                "extent_z": 0.691210925579071,
                "loc_x": 0.0,
                "loc_y": 0.0,
                "loc_z": 0.7043752670288086
            },
            "transform": {
                "pitch": -0.018496152013540268,
                "roll": 1.3027552994704372e-11,
                "x": -62.52609634399414,
                "y": 131.8851318359375,
                "yaw": 178.69874572753906,
                "z": -0.007993125356733799
            },
            "type": "vehicle.audi.tt",
            "velocity": 3.5632838752623277,
            "velocity_vec": {
                "vx": -3.562364339828491,
                "vy": 0.0809461921453476,
                "vz": 0.00015548021474387497
            }
        },
        "180": {
            "bounding_box": {
                "extent_x": 2.5996146202087402,
                "extent_y": 1.3075095415115356,
                "extent_z": 1.2384252548217773,
                "loc_x": 0.0,
                "loc_y": 0.0,
                "loc_z": 1.2300000190734863
            },
            "transform": {
                "pitch": -0.13821570575237274,
                "roll": -0.01974487118422985,
                "x": -84.52183532714844,
                "y": 126.66061401367188,
                "yaw": 90.23316192626953,
                "z": 0.04392380267381668
            },
            "type": "vehicle.carlamotors.carlacola",
            "velocity": 0.0,
            "velocity_vec": {
                "vx": 0.0,
                "vy": 0.0,
                "vz": 0.0
            }
        }
    },
    "reverse": false,
    "right_distance": 1.751139271222515,
    "steer": -0.00014473471674136817,
    "steer_noise": 0.0,
    "target_road_option": "RoadOption.LANEFOLLOW",
    "target_waypoint": {
        "pitch": -0.7469339966773987,
        "roll": 0.0,
        "x": -88.05536651611328,
        "y": 113.53031158447266,
        "yaw": 89.84373474121094,
        "z": 0.14425444602966309
    },
    "throttle": 0.75,
    "throttle_noise": 0.0
}