{
    "blocking_state": "AgentState.NAVIGATING",
    "brake": 0.0,
    "brake_noise": 0.0,
    "current_waypoint": {
        "pitch": -1.012520670890808,
        "roll": 0.0,
        "x": -88.08524322509766,
        "y": 102.57658386230469,
        "yaw": 89.84373474121094,
        "z": 0.31958943605422974
    },
    "ego_planned_trajectory": [],
    "ego_vehicle_can_speed": 4.85506707572629,
    "ego_vehicle_can_timestamp": "713",
    "ego_vehicle_id": 171,
    "ego_vehicle_transform": {
        "pitch": -1.2629019021987915,
        "roll": 0.00460813520476222,
        "x": -88.08455657958984,
        "y": 102.821044921875,
        "yaw": 89.8429946899414,
        "z": 0.35452237725257874
    },
    "ego_velocity": {
        "vx": 0.013595807366073132,
        "vy": 4.8540873527526855,
        "vz": -0.09657865017652512
    },
    "hand_brake": false,
    "left_distance": 1.7497260122861584,
    "next_target_location": null,
    "other_actors": {
        "171": {
            "bounding_box": {
                "extent_x": 2.452350616455078,
                "extent_y": 1.0303291082382202,
                "extent_z": 0.7391985058784485,
                "loc_x": 0.060644909739494324,
                "loc_y": 0.0,
                "loc_z": 0.7473415732383728
            },
            "transform": {
                "pitch": -1.2629019021987915,
                "roll": 0.00460813520476222,
                "x": -88.08455657958984,
                "y": 102.821044921875,
                "yaw": 89.8429946899414,
                "z": 0.35452237725257874
            },
            "type": "vehicle.lincoln.mkz2017",
            "velocity": 4.854106392955505,
            "velocity_vec": {
                "vx": 0.013595807366073132,
                "vy": 4.8540873527526855,
                "vz": -0.09657865017652512
            }
        },
        "173": {
            "bounding_box": {
                "extent_x": 2.073613166809082,
                "extent_y": 1.0016015768051147,
                "extent_z": 0.691210925579071,
                "loc_x": 0.0,
                "loc_y": 0.0,
                "loc_z": 0.7043752670288086
            },
            "transform": {
                "pitch": -0.0046376981772482395,
                "roll": 0.0,
                "x": -61.9136848449707,
                "y": 131.87120056152344,
                "yaw": 178.69813537597656,
                "z": -0.008147620595991611
            },
            "type": "vehicle.audi.tt",
            "velocity": 4.414355087760387,
            "velocity_vec": {
                "vx": -4.413215637207031,
                "vy": 0.10029247403144836,
                "vz": 0.0002588603529147804
            }
        },
        "180": {
            "bounding_box": {
                "extent_x": 2.5996146202087402,
                "extent_y": 1.3075095415115356,
                "extent_z": 1.2384252548217773,
                "loc_x": 0.0,
                "loc_y": 0.0,
                "loc_z": 1.2300000190734863
            },
            "transform": {
                "pitch": -0.13821570575237274,
                "roll": -0.01974487118422985,
                "x": -84.52183532714844,
                "y": 126.66061401367188,
                "yaw": 90.23316192626953,
                "z": 0.04392380267381668
            },
            "type": "vehicle.carlamotors.carlacola",
            "velocity": 0.0,
            "velocity_vec": {
                "vx": 0.0,
                "vy": 0.0,
                "vz": 0.0
            }
        }
    },
    "reverse": false,
    "right_distance": 1.7511299209021303,
    "steer": 0.00021651577844750136,
    "steer_noise": 0.0,
    "target_road_option": "RoadOption.LANEFOLLOW",
    "target_waypoint": {
        "pitch": -0.7469339966773987,
        "roll": 0.0,
        "x": -88.05536651611328,
        "y": 113.53031158447266,
        "yaw": 89.84373474121094,
        "z": 0.14425444602966309
    },
    "throttle": 0.75,
    "throttle_noise": 0.0
}