{
    "blocking_state": "AgentState.NAVIGATING",
    "brake": 0.0,
    "brake_noise": 0.0,
    "current_waypoint": {
        "pitch": -1.012520670890808,
        "roll": 0.0,
        "x": -88.08392333984375,
        "y": 103.05940246582031,
        "yaw": 89.84373474121094,
        "z": 0.3110571503639221
    },
    "ego_planned_trajectory": [],
    "ego_vehicle_can_speed": 4.697693687871979,
    "ego_vehicle_can_timestamp": "715",
    "ego_vehicle_id": 171,
    "ego_vehicle_transform": {
        "pitch": -1.3562910556793213,
        "roll": 0.0010948978597298265,
        "x": -88.08329010009766,
        "y": 103.2945785522461,
        "yaw": 89.84439086914062,
        "z": 0.34668394923210144
    },
    "ego_velocity": {
        "vx": 0.013011983595788479,
        "vy": 4.69690465927124,
        "vz": -0.08510755002498627
    },
    "hand_brake": false,
    "left_distance": 1.7497565696884678,
    "next_target_location": null,
    "other_actors": {
        "171": {
            "bounding_box": {
                "extent_x": 2.452350616455078,
                "extent_y": 1.0303291082382202,
                "extent_z": 0.7391985058784485,
                "loc_x": 0.060644909739494324,
                "loc_y": 0.0,
                "loc_z": 0.7473415732383728
            },
            "transform": {
                "pitch": -1.3562910556793213,
                "roll": 0.0010948978597298265,
                "x": -88.08329010009766,
                "y": 103.2945785522461,
                "yaw": 89.84439086914062,
                "z": 0.34668394923210144
            },
            "type": "vehicle.lincoln.mkz2017",
            "velocity": 4.696922682991597,
            "velocity_vec": {
                "vx": 0.013011983595788479,
                "vy": 4.69690465927124,
                "vz": -0.08510755002498627
            }
        },
        "173": {
            "bounding_box": {
                "extent_x": 2.073613166809082,
                "extent_y": 1.0016015768051147,
                "extent_z": 0.691210925579071,
                "loc_x": 0.0,
                "loc_y": 0.0,
                "loc_z": 0.7043752670288086
            },
            "transform": {
                "pitch": -0.008571887388825417,
                "roll": -6.513775629990448e-12,
                "x": -62.340877532958984,
                "y": 131.88092041015625,
                "yaw": 178.6983184814453,
                "z": -0.008090323768556118
            },
            "type": "vehicle.audi.tt",
            "velocity": 3.9977992085645724,
            "velocity_vec": {
                "vx": -3.996767282485962,
                "vy": 0.09082841873168945,
                "vz": 0.00018620248010847718
            }
        },
        "180": {
            "bounding_box": {
                "extent_x": 2.5996146202087402,
                "extent_y": 1.3075095415115356,
                "extent_z": 1.2384252548217773,
                "loc_x": 0.0,
                "loc_y": 0.0,
                "loc_z": 1.2300000190734863
            },
            "transform": {
                "pitch": -0.13821570575237274,
                "roll": -0.01974487118422985,
                "x": -84.52183532714844,
                "y": 126.66061401367188,
                "yaw": 90.23316192626953,
                "z": 0.04392380267381668
            },
            "type": "vehicle.carlamotors.carlacola",
            "velocity": 0.0,
            "velocity_vec": {
                "vx": 0.0,
                "vy": 0.0,
                "vz": 0.0
            }
        }
    },
    "reverse": false,
    "right_distance": 1.7511229299314344,
    "steer": -3.8479705835925415e-05,
    "steer_noise": 0.0,
    "target_road_option": "RoadOption.LANEFOLLOW",
    "target_waypoint": {
        "pitch": -0.7469339966773987,
        "roll": 0.0,
        "x": -88.05536651611328,
        "y": 113.53031158447266,
        "yaw": 89.84373474121094,
        "z": 0.14425444602966309
    },
    "throttle": 0.75,
    "throttle_noise": 0.0
}