{
    "blocking_state": "AgentState.NAVIGATING",
    "brake": 0.0,
    "brake_noise": 0.0,
    "current_waypoint": {
        "pitch": -1.012520670890808,
        "roll": 0.0,
        "x": -88.08135223388672,
        "y": 104.0019760131836,
        "yaw": 89.84373474121094,
        "z": 0.294400155544281
    },
    "ego_planned_trajectory": [],
    "ego_vehicle_can_speed": 4.82370924217913,
    "ego_vehicle_can_timestamp": "719",
    "ego_vehicle_id": 171,
    "ego_vehicle_transform": {
        "pitch": -1.227446436882019,
        "roll": -0.0002441819233354181,
        "x": -88.08068084716797,
        "y": 104.24263763427734,
        "yaw": 89.8437271118164,
        "z": 0.3286038637161255
    },
    "ego_velocity": {
        "vx": 0.01302157249301672,
        "vy": 4.82296085357666,
        "vz": -0.08396366238594055
    },
    "hand_brake": false,
    "left_distance": 1.7497275790817475,
    "next_target_location": null,
    "other_actors": {
        "171": {
            "bounding_box": {
                "extent_x": 2.452350616455078,
                "extent_y": 1.0303291082382202,
                "extent_z": 0.7391985058784485,
                "loc_x": 0.060644909739494324,
                "loc_y": 0.0,
                "loc_z": 0.7473415732383728
            },
            "transform": {
                "pitch": -1.227446436882019,
                "roll": -0.0002441819233354181,
                "x": -88.08068084716797,
                "y": 104.24263763427734,
                "yaw": 89.8437271118164,
                "z": 0.3286038637161255
            },
            "type": "vehicle.lincoln.mkz2017",
            "velocity": 4.822978432098064,
            "velocity_vec": {
                "vx": 0.01302157249301672,
                "vy": 4.82296085357666,
                "vz": -0.08396366238594055
            }
        },
        "173": {
            "bounding_box": {
                "extent_x": 2.073613166809082,
                "extent_y": 1.0016015768051147,
                "extent_z": 0.691210925579071,
                "loc_x": 0.0,
                "loc_y": 0.0,
                "loc_z": 0.7043752670288086
            },
            "transform": {
                "pitch": -0.04104943573474884,
                "roll": -3.051761814276688e-05,
                "x": -62.99605178833008,
                "y": 131.89581298828125,
                "yaw": 178.69949340820312,
                "z": -0.007773857098072767
            },
            "type": "vehicle.audi.tt",
            "velocity": 2.938313971134241,
            "velocity_vec": {
                "vx": -2.9375569820404053,
                "vy": 0.06669310480356216,
                "vz": 7.6738913776353e-05
            }
        },
        "180": {
            "bounding_box": {
                "extent_x": 2.5996146202087402,
                "extent_y": 1.3075095415115356,
                "extent_z": 1.2384252548217773,
                "loc_x": 0.0,
                "loc_y": 0.0,
                "loc_z": 1.2300000190734863
            },
            "transform": {
                "pitch": -0.13821570575237274,
                "roll": -0.01974487118422985,
                "x": -84.52183532714844,
                "y": 126.66061401367188,
                "yaw": 90.23316192626953,
                "z": 0.04392380267381668
            },
            "type": "vehicle.carlamotors.carlacola",
            "velocity": 0.0,
            "velocity_vec": {
                "vx": 0.0,
                "vy": 0.0,
                "vz": 0.0
            }
        }
    },
    "reverse": false,
    "right_distance": 1.7510910031108893,
    "steer": 8.566674659959972e-05,
    "steer_noise": 0.0,
    "target_road_option": "RoadOption.LANEFOLLOW",
    "target_waypoint": {
        "pitch": -0.7469339966773987,
        "roll": 0.0,
        "x": -88.05536651611328,
        "y": 113.53031158447266,
        "yaw": 89.84373474121094,
        "z": 0.14425444602966309
    },
    "throttle": 0.75,
    "throttle_noise": 0.0
}