{
    "blocking_state": "AgentState.NAVIGATING",
    "brake": 0.0,
    "brake_noise": 0.0,
    "current_waypoint": {
        "pitch": -1.012520670890808,
        "roll": 0.0,
        "x": -88.0826416015625,
        "y": 103.52899169921875,
        "yaw": 89.84373474121094,
        "z": 0.3027586340904236
    },
    "ego_planned_trajectory": [],
    "ego_vehicle_can_speed": 4.713477417461941,
    "ego_vehicle_can_timestamp": "717",
    "ego_vehicle_id": 171,
    "ego_vehicle_transform": {
        "pitch": -1.3334646224975586,
        "roll": 0.000553768768440932,
        "x": -88.08196258544922,
        "y": 103.76436614990234,
        "yaw": 89.84381866455078,
        "z": 0.3381102681159973
    },
    "ego_velocity": {
        "vx": 0.013205146417021751,
        "vy": 4.712735176086426,
        "vz": -0.0825963020324707
    },
    "hand_brake": false,
    "left_distance": 1.7497100791324844,
    "next_target_location": null,
    "other_actors": {
        "171": {
            "bounding_box": {
                "extent_x": 2.452350616455078,
                "extent_y": 1.0303291082382202,
                "extent_z": 0.7391985058784485,
                "loc_x": 0.060644909739494324,
                "loc_y": 0.0,
                "loc_z": 0.7473415732383728
            },
            "transform": {
                "pitch": -1.3334646224975586,
                "roll": 0.000553768768440932,
                "x": -88.08196258544922,
                "y": 103.76436614990234,
                "yaw": 89.84381866455078,
                "z": 0.3381102681159973
            },
            "type": "vehicle.lincoln.mkz2017",
            "velocity": 4.712753676547741,
            "velocity_vec": {
                "vx": 0.013205146417021751,
                "vy": 4.712735176086426,
                "vz": -0.0825963020324707
            }
        },
        "173": {
            "bounding_box": {
                "extent_x": 2.073613166809082,
                "extent_y": 1.0016015768051147,
                "extent_z": 0.691210925579071,
                "loc_x": 0.0,
                "loc_y": 0.0,
                "loc_z": 0.7043752670288086
            },
            "transform": {
                "pitch": -0.029144415631890297,
                "roll": -2.6055105989408744e-11,
                "x": -62.69295120239258,
                "y": 131.888916015625,
                "yaw": 178.69911193847656,
                "z": -0.007890281267464161
            },
            "type": "vehicle.audi.tt",
            "velocity": 3.246232815362484,
            "velocity_vec": {
                "vx": -3.2453956604003906,
                "vy": 0.07371905446052551,
                "vz": 0.00012309882731642574
            }
        },
        "180": {
            "bounding_box": {
                "extent_x": 2.5996146202087402,
                "extent_y": 1.3075095415115356,
                "extent_z": 1.2384252548217773,
                "loc_x": 0.0,
                "loc_y": 0.0,
                "loc_z": 1.2300000190734863
            },
            "transform": {
                "pitch": -0.13821570575237274,
                "roll": -0.01974487118422985,
                "x": -84.52183532714844,
                "y": 126.66061401367188,
                "yaw": 90.23316192626953,
                "z": 0.04392380267381668
            },
            "type": "vehicle.carlamotors.carlacola",
            "velocity": 0.0,
            "velocity_vec": {
                "vx": 0.0,
                "vy": 0.0,
                "vz": 0.0
            }
        }
    },
    "reverse": false,
    "right_distance": 1.7511563152437428,
    "steer": -7.357208960456774e-05,
    "steer_noise": 0.0,
    "target_road_option": "RoadOption.LANEFOLLOW",
    "target_waypoint": {
        "pitch": -0.7469339966773987,
        "roll": 0.0,
        "x": -88.05536651611328,
        "y": 113.53031158447266,
        "yaw": 89.84373474121094,
        "z": 0.14425444602966309
    },
    "throttle": 0.75,
    "throttle_noise": 0.0
}