{
    "blocking_state": "AgentState.NAVIGATING",
    "brake": 0.0,
    "brake_noise": 0.0,
    "current_waypoint": {
        "pitch": -1.008750557899475,
        "roll": 0.0,
        "x": -88.07652282714844,
        "y": 105.7729721069336,
        "yaw": 89.84373474121094,
        "z": 0.26310697197914124
    },
    "ego_planned_trajectory": [],
    "ego_vehicle_can_speed": 5.442524753219101,
    "ego_vehicle_can_timestamp": "726",
    "ego_vehicle_id": 171,
    "ego_vehicle_transform": {
        "pitch": -0.730283796787262,
        "roll": -0.00015257105405908078,
        "x": -88.07579803466797,
        "y": 106.04399871826172,
        "yaw": 89.84373474121094,
        "z": 0.29513347148895264
    },
    "ego_velocity": {
        "vx": 0.014809353277087212,
        "vy": 5.441799640655518,
        "vz": -0.08759590983390808
    },
    "hand_brake": false,
    "left_distance": 1.74975960957597,
    "next_target_location": null,
    "other_actors": {
        "171": {
            "bounding_box": {
                "extent_x": 2.452350616455078,
                "extent_y": 1.0303291082382202,
                "extent_z": 0.7391985058784485,
                "loc_x": 0.060644909739494324,
                "loc_y": 0.0,
                "loc_z": 0.7473415732383728
            },
            "transform": {
                "pitch": -0.730283796787262,
                "roll": -0.00015257105405908078,
                "x": -88.07579803466797,
                "y": 106.04399871826172,
                "yaw": 89.84373474121094,
                "z": 0.29513347148895264
            },
            "type": "vehicle.lincoln.mkz2017",
            "velocity": 5.441819791759279,
            "velocity_vec": {
                "vx": 0.014809353277087212,
                "vy": 5.441799640655518,
                "vz": -0.08759590983390808
            }
        },
        "173": {
            "bounding_box": {
                "extent_x": 2.073613166809082,
                "extent_y": 1.0016015768051147,
                "extent_z": 0.691210925579071,
                "loc_x": 0.0,
                "loc_y": 0.0,
                "loc_z": 0.7043752670288086
            },
            "transform": {
                "pitch": 0.015019585378468037,
                "roll": 4.412887847138336e-06,
                "x": -64.19341278076172,
                "y": 131.9230194091797,
                "yaw": 178.69857788085938,
                "z": -0.008266753517091274
            },
            "type": "vehicle.audi.tt",
            "velocity": 4.132910307480778,
            "velocity_vec": {
                "vx": -4.131844520568848,
                "vy": 0.0938534364104271,
                "vz": 1.1442184586485382e-05
            }
        },
        "180": {
            "bounding_box": {
                "extent_x": 2.5996146202087402,
                "extent_y": 1.3075095415115356,
                "extent_z": 1.2384252548217773,
                "loc_x": 0.0,
                "loc_y": 0.0,
                "loc_z": 1.2300000190734863
            },
            "transform": {
                "pitch": -0.13821570575237274,
                "roll": -0.01974487118422985,
                "x": -84.52183532714844,
                "y": 126.66061401367188,
                "yaw": 90.23316192626953,
                "z": 0.04392380267381668
            },
            "type": "vehicle.carlamotors.carlacola",
            "velocity": 0.0,
            "velocity_vec": {
                "vx": 0.0,
                "vy": 0.0,
                "vz": 0.0
            }
        }
    },
    "reverse": false,
    "right_distance": 1.7509926576643047,
    "steer": -7.000518053246196e-06,
    "steer_noise": 0.0,
    "target_road_option": "RoadOption.LANEFOLLOW",
    "target_waypoint": {
        "pitch": -0.7469339966773987,
        "roll": 0.0,
        "x": -88.05536651611328,
        "y": 113.53031158447266,
        "yaw": 89.84373474121094,
        "z": 0.14425444602966309
    },
    "throttle": 0.75,
    "throttle_noise": 0.0
}