{
    "blocking_state": "AgentState.NAVIGATING",
    "brake": 0.0,
    "brake_noise": 0.0,
    "current_waypoint": {
        "pitch": -1.012520670890808,
        "roll": 0.0,
        "x": -88.08003234863281,
        "y": 104.48693084716797,
        "yaw": 89.84373474121094,
        "z": 0.2858301103115082
    },
    "ego_planned_trajectory": [],
    "ego_vehicle_can_speed": 4.978996652387592,
    "ego_vehicle_can_timestamp": "721",
    "ego_vehicle_id": 171,
    "ego_vehicle_transform": {
        "pitch": -1.0797982215881348,
        "roll": -0.00030522490851581097,
        "x": -88.07935333251953,
        "y": 104.73524475097656,
        "yaw": 89.84386444091797,
        "z": 0.31886667013168335
    },
    "ego_velocity": {
        "vx": 0.013704314827919006,
        "vy": 4.978331089019775,
        "vz": -0.08024602383375168
    },
    "hand_brake": false,
    "left_distance": 1.749737112603206,
    "next_target_location": null,
    "other_actors": {
        "171": {
            "bounding_box": {
                "extent_x": 2.452350616455078,
                "extent_y": 1.0303291082382202,
                "extent_z": 0.7391985058784485,
                "loc_x": 0.060644909739494324,
                "loc_y": 0.0,
                "loc_z": 0.7473415732383728
            },
            "transform": {
                "pitch": -1.0797982215881348,
                "roll": -0.00030522490851581097,
                "x": -88.07935333251953,
                "y": 104.73524475097656,
                "yaw": 89.84386444091797,
                "z": 0.31886667013168335
            },
            "type": "vehicle.lincoln.mkz2017",
            "velocity": 4.978349951554804,
            "velocity_vec": {
                "vx": 0.013704314827919006,
                "vy": 4.978331089019775,
                "vz": -0.08024602383375168
            }
        },
        "173": {
            "bounding_box": {
                "extent_x": 2.073613166809082,
                "extent_y": 1.0016015768051147,
                "extent_z": 0.691210925579071,
                "loc_x": 0.0,
                "loc_y": 0.0,
                "loc_z": 0.7043752670288086
            },
            "transform": {
                "pitch": -0.03546233847737312,
                "roll": -3.051759267691523e-05,
                "x": -63.29433059692383,
                "y": 131.902587890625,
                "yaw": 178.699462890625,
                "z": -0.007818526588380337
            },
            "type": "vehicle.audi.tt",
            "velocity": 3.0673964227176307,
            "velocity_vec": {
                "vx": -3.066606283187866,
                "vy": 0.06961837410926819,
                "vz": 4.481522410060279e-05
            }
        },
        "180": {
            "bounding_box": {
                "extent_x": 2.5996146202087402,
                "extent_y": 1.3075095415115356,
                "extent_z": 1.2384252548217773,
                "loc_x": 0.0,
                "loc_y": 0.0,
                "loc_z": 1.2300000190734863
            },
            "transform": {
                "pitch": -0.13821570575237274,
                "roll": -0.01974487118422985,
                "x": -84.52183532714844,
                "y": 126.66061401367188,
                "yaw": 90.23316192626953,
                "z": 0.04392380267381668
            },
            "type": "vehicle.carlamotors.carlacola",
            "velocity": 0.0,
            "velocity_vec": {
                "vx": 0.0,
                "vy": 0.0,
                "vz": 0.0
            }
        }
    },
    "reverse": false,
    "right_distance": 1.7510355691708122,
    "steer": -6.919321458553895e-05,
    "steer_noise": 0.0,
    "target_road_option": "RoadOption.LANEFOLLOW",
    "target_waypoint": {
        "pitch": -0.7469339966773987,
        "roll": 0.0,
        "x": -88.05536651611328,
        "y": 113.53031158447266,
        "yaw": 89.84373474121094,
        "z": 0.14425444602966309
    },
    "throttle": 0.75,
    "throttle_noise": 0.0
}