{
    "blocking_state": "AgentState.NAVIGATING",
    "brake": 0.0,
    "brake_noise": 0.0,
    "current_waypoint": {
        "pitch": -1.012520670890808,
        "roll": 0.0,
        "x": -88.07866668701172,
        "y": 104.98788452148438,
        "yaw": 89.84373474121094,
        "z": 0.27697721123695374
    },
    "ego_planned_trajectory": [],
    "ego_vehicle_can_speed": 5.156874754313101,
    "ego_vehicle_can_timestamp": "723",
    "ego_vehicle_id": 171,
    "ego_vehicle_transform": {
        "pitch": -0.9191931486129761,
        "roll": -0.0001525783009128645,
        "x": -88.07794952392578,
        "y": 105.24498748779297,
        "yaw": 89.84361267089844,
        "z": 0.30978140234947205
    },
    "ego_velocity": {
        "vx": 0.014094549231231213,
        "vy": 5.156285285949707,
        "vz": -0.07668523490428925
    },
    "hand_brake": false,
    "left_distance": 1.7497229350562753,
    "next_target_location": null,
    "other_actors": {
        "171": {
            "bounding_box": {
                "extent_x": 2.452350616455078,
                "extent_y": 1.0303291082382202,
                "extent_z": 0.7391985058784485,
                "loc_x": 0.060644909739494324,
                "loc_y": 0.0,
                "loc_z": 0.7473415732383728
            },
            "transform": {
                "pitch": -0.9191931486129761,
                "roll": -0.0001525783009128645,
                "x": -88.07794952392578,
                "y": 105.24498748779297,
                "yaw": 89.84361267089844,
                "z": 0.30978140234947205
            },
            "type": "vehicle.lincoln.mkz2017",
            "velocity": 5.156304549424857,
            "velocity_vec": {
                "vx": 0.014094549231231213,
                "vy": 5.156285285949707,
                "vz": -0.07668523490428925
            }
        },
        "173": {
            "bounding_box": {
                "extent_x": 2.073613166809082,
                "extent_y": 1.0016015768051147,
                "extent_z": 0.691210925579071,
                "loc_x": 0.0,
                "loc_y": 0.0,
                "loc_z": 0.7043752670288086
            },
            "transform": {
                "pitch": -0.017089132219552994,
                "roll": -3.0517576306010596e-05,
                "x": -63.621360778808594,
                "y": 131.91001892089844,
                "yaw": 178.6991729736328,
                "z": -0.007980613969266415
            },
            "type": "vehicle.audi.tt",
            "velocity": 3.433181359132412,
            "velocity_vec": {
                "vx": -3.4322967529296875,
                "vy": 0.07793102413415909,
                "vz": 2.620260238472838e-05
            }
        },
        "180": {
            "bounding_box": {
                "extent_x": 2.5996146202087402,
                "extent_y": 1.3075095415115356,
                "extent_z": 1.2384252548217773,
                "loc_x": 0.0,
                "loc_y": 0.0,
                "loc_z": 1.2300000190734863
            },
            "transform": {
                "pitch": -0.13821570575237274,
                "roll": -0.01974487118422985,
                "x": -84.52183532714844,
                "y": 126.66061401367188,
                "yaw": 90.23316192626953,
                "z": 0.04392380267381668
            },
            "type": "vehicle.carlamotors.carlacola",
            "velocity": 0.0,
            "velocity_vec": {
                "vx": 0.0,
                "vy": 0.0,
                "vz": 0.0
            }
        }
    },
    "reverse": false,
    "right_distance": 1.751044406694489,
    "steer": -8.79507751960773e-06,
    "steer_noise": 0.0,
    "target_road_option": "RoadOption.LANEFOLLOW",
    "target_waypoint": {
        "pitch": -0.7469339966773987,
        "roll": 0.0,
        "x": -88.05536651611328,
        "y": 113.53031158447266,
        "yaw": 89.84373474121094,
        "z": 0.14425444602966309
    },
    "throttle": 0.75,
    "throttle_noise": 0.0
}