{
    "blocking_state": "AgentState.NAVIGATING",
    "brake": 0.0,
    "brake_noise": 0.0,
    "current_waypoint": {
        "pitch": -1.012520670890808,
        "roll": 0.0,
        "x": -88.07796478271484,
        "y": 105.2449951171875,
        "yaw": 89.84373474121094,
        "z": 0.2724336087703705
    },
    "ego_planned_trajectory": [],
    "ego_vehicle_can_speed": 5.250600734625593,
    "ego_vehicle_can_timestamp": "724",
    "ego_vehicle_id": 171,
    "ego_vehicle_transform": {
        "pitch": -0.8483845591545105,
        "roll": -0.00015257539052981883,
        "x": -88.0772476196289,
        "y": 105.50664520263672,
        "yaw": 89.8435287475586,
        "z": 0.3049861788749695
    },
    "ego_velocity": {
        "vx": 0.014300122857093811,
        "vy": 5.249946117401123,
        "vz": -0.08166605979204178
    },
    "hand_brake": false,
    "left_distance": 1.7497348691742296,
    "next_target_location": null,
    "other_actors": {
        "171": {
            "bounding_box": {
                "extent_x": 2.452350616455078,
                "extent_y": 1.0303291082382202,
                "extent_z": 0.7391985058784485,
                "loc_x": 0.060644909739494324,
                "loc_y": 0.0,
                "loc_z": 0.7473415732383728
            },
            "transform": {
                "pitch": -0.8483845591545105,
                "roll": -0.00015257539052981883,
                "x": -88.0772476196289,
                "y": 105.50664520263672,
                "yaw": 89.8435287475586,
                "z": 0.3049861788749695
            },
            "type": "vehicle.lincoln.mkz2017",
            "velocity": 5.249965593137621,
            "velocity_vec": {
                "vx": 0.014300122857093811,
                "vy": 5.249946117401123,
                "vz": -0.08166605979204178
            }
        },
        "173": {
            "bounding_box": {
                "extent_x": 2.073613166809082,
                "extent_y": 1.0016015768051147,
                "extent_z": 0.691210925579071,
                "loc_x": 0.0,
                "loc_y": 0.0,
                "loc_z": 0.7043752670288086
            },
            "transform": {
                "pitch": -0.006167660467326641,
                "roll": 0.0,
                "x": -63.80033874511719,
                "y": 131.91409301757812,
                "yaw": 178.69898986816406,
                "z": -0.008077888749539852
            },
            "type": "vehicle.audi.tt",
            "velocity": 3.6539363384440366,
            "velocity_vec": {
                "vx": -3.6529946327209473,
                "vy": 0.08295166492462158,
                "vz": 1.985219023481477e-05
            }
        },
        "180": {
            "bounding_box": {
                "extent_x": 2.5996146202087402,
                "extent_y": 1.3075095415115356,
                "extent_z": 1.2384252548217773,
                "loc_x": 0.0,
                "loc_y": 0.0,
                "loc_z": 1.2300000190734863
            },
            "transform": {
                "pitch": -0.13821570575237274,
                "roll": -0.01974487118422985,
                "x": -84.52183532714844,
                "y": 126.66061401367188,
                "yaw": 90.23316192626953,
                "z": 0.04392380267381668
            },
            "type": "vehicle.carlamotors.carlacola",
            "velocity": 0.0,
            "velocity_vec": {
                "vx": 0.0,
                "vy": 0.0,
                "vz": 0.0
            }
        }
    },
    "reverse": false,
    "right_distance": 1.7510241368392039,
    "steer": 9.95907248579897e-06,
    "steer_noise": 0.0,
    "target_road_option": "RoadOption.LANEFOLLOW",
    "target_waypoint": {
        "pitch": -0.7469339966773987,
        "roll": 0.0,
        "x": -88.05536651611328,
        "y": 113.53031158447266,
        "yaw": 89.84373474121094,
        "z": 0.14425444602966309
    },
    "throttle": 0.75,
    "throttle_noise": 0.0
}