{
    "blocking_state": "AgentState.NAVIGATING",
    "brake": 0.0,
    "brake_noise": 0.0,
    "current_waypoint": {
        "pitch": -1.012520670890808,
        "roll": 0.0,
        "x": -88.08069610595703,
        "y": 104.2426528930664,
        "yaw": 89.84373474121094,
        "z": 0.29014694690704346
    },
    "ego_planned_trajectory": [],
    "ego_vehicle_can_speed": 4.897362285642776,
    "ego_vehicle_can_timestamp": "720",
    "ego_vehicle_id": 171,
    "ego_vehicle_transform": {
        "pitch": -1.1563372611999512,
        "roll": -0.00048824449186213315,
        "x": -88.08002471923828,
        "y": 104.48692321777344,
        "yaw": 89.84392547607422,
        "z": 0.32373788952827454
    },
    "ego_velocity": {
        "vx": 0.013197258114814758,
        "vy": 4.896677494049072,
        "vz": -0.08082517236471176
    },
    "hand_brake": false,
    "left_distance": 1.749735325492279,
    "next_target_location": null,
    "other_actors": {
        "171": {
            "bounding_box": {
                "extent_x": 2.452350616455078,
                "extent_y": 1.0303291082382202,
                "extent_z": 0.7391985058784485,
                "loc_x": 0.060644909739494324,
                "loc_y": 0.0,
                "loc_z": 0.7473415732383728
            },
            "transform": {
                "pitch": -1.1563372611999512,
                "roll": -0.00048824449186213315,
                "x": -88.08002471923828,
                "y": 104.48692321777344,
                "yaw": 89.84392547607422,
                "z": 0.32373788952827454
            },
            "type": "vehicle.lincoln.mkz2017",
            "velocity": 4.89669527828192,
            "velocity_vec": {
                "vx": 0.013197258114814758,
                "vy": 4.896677494049072,
                "vz": -0.08082517236471176
            }
        },
        "173": {
            "bounding_box": {
                "extent_x": 2.073613166809082,
                "extent_y": 1.0016015768051147,
                "extent_z": 0.691210925579071,
                "loc_x": 0.0,
                "loc_y": 0.0,
                "loc_z": 0.7043752670288086
            },
            "transform": {
                "pitch": -0.04043471813201904,
                "roll": -3.051756721106358e-05,
                "x": -63.143089294433594,
                "y": 131.89915466308594,
                "yaw": 178.69949340820312,
                "z": -0.0077761076390743256
            },
            "type": "vehicle.audi.tt",
            "velocity": 2.955967107328009,
            "velocity_vec": {
                "vx": -2.9552056789398193,
                "vy": 0.0670890063047409,
                "vz": 5.896539005334489e-05
            }
        },
        "180": {
            "bounding_box": {
                "extent_x": 2.5996146202087402,
                "extent_y": 1.3075095415115356,
                "extent_z": 1.2384252548217773,
                "loc_x": 0.0,
                "loc_y": 0.0,
                "loc_z": 1.2300000190734863
            },
            "transform": {
                "pitch": -0.13821570575237274,
                "roll": -0.01974487118422985,
                "x": -84.52183532714844,
                "y": 126.66061401367188,
                "yaw": 90.23316192626953,
                "z": 0.04392380267381668
            },
            "type": "vehicle.carlamotors.carlacola",
            "velocity": 0.0,
            "velocity_vec": {
                "vx": 0.0,
                "vy": 0.0,
                "vz": 0.0
            }
        }
    },
    "reverse": false,
    "right_distance": 1.75105877832589,
    "steer": 5.594107278739102e-05,
    "steer_noise": 0.0,
    "target_road_option": "RoadOption.LANEFOLLOW",
    "target_waypoint": {
        "pitch": -0.7469339966773987,
        "roll": 0.0,
        "x": -88.05536651611328,
        "y": 113.53031158447266,
        "yaw": 89.84373474121094,
        "z": 0.14425444602966309
    },
    "throttle": 0.75,
    "throttle_noise": 0.0
}