{
    "blocking_state": "AgentState.NAVIGATING",
    "brake": 0.0,
    "brake_noise": 0.0,
    "current_waypoint": {
        "pitch": -0.9996029138565063,
        "roll": 0.0,
        "x": -88.0757827758789,
        "y": 106.04400634765625,
        "yaw": 89.84373474121094,
        "z": 0.2583567798137665
    },
    "ego_planned_trajectory": [],
    "ego_vehicle_can_speed": 5.538952238692793,
    "ego_vehicle_can_timestamp": "727",
    "ego_vehicle_id": 171,
    "ego_vehicle_transform": {
        "pitch": -0.6822197437286377,
        "roll": -3.0497887564706616e-05,
        "x": -88.07503509521484,
        "y": 106.31980895996094,
        "yaw": 89.84371948242188,
        "z": 0.2901516258716583
    },
    "ego_velocity": {
        "vx": 0.015095009468495846,
        "vy": 5.538206577301025,
        "vz": -0.0896211490035057
    },
    "hand_brake": false,
    "left_distance": 1.7497502852117621,
    "next_target_location": null,
    "other_actors": {
        "171": {
            "bounding_box": {
                "extent_x": 2.452350616455078,
                "extent_y": 1.0303291082382202,
                "extent_z": 0.7391985058784485,
                "loc_x": 0.060644909739494324,
                "loc_y": 0.0,
                "loc_z": 0.7473415732383728
            },
            "transform": {
                "pitch": -0.6822197437286377,
                "roll": -3.0497887564706616e-05,
                "x": -88.07503509521484,
                "y": 106.31980895996094,
                "yaw": 89.84371948242188,
                "z": 0.2901516258716583
            },
            "type": "vehicle.lincoln.mkz2017",
            "velocity": 5.538227148842054,
            "velocity_vec": {
                "vx": 0.015095009468495846,
                "vy": 5.538206577301025,
                "vz": -0.0896211490035057
            }
        },
        "173": {
            "bounding_box": {
                "extent_x": 2.073613166809082,
                "extent_y": 1.0016015768051147,
                "extent_z": 0.691210925579071,
                "loc_x": 0.0,
                "loc_y": 0.0,
                "loc_z": 0.7043752670288086
            },
            "transform": {
                "pitch": 0.024356452748179436,
                "roll": 1.3955349459138233e-05,
                "x": -64.40835571289062,
                "y": 131.9279022216797,
                "yaw": 178.6983184814453,
                "z": -0.008350448682904243
            },
            "type": "vehicle.audi.tt",
            "velocity": 4.382256892296666,
            "velocity_vec": {
                "vx": -4.381126403808594,
                "vy": 0.09953343123197556,
                "vz": 8.486286787956487e-06
            }
        },
        "180": {
            "bounding_box": {
                "extent_x": 2.5996146202087402,
                "extent_y": 1.3075095415115356,
                "extent_z": 1.2384252548217773,
                "loc_x": 0.0,
                "loc_y": 0.0,
                "loc_z": 1.2300000190734863
            },
            "transform": {
                "pitch": -0.13821570575237274,
                "roll": -0.01974487118422985,
                "x": -84.52183532714844,
                "y": 126.66061401367188,
                "yaw": 90.23316192626953,
                "z": 0.04392380267381668
            },
            "type": "vehicle.carlamotors.carlacola",
            "velocity": 0.0,
            "velocity_vec": {
                "vx": 0.0,
                "vy": 0.0,
                "vz": 0.0
            }
        }
    },
    "reverse": false,
    "right_distance": 1.7509851384532427,
    "steer": -6.314727215794846e-06,
    "steer_noise": 0.0,
    "target_road_option": "RoadOption.LANEFOLLOW",
    "target_waypoint": {
        "pitch": -0.7469339966773987,
        "roll": 0.0,
        "x": -88.05536651611328,
        "y": 113.53031158447266,
        "yaw": 89.84373474121094,
        "z": 0.14425444602966309
    },
    "throttle": 0.75,
    "throttle_noise": 0.0
}