{
    "blocking_state": "AgentState.NAVIGATING",
    "brake": 0.0,
    "brake_noise": 0.0,
    "current_waypoint": {
        "pitch": -1.012520670890808,
        "roll": 0.0,
        "x": -88.0772476196289,
        "y": 105.50665283203125,
        "yaw": 89.84373474121094,
        "z": 0.2678096294403076
    },
    "ego_planned_trajectory": [],
    "ego_vehicle_can_speed": 5.3459163143162,
    "ego_vehicle_can_timestamp": "725",
    "ego_vehicle_id": 171,
    "ego_vehicle_transform": {
        "pitch": -0.785519540309906,
        "roll": -0.0003051460371352732,
        "x": -88.07653045654297,
        "y": 105.77296447753906,
        "yaw": 89.84370422363281,
        "z": 0.3000866770744324
    },
    "ego_velocity": {
        "vx": 0.014382937923073769,
        "vy": 5.34522008895874,
        "vz": -0.08506803959608078
    },
    "hand_brake": false,
    "left_distance": 1.7497469792089273,
    "next_target_location": null,
    "other_actors": {
        "171": {
            "bounding_box": {
                "extent_x": 2.452350616455078,
                "extent_y": 1.0303291082382202,
                "extent_z": 0.7391985058784485,
                "loc_x": 0.060644909739494324,
                "loc_y": 0.0,
                "loc_z": 0.7473415732383728
            },
            "transform": {
                "pitch": -0.785519540309906,
                "roll": -0.0003051460371352732,
                "x": -88.07653045654297,
                "y": 105.77296447753906,
                "yaw": 89.84370422363281,
                "z": 0.3000866770744324
            },
            "type": "vehicle.lincoln.mkz2017",
            "velocity": 5.34523943975491,
            "velocity_vec": {
                "vx": 0.014382937923073769,
                "vy": 5.34522008895874,
                "vz": -0.08506803959608078
            }
        },
        "173": {
            "bounding_box": {
                "extent_x": 2.073613166809082,
                "extent_y": 1.0016015768051147,
                "extent_z": 0.691210925579071,
                "loc_x": 0.0,
                "loc_y": 0.0,
                "loc_z": 0.7043752670288086
            },
            "transform": {
                "pitch": 0.004733320791274309,
                "roll": 0.0,
                "x": -63.990848541259766,
                "y": 131.91842651367188,
                "yaw": 178.6987762451172,
                "z": -0.008174781687557697
            },
            "type": "vehicle.audi.tt",
            "velocity": 3.888880953340813,
            "velocity_vec": {
                "vx": -3.88787841796875,
                "vy": 0.08829765766859055,
                "vz": 1.4112027201917954e-05
            }
        },
        "180": {
            "bounding_box": {
                "extent_x": 2.5996146202087402,
                "extent_y": 1.3075095415115356,
                "extent_z": 1.2384252548217773,
                "loc_x": 0.0,
                "loc_y": 0.0,
                "loc_z": 1.2300000190734863
            },
            "transform": {
                "pitch": -0.13821570575237274,
                "roll": -0.01974487118422985,
                "x": -84.52183532714844,
                "y": 126.66061401367188,
                "yaw": 90.23316192626953,
                "z": 0.04392380267381668
            },
            "type": "vehicle.carlamotors.carlacola",
            "velocity": 0.0,
            "velocity_vec": {
                "vx": 0.0,
                "vy": 0.0,
                "vz": 0.0
            }
        }
    },
    "reverse": false,
    "right_distance": 1.7510027265943606,
    "steer": 6.775090878363699e-05,
    "steer_noise": 0.0,
    "target_road_option": "RoadOption.LANEFOLLOW",
    "target_waypoint": {
        "pitch": -0.7469339966773987,
        "roll": 0.0,
        "x": -88.05536651611328,
        "y": 113.53031158447266,
        "yaw": 89.84373474121094,
        "z": 0.14425444602966309
    },
    "throttle": 0.75,
    "throttle_noise": 0.0
}