{
    "blocking_state": "AgentState.NAVIGATING",
    "brake": 0.0,
    "brake_noise": 0.0,
    "current_waypoint": {
        "pitch": -0.9902941584587097,
        "roll": 0.0,
        "x": -88.07503509521484,
        "y": 106.31981658935547,
        "yaw": 89.84373474121094,
        "z": 0.25356727838516235
    },
    "ego_planned_trajectory": [],
    "ego_vehicle_can_speed": 5.629170813259095,
    "ego_vehicle_can_timestamp": "728",
    "ego_vehicle_id": 171,
    "ego_vehicle_transform": {
        "pitch": -0.6415938138961792,
        "roll": 0.00025726878084242344,
        "x": -88.07426452636719,
        "y": 106.60023498535156,
        "yaw": 89.84346008300781,
        "z": 0.2851635217666626
    },
    "ego_velocity": {
        "vx": 0.015561680309474468,
        "vy": 5.628409385681152,
        "vz": -0.09126700460910797
    },
    "hand_brake": false,
    "left_distance": 1.749748201703235,
    "next_target_location": null,
    "other_actors": {
        "171": {
            "bounding_box": {
                "extent_x": 2.452350616455078,
                "extent_y": 1.0303291082382202,
                "extent_z": 0.7391985058784485,
                "loc_x": 0.060644909739494324,
                "loc_y": 0.0,
                "loc_z": 0.7473415732383728
            },
            "transform": {
                "pitch": -0.6415938138961792,
                "roll": 0.00025726878084242344,
                "x": -88.07426452636719,
                "y": 106.60023498535156,
                "yaw": 89.84346008300781,
                "z": 0.2851635217666626
            },
            "type": "vehicle.lincoln.mkz2017",
            "velocity": 5.62843089845809,
            "velocity_vec": {
                "vx": 0.015561680309474468,
                "vy": 5.628409385681152,
                "vz": -0.09126700460910797
            }
        },
        "173": {
            "bounding_box": {
                "extent_x": 2.073613166809082,
                "extent_y": 1.0016015768051147,
                "extent_z": 0.691210925579071,
                "loc_x": 0.0,
                "loc_y": 0.0,
                "loc_z": 0.7043752670288086
            },
            "transform": {
                "pitch": 0.032518528401851654,
                "roll": 2.1458256014739163e-05,
                "x": -64.6357192993164,
                "y": 131.9330596923828,
                "yaw": 178.6980438232422,
                "z": -0.00842361431568861
            },
            "type": "vehicle.audi.tt",
            "velocity": 4.62868599830985,
            "velocity_vec": {
                "vx": -4.627491474151611,
                "vy": 0.1051509752869606,
                "vz": 6.4648343141016085e-06
            }
        },
        "180": {
            "bounding_box": {
                "extent_x": 2.5996146202087402,
                "extent_y": 1.3075095415115356,
                "extent_z": 1.2384252548217773,
                "loc_x": 0.0,
                "loc_y": 0.0,
                "loc_z": 1.2300000190734863
            },
            "transform": {
                "pitch": -0.13821570575237274,
                "roll": -0.01974487118422985,
                "x": -84.52183532714844,
                "y": 126.66061401367188,
                "yaw": 90.23316192626953,
                "z": 0.04392380267381668
            },
            "type": "vehicle.carlamotors.carlacola",
            "velocity": 0.0,
            "velocity_vec": {
                "vx": 0.0,
                "vy": 0.0,
                "vz": 0.0
            }
        }
    },
    "reverse": false,
    "right_distance": 1.750986247886336,
    "steer": -7.403185736620799e-05,
    "steer_noise": 0.0,
    "target_road_option": "RoadOption.LANEFOLLOW",
    "target_waypoint": {
        "pitch": -0.7469339966773987,
        "roll": 0.0,
        "x": -88.05536651611328,
        "y": 113.53031158447266,
        "yaw": 89.84373474121094,
        "z": 0.14425444602966309
    },
    "throttle": 0.4529867172241211,
    "throttle_noise": 0.0
}