{
    "blocking_state": "AgentState.NAVIGATING",
    "brake": 0.0,
    "brake_noise": 0.0,
    "current_waypoint": {
        "pitch": -0.9808298349380493,
        "roll": 0.0,
        "x": -88.07426452636719,
        "y": 106.60023498535156,
        "yaw": 89.84373474121094,
        "z": 0.24874372780323029
    },
    "ego_planned_trajectory": [],
    "ego_vehicle_can_speed": 5.685272193112771,
    "ego_vehicle_can_timestamp": "729",
    "ego_vehicle_id": 171,
    "ego_vehicle_transform": {
        "pitch": -0.6148057579994202,
        "roll": 3.655428736237809e-05,
        "x": -88.07350158691406,
        "y": 106.88400268554688,
        "yaw": 89.84346771240234,
        "z": 0.28026825189590454
    },
    "ego_velocity": {
        "vx": 0.015341882593929768,
        "vy": 5.684503555297852,
        "vz": -0.09221640974283218
    },
    "hand_brake": false,
    "left_distance": 1.7497731408235748,
    "next_target_location": null,
    "other_actors": {
        "171": {
            "bounding_box": {
                "extent_x": 2.452350616455078,
                "extent_y": 1.0303291082382202,
                "extent_z": 0.7391985058784485,
                "loc_x": 0.060644909739494324,
                "loc_y": 0.0,
                "loc_z": 0.7473415732383728
            },
            "transform": {
                "pitch": -0.6148057579994202,
                "roll": 3.655428736237809e-05,
                "x": -88.07350158691406,
                "y": 106.88400268554688,
                "yaw": 89.84346771240234,
                "z": 0.28026825189590454
            },
            "type": "vehicle.lincoln.mkz2017",
            "velocity": 5.6845242583311615,
            "velocity_vec": {
                "vx": 0.015341882593929768,
                "vy": 5.684503555297852,
                "vz": -0.09221640974283218
            }
        },
        "173": {
            "bounding_box": {
                "extent_x": 2.073613166809082,
                "extent_y": 1.0016015768051147,
                "extent_z": 0.691210925579071,
                "loc_x": 0.0,
                "loc_y": 0.0,
                "loc_z": 0.7043752670288086
            },
            "transform": {
                "pitch": 0.03914381191134453,
                "roll": 2.8735657906509005e-05,
                "x": -64.8747787475586,
                "y": 131.93849182128906,
                "yaw": 178.69773864746094,
                "z": -0.008482856675982475
            },
            "type": "vehicle.audi.tt",
            "velocity": 4.8541313173834615,
            "velocity_vec": {
                "vx": -4.852878093719482,
                "vy": 0.11029530316591263,
                "vz": 3.2800926419440657e-06
            }
        },
        "180": {
            "bounding_box": {
                "extent_x": 2.5996146202087402,
                "extent_y": 1.3075095415115356,
                "extent_z": 1.2384252548217773,
                "loc_x": 0.0,
                "loc_y": 0.0,
                "loc_z": 1.2300000190734863
            },
            "transform": {
                "pitch": -0.13821570575237274,
                "roll": -0.01974487118422985,
                "x": -84.52183532714844,
                "y": 126.66061401367188,
                "yaw": 90.23316192626953,
                "z": 0.04392380267381668
            },
            "type": "vehicle.carlamotors.carlacola",
            "velocity": 0.0,
            "velocity_vec": {
                "vx": 0.0,
                "vy": 0.0,
                "vz": 0.0
            }
        }
    },
    "reverse": false,
    "right_distance": 1.7509646507165693,
    "steer": 7.59098184062168e-05,
    "steer_noise": 0.0,
    "target_road_option": "RoadOption.LANEFOLLOW",
    "target_waypoint": {
        "pitch": -0.7469339966773987,
        "roll": 0.0,
        "x": -88.05536651611328,
        "y": 113.53031158447266,
        "yaw": 89.84373474121094,
        "z": 0.14425444602966309
    },
    "throttle": 0.09841849654912949,
    "throttle_noise": 0.0
}