{
    "blocking_state": "AgentState.NAVIGATING",
    "brake": 0.053901635110378265,
    "brake_noise": 0.0,
    "current_waypoint": {
        "pitch": -0.9429453611373901,
        "roll": 0.0,
        "x": -88.07120513916016,
        "y": 107.72270965576172,
        "yaw": 89.84373474121094,
        "z": 0.22989937663078308
    },
    "ego_planned_trajectory": [],
    "ego_vehicle_can_speed": 5.317776981622647,
    "ego_vehicle_can_timestamp": "733",
    "ego_vehicle_id": 171,
    "ego_vehicle_transform": {
        "pitch": -0.8322994709014893,
        "roll": 0.00015716429334133863,
        "x": -88.07050323486328,
        "y": 107.98968505859375,
        "yaw": 89.84369659423828,
        "z": 0.2651492953300476
    },
    "ego_velocity": {
        "vx": 0.014560914598405361,
        "vy": 5.31712007522583,
        "vz": -0.08230499178171158
    },
    "hand_brake": false,
    "left_distance": 1.7498252609325797,
    "next_target_location": null,
    "other_actors": {
        "171": {
            "bounding_box": {
                "extent_x": 2.452350616455078,
                "extent_y": 1.0303291082382202,
                "extent_z": 0.7391985058784485,
                "loc_x": 0.060644909739494324,
                "loc_y": 0.0,
                "loc_z": 0.7473415732383728
            },
            "transform": {
                "pitch": -0.8322994709014893,
                "roll": 0.00015716429334133863,
                "x": -88.07050323486328,
                "y": 107.98968505859375,
                "yaw": 89.84369659423828,
                "z": 0.2651492953300476
            },
            "type": "vehicle.lincoln.mkz2017",
            "velocity": 5.317140012695122,
            "velocity_vec": {
                "vx": 0.014560914598405361,
                "vy": 5.31712007522583,
                "vz": -0.08230499178171158
            }
        },
        "173": {
            "bounding_box": {
                "extent_x": 2.073613166809082,
                "extent_y": 1.0016015768051147,
                "extent_z": 0.691210925579071,
                "loc_x": 0.0,
                "loc_y": 0.0,
                "loc_z": 0.7043752670288086
            },
            "transform": {
                "pitch": 0.06380762159824371,
                "roll": -0.02597045712172985,
                "x": -65.89618682861328,
                "y": 131.9616241455078,
                "yaw": 178.69790649414062,
                "z": -0.006835899315774441
            },
            "type": "vehicle.audi.tt",
            "velocity": 5.118453698711302,
            "velocity_vec": {
                "vx": -5.11707067489624,
                "vy": 0.11897888034582138,
                "vz": 0.02781209908425808
            }
        },
        "180": {
            "bounding_box": {
                "extent_x": 2.5996146202087402,
                "extent_y": 1.3075095415115356,
                "extent_z": 1.2384252548217773,
                "loc_x": 0.0,
                "loc_y": 0.0,
                "loc_z": 1.2300000190734863
            },
            "transform": {
                "pitch": -0.13821570575237274,
                "roll": -0.01974487118422985,
                "x": -84.52183532714844,
                "y": 126.66061401367188,
                "yaw": 90.23316192626953,
                "z": 0.04392380267381668
            },
            "type": "vehicle.carlamotors.carlacola",
            "velocity": 0.0,
            "velocity_vec": {
                "vx": 0.0,
                "vy": 0.0,
                "vz": 0.0
            }
        }
    },
    "reverse": false,
    "right_distance": 1.7510497731402461,
    "steer": -1.4459059457294643e-05,
    "steer_noise": 0.0,
    "target_road_option": "RoadOption.LANEFOLLOW",
    "target_waypoint": {
        "pitch": -0.7469339966773987,
        "roll": 0.0,
        "x": -88.05536651611328,
        "y": 113.53031158447266,
        "yaw": 89.84373474121094,
        "z": 0.14425444602966309
    },
    "throttle": 0.0,
    "throttle_noise": 0.0
}