{
    "blocking_state": "AgentState.NAVIGATING",
    "brake": 0.0,
    "brake_noise": 0.0,
    "current_waypoint": {
        "pitch": -0.9079519510269165,
        "roll": 0.0,
        "x": -88.06837463378906,
        "y": 108.759521484375,
        "yaw": 89.84373474121094,
        "z": 0.21315252780914307
    },
    "ego_planned_trajectory": [],
    "ego_vehicle_can_speed": 5.003629051731116,
    "ego_vehicle_can_timestamp": "737",
    "ego_vehicle_id": 171,
    "ego_vehicle_transform": {
        "pitch": -1.102467656135559,
        "roll": 8.064317080425099e-05,
        "x": -88.06771087646484,
        "y": 109.00921630859375,
        "yaw": 89.84358978271484,
        "z": 0.2522154450416565
    },
    "ego_velocity": {
        "vx": 0.013725795783102512,
        "vy": 5.00305700302124,
        "vz": -0.07440372556447983
    },
    "hand_brake": false,
    "left_distance": 1.74986465491349,
    "next_target_location": null,
    "other_actors": {
        "171": {
            "bounding_box": {
                "extent_x": 2.452350616455078,
                "extent_y": 1.0303291082382202,
                "extent_z": 0.7391985058784485,
                "loc_x": 0.060644909739494324,
                "loc_y": 0.0,
                "loc_z": 0.7473415732383728
            },
            "transform": {
                "pitch": -1.102467656135559,
                "roll": 8.064317080425099e-05,
                "x": -88.06771087646484,
                "y": 109.00921630859375,
                "yaw": 89.84358978271484,
                "z": 0.2522154450416565
            },
            "type": "vehicle.lincoln.mkz2017",
            "velocity": 5.003075831221206,
            "velocity_vec": {
                "vx": 0.013725795783102512,
                "vy": 5.00305700302124,
                "vz": -0.07440372556447983
            }
        },
        "173": {
            "bounding_box": {
                "extent_x": 2.073613166809082,
                "extent_y": 1.0016015768051147,
                "extent_z": 0.691210925579071,
                "loc_x": 0.0,
                "loc_y": 0.0,
                "loc_z": 0.7043752670288086
            },
            "transform": {
                "pitch": 0.27566641569137573,
                "roll": -0.0788574069738388,
                "x": -66.83169555664062,
                "y": 131.98306274414062,
                "yaw": 178.69622802734375,
                "z": -0.0009714889456517994
            },
            "type": "vehicle.audi.tt",
            "velocity": 4.23936222640128,
            "velocity_vec": {
                "vx": -4.238228797912598,
                "vy": 0.09802419692277908,
                "vz": 0.035308387130498886
            }
        },
        "180": {
            "bounding_box": {
                "extent_x": 2.5996146202087402,
                "extent_y": 1.3075095415115356,
                "extent_z": 1.2384252548217773,
                "loc_x": 0.0,
                "loc_y": 0.0,
                "loc_z": 1.2300000190734863
            },
            "transform": {
                "pitch": -0.13821570575237274,
                "roll": -0.01974487118422985,
                "x": -84.52183532714844,
                "y": 126.66061401367188,
                "yaw": 90.23316192626953,
                "z": 0.04392380267381668
            },
            "type": "vehicle.carlamotors.carlacola",
            "velocity": 0.0,
            "velocity_vec": {
                "vx": 0.0,
                "vy": 0.0,
                "vz": 0.0
            }
        }
    },
    "reverse": false,
    "right_distance": 1.7511696127144005,
    "steer": -5.810991751786787e-06,
    "steer_noise": 0.0,
    "target_road_option": "RoadOption.LANEFOLLOW",
    "target_waypoint": {
        "pitch": -0.7469339966773987,
        "roll": 0.0,
        "x": -88.05536651611328,
        "y": 113.53031158447266,
        "yaw": 89.84373474121094,
        "z": 0.14425444602966309
    },
    "throttle": 0.75,
    "throttle_noise": 0.0
}