{
    "blocking_state": "AgentState.NAVIGATING",
    "brake": 0.0,
    "brake_noise": 0.0,
    "current_waypoint": {
        "pitch": -0.9339349269866943,
        "roll": 0.0,
        "x": -88.07048034667969,
        "y": 107.98967742919922,
        "yaw": 89.84373474121094,
        "z": 0.22552673518657684
    },
    "ego_planned_trajectory": [],
    "ego_vehicle_can_speed": 5.217745795133176,
    "ego_vehicle_can_timestamp": "734",
    "ego_vehicle_id": 171,
    "ego_vehicle_transform": {
        "pitch": -0.9239469766616821,
        "roll": 6.286725692916662e-05,
        "x": -88.06979370117188,
        "y": 108.25123596191406,
        "yaw": 89.84374237060547,
        "z": 0.26211315393447876
    },
    "ego_velocity": {
        "vx": 0.014228328131139278,
        "vy": 5.217104911804199,
        "vz": -0.08052997291088104
    },
    "hand_brake": false,
    "left_distance": 1.749843104250294,
    "next_target_location": null,
    "other_actors": {
        "171": {
            "bounding_box": {
                "extent_x": 2.452350616455078,
                "extent_y": 1.0303291082382202,
                "extent_z": 0.7391985058784485,
                "loc_x": 0.060644909739494324,
                "loc_y": 0.0,
                "loc_z": 0.7473415732383728
            },
            "transform": {
                "pitch": -0.9239469766616821,
                "roll": 6.286725692916662e-05,
                "x": -88.06979370117188,
                "y": 108.25123596191406,
                "yaw": 89.84374237060547,
                "z": 0.26211315393447876
            },
            "type": "vehicle.lincoln.mkz2017",
            "velocity": 5.217124313843107,
            "velocity_vec": {
                "vx": 0.014228328131139278,
                "vy": 5.217104911804199,
                "vz": -0.08052997291088104
            }
        },
        "173": {
            "bounding_box": {
                "extent_x": 2.073613166809082,
                "extent_y": 1.0016015768051147,
                "extent_z": 0.691210925579071,
                "loc_x": 0.0,
                "loc_y": 0.0,
                "loc_z": 0.7043752670288086
            },
            "transform": {
                "pitch": 0.11232245713472366,
                "roll": -0.0496520958840847,
                "x": -66.14722442626953,
                "y": 131.96734619140625,
                "yaw": 178.69813537597656,
                "z": -0.00516307819634676
            },
            "type": "vehicle.audi.tt",
            "velocity": 4.955196266631067,
            "velocity_vec": {
                "vx": -4.95383358001709,
                "vy": 0.1162019893527031,
                "vz": 0.04494030401110649
            }
        },
        "180": {
            "bounding_box": {
                "extent_x": 2.5996146202087402,
                "extent_y": 1.3075095415115356,
                "extent_z": 1.2384252548217773,
                "loc_x": 0.0,
                "loc_y": 0.0,
                "loc_z": 1.2300000190734863
            },
            "transform": {
                "pitch": -0.13821570575237274,
                "roll": -0.01974487118422985,
                "x": -84.52183532714844,
                "y": 126.66061401367188,
                "yaw": 90.23316192626953,
                "z": 0.04392380267381668
            },
            "type": "vehicle.carlamotors.carlacola",
            "velocity": 0.0,
            "velocity_vec": {
                "vx": 0.0,
                "vy": 0.0,
                "vz": 0.0
            }
        }
    },
    "reverse": false,
    "right_distance": 1.751094144340116,
    "steer": 9.217710612574592e-06,
    "steer_noise": 0.0,
    "target_road_option": "RoadOption.LANEFOLLOW",
    "target_waypoint": {
        "pitch": -0.7469339966773987,
        "roll": 0.0,
        "x": -88.05536651611328,
        "y": 113.53031158447266,
        "yaw": 89.84373474121094,
        "z": 0.14425444602966309
    },
    "throttle": 0.35500308871269226,
    "throttle_noise": 0.0
}