{
    "blocking_state": "AgentState.NAVIGATING",
    "brake": 0.23418577015399933,
    "brake_noise": 0.0,
    "current_waypoint": {
        "pitch": -0.9712519645690918,
        "roll": 0.0,
        "x": -88.07349395751953,
        "y": 106.8840103149414,
        "yaw": 89.84373474121094,
        "z": 0.24390944838523865
    },
    "ego_planned_trajectory": [],
    "ego_vehicle_can_speed": 5.678455496226554,
    "ego_vehicle_can_timestamp": "730",
    "ego_vehicle_id": 171,
    "ego_vehicle_transform": {
        "pitch": -0.6136446595191956,
        "roll": 2.7936006517848e-05,
        "x": -88.07273864746094,
        "y": 107.16830444335938,
        "yaw": 89.84355163574219,
        "z": 0.2756481468677521
    },
    "ego_velocity": {
        "vx": 0.01543872058391571,
        "vy": 5.6776909828186035,
        "vz": -0.0918889120221138
    },
    "hand_brake": false,
    "left_distance": 1.749784333298084,
    "next_target_location": null,
    "other_actors": {
        "171": {
            "bounding_box": {
                "extent_x": 2.452350616455078,
                "extent_y": 1.0303291082382202,
                "extent_z": 0.7391985058784485,
                "loc_x": 0.060644909739494324,
                "loc_y": 0.0,
                "loc_z": 0.7473415732383728
            },
            "transform": {
                "pitch": -0.6136446595191956,
                "roll": 2.7936006517848e-05,
                "x": -88.07273864746094,
                "y": 107.16830444335938,
                "yaw": 89.84355163574219,
                "z": 0.2756481468677521
            },
            "type": "vehicle.lincoln.mkz2017",
            "velocity": 5.67771197318717,
            "velocity_vec": {
                "vx": 0.01543872058391571,
                "vy": 5.6776909828186035,
                "vz": -0.0918889120221138
            }
        },
        "173": {
            "bounding_box": {
                "extent_x": 2.073613166809082,
                "extent_y": 1.0016015768051147,
                "extent_z": 0.691210925579071,
                "loc_x": 0.0,
                "loc_y": 0.0,
                "loc_z": 0.7043752670288086
            },
            "transform": {
                "pitch": 0.04368588700890541,
                "roll": 3.511118848109618e-05,
                "x": -65.1236343383789,
                "y": 131.94415283203125,
                "yaw": 178.69754028320312,
                "z": -0.00852359738200903
            },
            "type": "vehicle.audi.tt",
            "velocity": 5.033313439735519,
            "velocity_vec": {
                "vx": -5.032013416290283,
                "vy": 0.11439038813114166,
                "vz": 2.91775700134167e-06
            }
        },
        "180": {
            "bounding_box": {
                "extent_x": 2.5996146202087402,
                "extent_y": 1.3075095415115356,
                "extent_z": 1.2384252548217773,
                "loc_x": 0.0,
                "loc_y": 0.0,
                "loc_z": 1.2300000190734863
            },
            "transform": {
                "pitch": -0.13821570575237274,
                "roll": -0.01974487118422985,
                "x": -84.52183532714844,
                "y": 126.66061401367188,
                "yaw": 90.23316192626953,
                "z": 0.04392380267381668
            },
            "type": "vehicle.carlamotors.carlacola",
            "velocity": 0.0,
            "velocity_vec": {
                "vx": 0.0,
                "vy": 0.0,
                "vz": 0.0
            }
        }
    },
    "reverse": false,
    "right_distance": 1.7509521128645735,
    "steer": 1.0868844583455939e-05,
    "steer_noise": 0.0,
    "target_road_option": "RoadOption.LANEFOLLOW",
    "target_waypoint": {
        "pitch": -0.7469339966773987,
        "roll": 0.0,
        "x": -88.05536651611328,
        "y": 113.53031158447266,
        "yaw": 89.84373474121094,
        "z": 0.14425444602966309
    },
    "throttle": 0.0,
    "throttle_noise": 0.0
}