{
    "blocking_state": "AgentState.NAVIGATING",
    "brake": 0.0,
    "brake_noise": 0.0,
    "current_waypoint": {
        "pitch": -0.925106942653656,
        "roll": 0.0,
        "x": -88.06976318359375,
        "y": 108.2512435913086,
        "yaw": 89.84373474121094,
        "z": 0.22128330171108246
    },
    "ego_planned_trajectory": [],
    "ego_vehicle_can_speed": 5.103139663140495,
    "ego_vehicle_can_timestamp": "735",
    "ego_vehicle_id": 171,
    "ego_vehicle_transform": {
        "pitch": -1.0055471658706665,
        "roll": 1.7291577023570426e-05,
        "x": -88.069091796875,
        "y": 108.50737762451172,
        "yaw": 89.8438491821289,
        "z": 0.2590579688549042
    },
    "ego_velocity": {
        "vx": 0.013944401405751705,
        "vy": 5.102513790130615,
        "vz": -0.07869559526443481
    },
    "hand_brake": false,
    "left_distance": 1.7498534274378246,
    "next_target_location": null,
    "other_actors": {
        "171": {
            "bounding_box": {
                "extent_x": 2.452350616455078,
                "extent_y": 1.0303291082382202,
                "extent_z": 0.7391985058784485,
                "loc_x": 0.060644909739494324,
                "loc_y": 0.0,
                "loc_z": 0.7473415732383728
            },
            "transform": {
                "pitch": -1.0055471658706665,
                "roll": 1.7291577023570426e-05,
                "x": -88.069091796875,
                "y": 108.50737762451172,
                "yaw": 89.8438491821289,
                "z": 0.2590579688549042
            },
            "type": "vehicle.lincoln.mkz2017",
            "velocity": 5.102532844069077,
            "velocity_vec": {
                "vx": 0.013944401405751705,
                "vy": 5.102513790130615,
                "vz": -0.07869559526443481
            }
        },
        "173": {
            "bounding_box": {
                "extent_x": 2.073613166809082,
                "extent_y": 1.0016015768051147,
                "extent_z": 0.691210925579071,
                "loc_x": 0.0,
                "loc_y": 0.0,
                "loc_z": 0.7043752670288086
            },
            "transform": {
                "pitch": 0.1717519313097,
                "roll": -0.06423947960138321,
                "x": -66.3875961303711,
                "y": 131.9728546142578,
                "yaw": 178.69766235351562,
                "z": -0.003816146869212389
            },
            "type": "vehicle.audi.tt",
            "velocity": 4.720400983037511,
            "velocity_vec": {
                "vx": -4.719125747680664,
                "vy": 0.10971608012914658,
                "vz": 0.03674796596169472
            }
        },
        "180": {
            "bounding_box": {
                "extent_x": 2.5996146202087402,
                "extent_y": 1.3075095415115356,
                "extent_z": 1.2384252548217773,
                "loc_x": 0.0,
                "loc_y": 0.0,
                "loc_z": 1.2300000190734863
            },
            "transform": {
                "pitch": -0.13821570575237274,
                "roll": -0.01974487118422985,
                "x": -84.52183532714844,
                "y": 126.66061401367188,
                "yaw": 90.23316192626953,
                "z": 0.04392380267381668
            },
            "type": "vehicle.carlamotors.carlacola",
            "velocity": 0.0,
            "velocity_vec": {
                "vx": 0.0,
                "vy": 0.0,
                "vz": 0.0
            }
        }
    },
    "reverse": false,
    "right_distance": 1.7511265139315828,
    "steer": -6.952861895115348e-06,
    "steer_noise": 0.0,
    "target_road_option": "RoadOption.LANEFOLLOW",
    "target_waypoint": {
        "pitch": -0.7469339966773987,
        "roll": 0.0,
        "x": -88.05536651611328,
        "y": 113.53031158447266,
        "yaw": 89.84373474121094,
        "z": 0.14425444602966309
    },
    "throttle": 0.75,
    "throttle_noise": 0.0
}