{
    "blocking_state": "AgentState.NAVIGATING",
    "brake": 0.0,
    "brake_noise": 0.0,
    "current_waypoint": {
        "pitch": -0.8995248675346375,
        "roll": 0.0,
        "x": -88.06769561767578,
        "y": 109.00920867919922,
        "yaw": 89.84373474121094,
        "z": 0.20921416580677032
    },
    "ego_planned_trajectory": [],
    "ego_vehicle_can_speed": 5.030516551606258,
    "ego_vehicle_can_timestamp": "738",
    "ego_vehicle_id": 171,
    "ego_vehicle_transform": {
        "pitch": -1.1021056175231934,
        "roll": -0.0002746457466855645,
        "x": -88.0670394897461,
        "y": 109.26016998291016,
        "yaw": 89.84378051757812,
        "z": 0.24843047559261322
    },
    "ego_velocity": {
        "vx": 0.013527363538742065,
        "vy": 5.029921531677246,
        "vz": -0.07617855072021484
    },
    "hand_brake": false,
    "left_distance": 1.749879316341701,
    "next_target_location": null,
    "other_actors": {
        "171": {
            "bounding_box": {
                "extent_x": 2.452350616455078,
                "extent_y": 1.0303291082382202,
                "extent_z": 0.7391985058784485,
                "loc_x": 0.060644909739494324,
                "loc_y": 0.0,
                "loc_z": 0.7473415732383728
            },
            "transform": {
                "pitch": -1.1021056175231934,
                "roll": -0.0002746457466855645,
                "x": -88.0670394897461,
                "y": 109.26016998291016,
                "yaw": 89.84378051757812,
                "z": 0.24843047559261322
            },
            "type": "vehicle.lincoln.mkz2017",
            "velocity": 5.029939721745648,
            "velocity_vec": {
                "vx": 0.013527363538742065,
                "vy": 5.029921531677246,
                "vz": -0.07617855072021484
            }
        },
        "173": {
            "bounding_box": {
                "extent_x": 2.073613166809082,
                "extent_y": 1.0016015768051147,
                "extent_z": 0.691210925579071,
                "loc_x": 0.0,
                "loc_y": 0.0,
                "loc_z": 0.7043752670288086
            },
            "transform": {
                "pitch": 0.3167021870613098,
                "roll": -0.0891418308019638,
                "x": -67.03733825683594,
                "y": 131.9877471923828,
                "yaw": 178.69577026367188,
                "z": 0.00023647307534702122
            },
            "type": "vehicle.audi.tt",
            "velocity": 4.046401018061662,
            "velocity_vec": {
                "vx": -4.045316219329834,
                "vy": 0.09369036555290222,
                "vz": 0.03205842524766922
            }
        },
        "180": {
            "bounding_box": {
                "extent_x": 2.5996146202087402,
                "extent_y": 1.3075095415115356,
                "extent_z": 1.2384252548217773,
                "loc_x": 0.0,
                "loc_y": 0.0,
                "loc_z": 1.2300000190734863
            },
            "transform": {
                "pitch": -0.13821570575237274,
                "roll": -0.01974487118422985,
                "x": -84.52183532714844,
                "y": 126.66061401367188,
                "yaw": 90.23316192626953,
                "z": 0.04392380267381668
            },
            "type": "vehicle.carlamotors.carlacola",
            "velocity": 0.0,
            "velocity_vec": {
                "vx": 0.0,
                "vy": 0.0,
                "vz": 0.0
            }
        }
    },
    "reverse": false,
    "right_distance": 1.751130293737721,
    "steer": 8.420023368671536e-05,
    "steer_noise": 0.0,
    "target_road_option": "RoadOption.STRAIGHT",
    "target_waypoint": {
        "pitch": -0.39509209990501404,
        "roll": 0.0,
        "x": -88.02693939208984,
        "y": 123.95528411865234,
        "yaw": 89.84373474121094,
        "z": 0.0403609573841095
    },
    "throttle": 0.75,
    "throttle_noise": 0.0
}