{
    "blocking_state": "AgentState.NAVIGATING",
    "brake": 0.0,
    "brake_noise": 0.0,
    "current_waypoint": {
        "pitch": -0.8910547494888306,
        "roll": 0.0,
        "x": -88.06700897216797,
        "y": 109.26016998291016,
        "yaw": 89.84373474121094,
        "z": 0.2052927017211914
    },
    "ego_planned_trajectory": [],
    "ego_vehicle_can_speed": 5.074070025943383,
    "ego_vehicle_can_timestamp": "739",
    "ego_vehicle_id": 171,
    "ego_vehicle_transform": {
        "pitch": -1.0750716924667358,
        "roll": -0.0003357522073201835,
        "x": -88.06635284423828,
        "y": 109.51337432861328,
        "yaw": 89.84396362304688,
        "z": 0.2442704737186432
    },
    "ego_velocity": {
        "vx": 0.01375212986022234,
        "vy": 5.073457717895508,
        "vz": -0.07761631160974503
    },
    "hand_brake": false,
    "left_distance": 1.7498857168158009,
    "next_target_location": null,
    "other_actors": {
        "171": {
            "bounding_box": {
                "extent_x": 2.452350616455078,
                "extent_y": 1.0303291082382202,
                "extent_z": 0.7391985058784485,
                "loc_x": 0.060644909739494324,
                "loc_y": 0.0,
                "loc_z": 0.7473415732383728
            },
            "transform": {
                "pitch": -1.0750716924667358,
                "roll": -0.0003357522073201835,
                "x": -88.06635284423828,
                "y": 109.51337432861328,
                "yaw": 89.84396362304688,
                "z": 0.2442704737186432
            },
            "type": "vehicle.lincoln.mkz2017",
            "velocity": 5.073476356143703,
            "velocity_vec": {
                "vx": 0.01375212986022234,
                "vy": 5.073457717895508,
                "vz": -0.07761631160974503
            }
        },
        "173": {
            "bounding_box": {
                "extent_x": 2.073613166809082,
                "extent_y": 1.0016015768051147,
                "extent_z": 0.691210925579071,
                "loc_x": 0.0,
                "loc_y": 0.0,
                "loc_z": 0.7043752670288086
            },
            "transform": {
                "pitch": 0.3505799174308777,
                "roll": -0.0944824069738388,
                "x": -67.23417663574219,
                "y": 131.9922637939453,
                "yaw": 178.69554138183594,
                "z": 0.001234359689988196
            },
            "type": "vehicle.audi.tt",
            "velocity": 3.880190891186841,
            "velocity_vec": {
                "vx": -3.8791542053222656,
                "vy": 0.08968836814165115,
                "vz": 0.027511607855558395
            }
        },
        "180": {
            "bounding_box": {
                "extent_x": 2.5996146202087402,
                "extent_y": 1.3075095415115356,
                "extent_z": 1.2384252548217773,
                "loc_x": 0.0,
                "loc_y": 0.0,
                "loc_z": 1.2300000190734863
            },
            "transform": {
                "pitch": -0.13821570575237274,
                "roll": -0.01974487118422985,
                "x": -84.52183532714844,
                "y": 126.66061401367188,
                "yaw": 90.23316192626953,
                "z": 0.04392380267381668
            },
            "type": "vehicle.carlamotors.carlacola",
            "velocity": 0.0,
            "velocity_vec": {
                "vx": 0.0,
                "vy": 0.0,
                "vz": 0.0
            }
        }
    },
    "reverse": false,
    "right_distance": 1.7511048753748977,
    "steer": 1.8682698282646015e-05,
    "steer_noise": 0.0,
    "target_road_option": "RoadOption.STRAIGHT",
    "target_waypoint": {
        "pitch": -0.39509209990501404,
        "roll": 0.0,
        "x": -88.02693939208984,
        "y": 123.95528411865234,
        "yaw": 89.84373474121094,
        "z": 0.0403609573841095
    },
    "throttle": 0.75,
    "throttle_noise": 0.0
}