{
    "blocking_state": "AgentState.NAVIGATING",
    "brake": 0.30000001192092896,
    "brake_noise": 0.0,
    "current_waypoint": {
        "pitch": -0.9521945714950562,
        "roll": 0.0,
        "x": -88.07195281982422,
        "y": 107.44866180419922,
        "yaw": 89.84373474121094,
        "z": 0.23443163931369781
    },
    "ego_planned_trajectory": [],
    "ego_vehicle_can_speed": 5.458931981038311,
    "ego_vehicle_can_timestamp": "732",
    "ego_vehicle_id": 171,
    "ego_vehicle_transform": {
        "pitch": -0.7351058721542358,
        "roll": 0.000158494760398753,
        "x": -88.07122802734375,
        "y": 107.72270202636719,
        "yaw": 89.84366607666016,
        "z": 0.2682262361049652
    },
    "ego_velocity": {
        "vx": 0.014939652755856514,
        "vy": 5.458248615264893,
        "vz": -0.08507193624973297
    },
    "hand_brake": false,
    "left_distance": 1.7498052468114587,
    "next_target_location": null,
    "other_actors": {
        "171": {
            "bounding_box": {
                "extent_x": 2.452350616455078,
                "extent_y": 1.0303291082382202,
                "extent_z": 0.7391985058784485,
                "loc_x": 0.060644909739494324,
                "loc_y": 0.0,
                "loc_z": 0.7473415732383728
            },
            "transform": {
                "pitch": -0.7351058721542358,
                "roll": 0.000158494760398753,
                "x": -88.07122802734375,
                "y": 107.72270202636719,
                "yaw": 89.84366607666016,
                "z": 0.2682262361049652
            },
            "type": "vehicle.lincoln.mkz2017",
            "velocity": 5.458269060724799,
            "velocity_vec": {
                "vx": 0.014939652755856514,
                "vy": 5.458248615264893,
                "vz": -0.08507193624973297
            }
        },
        "173": {
            "bounding_box": {
                "extent_x": 2.073613166809082,
                "extent_y": 1.0016015768051147,
                "extent_z": 0.691210925579071,
                "loc_x": 0.0,
                "loc_y": 0.0,
                "loc_z": 0.7043752670288086
            },
            "transform": {
                "pitch": 0.04458064213395119,
                "roll": 4.3436837586341426e-05,
                "x": -65.63859558105469,
                "y": 131.95584106445312,
                "yaw": 178.69720458984375,
                "z": -0.007682762108743191
            },
            "type": "vehicle.audi.tt",
            "velocity": 5.188931683077354,
            "velocity_vec": {
                "vx": -5.187590599060059,
                "vy": 0.1179651990532875,
                "vz": 0.003579096170142293
            }
        },
        "180": {
            "bounding_box": {
                "extent_x": 2.5996146202087402,
                "extent_y": 1.3075095415115356,
                "extent_z": 1.2384252548217773,
                "loc_x": 0.0,
                "loc_y": 0.0,
                "loc_z": 1.2300000190734863
            },
            "transform": {
                "pitch": -0.13821570575237274,
                "roll": -0.01974487118422985,
                "x": -84.52183532714844,
                "y": 126.66061401367188,
                "yaw": 90.23316192626953,
                "z": 0.04392380267381668
            },
            "type": "vehicle.carlamotors.carlacola",
            "velocity": 0.0,
            "velocity_vec": {
                "vx": 0.0,
                "vy": 0.0,
                "vz": 0.0
            }
        }
    },
    "reverse": false,
    "right_distance": 1.7510055852514455,
    "steer": -1.538335345685482e-05,
    "steer_noise": 0.0,
    "target_road_option": "RoadOption.LANEFOLLOW",
    "target_waypoint": {
        "pitch": -0.7469339966773987,
        "roll": 0.0,
        "x": -88.05536651611328,
        "y": 113.53031158447266,
        "yaw": 89.84373474121094,
        "z": 0.14425444602966309
    },
    "throttle": 0.0,
    "throttle_noise": 0.0
}