{
    "blocking_state": "AgentState.NAVIGATING",
    "brake": 0.0,
    "brake_noise": 0.0,
    "current_waypoint": {
        "pitch": -0.804611086845398,
        "roll": 0.0,
        "x": -88.06002807617188,
        "y": 111.82140350341797,
        "yaw": 89.84373474121094,
        "z": 0.1673928052186966
    },
    "ego_planned_trajectory": [],
    "ego_vehicle_can_speed": 5.132917756644721,
    "ego_vehicle_can_timestamp": "749",
    "ego_vehicle_id": 171,
    "ego_vehicle_transform": {
        "pitch": -0.7970283627510071,
        "roll": 0.04804438725113869,
        "x": -88.05947875976562,
        "y": 112.07839965820312,
        "yaw": 89.84452819824219,
        "z": 0.2053641825914383
    },
    "ego_velocity": {
        "vx": 0.013680841773748398,
        "vy": 5.132457733154297,
        "vz": -0.06734351068735123
    },
    "hand_brake": false,
    "left_distance": 1.750061677193024,
    "next_target_location": null,
    "other_actors": {
        "171": {
            "bounding_box": {
                "extent_x": 2.452350616455078,
                "extent_y": 1.0303291082382202,
                "extent_z": 0.7391985058784485,
                "loc_x": 0.060644909739494324,
                "loc_y": 0.0,
                "loc_z": 0.7473415732383728
            },
            "transform": {
                "pitch": -0.7970283627510071,
                "roll": 0.04804438725113869,
                "x": -88.05947875976562,
                "y": 112.07839965820312,
                "yaw": 89.84452819824219,
                "z": 0.2053641825914383
            },
            "type": "vehicle.lincoln.mkz2017",
            "velocity": 5.132475966631211,
            "velocity_vec": {
                "vx": 0.013680841773748398,
                "vy": 5.132457733154297,
                "vz": -0.06734351068735123
            }
        },
        "173": {
            "bounding_box": {
                "extent_x": 2.073613166809082,
                "extent_y": 1.0016015768051147,
                "extent_z": 0.691210925579071,
                "loc_x": 0.0,
                "loc_y": 0.0,
                "loc_z": 0.7043752670288086
            },
            "transform": {
                "pitch": 0.4593302011489868,
                "roll": -0.1395873725414276,
                "x": -69.30731964111328,
                "y": 132.03990173339844,
                "yaw": 178.68870544433594,
                "z": 0.014003410004079342
            },
            "type": "vehicle.audi.tt",
            "velocity": 4.673412557754573,
            "velocity_vec": {
                "vx": -4.672170639038086,
                "vy": 0.10773325711488724,
                "vz": 0.015674781054258347
            }
        },
        "180": {
            "bounding_box": {
                "extent_x": 2.5996146202087402,
                "extent_y": 1.3075095415115356,
                "extent_z": 1.2384252548217773,
                "loc_x": 0.0,
                "loc_y": 0.0,
                "loc_z": 1.2300000190734863
            },
            "transform": {
                "pitch": -0.13821570575237274,
                "roll": -0.01974487118422985,
                "x": -84.52183532714844,
                "y": 126.66061401367188,
                "yaw": 90.23316192626953,
                "z": 0.04392380267381668
            },
            "type": "vehicle.carlamotors.carlacola",
            "velocity": 0.0,
            "velocity_vec": {
                "vx": 0.0,
                "vy": 0.0,
                "vz": 0.0
            }
        }
    },
    "reverse": false,
    "right_distance": 1.7508880636913053,
    "steer": -2.46924209932331e-05,
    "steer_noise": 0.0,
    "target_road_option": "RoadOption.STRAIGHT",
    "target_waypoint": {
        "pitch": -0.39509209990501404,
        "roll": 0.0,
        "x": -88.02693939208984,
        "y": 123.95528411865234,
        "yaw": 89.84373474121094,
        "z": 0.0403609573841095
    },
    "throttle": 0.75,
    "throttle_noise": 0.0
}