{
    "blocking_state": "AgentState.NAVIGATING",
    "brake": 0.0,
    "brake_noise": 0.0,
    "current_waypoint": {
        "pitch": -0.821952760219574,
        "roll": 0.0,
        "x": -88.06143188476562,
        "y": 111.30758666992188,
        "yaw": 89.84373474121094,
        "z": 0.17468614876270294
    },
    "ego_planned_trajectory": [],
    "ego_vehicle_can_speed": 5.127511905983502,
    "ego_vehicle_can_timestamp": "747",
    "ego_vehicle_id": 171,
    "ego_vehicle_transform": {
        "pitch": -0.841247022151947,
        "roll": 0.04699741303920746,
        "x": -88.06083679199219,
        "y": 111.56431579589844,
        "yaw": 89.84455108642578,
        "z": 0.21257388591766357
    },
    "ego_velocity": {
        "vx": 0.013346884399652481,
        "vy": 5.127055644989014,
        "vz": -0.06708665937185287
    },
    "hand_brake": false,
    "left_distance": 1.750002339813281,
    "next_target_location": null,
    "other_actors": {
        "171": {
            "bounding_box": {
                "extent_x": 2.452350616455078,
                "extent_y": 1.0303291082382202,
                "extent_z": 0.7391985058784485,
                "loc_x": 0.060644909739494324,
                "loc_y": 0.0,
                "loc_z": 0.7473415732383728
            },
            "transform": {
                "pitch": -0.841247022151947,
                "roll": 0.04699741303920746,
                "x": -88.06083679199219,
                "y": 111.56431579589844,
                "yaw": 89.84455108642578,
                "z": 0.21257388591766357
            },
            "type": "vehicle.lincoln.mkz2017",
            "velocity": 5.127073017437619,
            "velocity_vec": {
                "vx": 0.013346884399652481,
                "vy": 5.127055644989014,
                "vz": -0.06708665937185287
            }
        },
        "173": {
            "bounding_box": {
                "extent_x": 2.073613166809082,
                "extent_y": 1.0016015768051147,
                "extent_z": 0.691210925579071,
                "loc_x": 0.0,
                "loc_y": 0.0,
                "loc_z": 0.7043752670288086
            },
            "transform": {
                "pitch": 0.566359281539917,
                "roll": -0.1380614936351776,
                "x": -68.84310150146484,
                "y": 132.02919006347656,
                "yaw": 178.68936157226562,
                "z": 0.010829162783920765
            },
            "type": "vehicle.audi.tt",
            "velocity": 4.564414882533246,
            "velocity_vec": {
                "vx": -4.563191890716553,
                "vy": 0.10565504431724548,
                "vz": 0.031111108139157295
            }
        },
        "180": {
            "bounding_box": {
                "extent_x": 2.5996146202087402,
                "extent_y": 1.3075095415115356,
                "extent_z": 1.2384252548217773,
                "loc_x": 0.0,
                "loc_y": 0.0,
                "loc_z": 1.2300000190734863
            },
            "transform": {
                "pitch": -0.13821570575237274,
                "roll": -0.01974487118422985,
                "x": -84.52183532714844,
                "y": 126.66061401367188,
                "yaw": 90.23316192626953,
                "z": 0.04392380267381668
            },
            "type": "vehicle.carlamotors.carlacola",
            "velocity": 0.0,
            "velocity_vec": {
                "vx": 0.0,
                "vy": 0.0,
                "vz": 0.0
            }
        }
    },
    "reverse": false,
    "right_distance": 1.7509448568947066,
    "steer": -0.00011038616503356025,
    "steer_noise": 0.0,
    "target_road_option": "RoadOption.STRAIGHT",
    "target_waypoint": {
        "pitch": -0.39509209990501404,
        "roll": 0.0,
        "x": -88.02693939208984,
        "y": 123.95528411865234,
        "yaw": 89.84373474121094,
        "z": 0.0403609573841095
    },
    "throttle": 0.75,
    "throttle_noise": 0.0
}