{
    "blocking_state": "AgentState.NAVIGATING",
    "brake": 0.0,
    "brake_noise": 0.0,
    "current_waypoint": {
        "pitch": -0.8306218981742859,
        "roll": 0.0,
        "x": -88.06212615966797,
        "y": 111.05072784423828,
        "yaw": 89.84373474121094,
        "z": 0.17839041352272034
    },
    "ego_planned_trajectory": [],
    "ego_vehicle_can_speed": 5.136982682532694,
    "ego_vehicle_can_timestamp": "746",
    "ego_vehicle_id": 171,
    "ego_vehicle_transform": {
        "pitch": -0.8642852306365967,
        "roll": 0.04498055949807167,
        "x": -88.06153106689453,
        "y": 111.30757904052734,
        "yaw": 89.84449005126953,
        "z": 0.21618583798408508
    },
    "ego_velocity": {
        "vx": 0.012704681605100632,
        "vy": 5.136526584625244,
        "vz": -0.06726304441690445
    },
    "hand_brake": false,
    "left_distance": 1.7499920193060328,
    "next_target_location": null,
    "other_actors": {
        "171": {
            "bounding_box": {
                "extent_x": 2.452350616455078,
                "extent_y": 1.0303291082382202,
                "extent_z": 0.7391985058784485,
                "loc_x": 0.060644909739494324,
                "loc_y": 0.0,
                "loc_z": 0.7473415732383728
            },
            "transform": {
                "pitch": -0.8642852306365967,
                "roll": 0.04498055949807167,
                "x": -88.06153106689453,
                "y": 111.30757904052734,
                "yaw": 89.84449005126953,
                "z": 0.21618583798408508
            },
            "type": "vehicle.lincoln.mkz2017",
            "velocity": 5.136542296476937,
            "velocity_vec": {
                "vx": 0.012704681605100632,
                "vy": 5.136526584625244,
                "vz": -0.06726304441690445
            }
        },
        "173": {
            "bounding_box": {
                "extent_x": 2.073613166809082,
                "extent_y": 1.0016015768051147,
                "extent_z": 0.691210925579071,
                "loc_x": 0.0,
                "loc_y": 0.0,
                "loc_z": 0.7043752670288086
            },
            "transform": {
                "pitch": 0.5917880535125732,
                "roll": -0.13793940842151642,
                "x": -68.61735534667969,
                "y": 132.02398681640625,
                "yaw": 178.69024658203125,
                "z": 0.008911475539207458
            },
            "type": "vehicle.audi.tt",
            "velocity": 4.418333439829247,
            "velocity_vec": {
                "vx": -4.4171319007873535,
                "vy": 0.10303473472595215,
                "vz": 0.04244552552700043
            }
        },
        "180": {
            "bounding_box": {
                "extent_x": 2.5996146202087402,
                "extent_y": 1.3075095415115356,
                "extent_z": 1.2384252548217773,
                "loc_x": 0.0,
                "loc_y": 0.0,
                "loc_z": 1.2300000190734863
            },
            "transform": {
                "pitch": -0.13821570575237274,
                "roll": -0.01974487118422985,
                "x": -84.52183532714844,
                "y": 126.66061401367188,
                "yaw": 90.23316192626953,
                "z": 0.04392380267381668
            },
            "type": "vehicle.carlamotors.carlacola",
            "velocity": 0.0,
            "velocity_vec": {
                "vx": 0.0,
                "vy": 0.0,
                "vz": 0.0
            }
        }
    },
    "reverse": false,
    "right_distance": 1.7509443458776353,
    "steer": -2.607530950626824e-05,
    "steer_noise": 0.0,
    "target_road_option": "RoadOption.STRAIGHT",
    "target_waypoint": {
        "pitch": -0.39509209990501404,
        "roll": 0.0,
        "x": -88.02693939208984,
        "y": 123.95528411865234,
        "yaw": 89.84373474121094,
        "z": 0.0403609573841095
    },
    "throttle": 0.75,
    "throttle_noise": 0.0
}