{
    "blocking_state": "AgentState.NAVIGATING",
    "brake": 0.0,
    "brake_noise": 0.0,
    "current_waypoint": {
        "pitch": -0.8565858602523804,
        "roll": 0.0,
        "x": -88.06422424316406,
        "y": 110.28144836425781,
        "yaw": 89.84373474121094,
        "z": 0.1897171437740326
    },
    "ego_planned_trajectory": [],
    "ego_vehicle_can_speed": 5.116936038863276,
    "ego_vehicle_can_timestamp": "743",
    "ego_vehicle_id": 171,
    "ego_vehicle_transform": {
        "pitch": -0.9424089789390564,
        "roll": 0.026430698111653328,
        "x": -88.0634765625,
        "y": 110.53765106201172,
        "yaw": 89.84329223632812,
        "z": 0.22739887237548828
    },
    "ego_velocity": {
        "vx": 0.010640226304531097,
        "vy": 5.116395473480225,
        "vz": -0.07361093908548355
    },
    "hand_brake": false,
    "left_distance": 1.749822679954362,
    "next_target_location": null,
    "other_actors": {
        "171": {
            "bounding_box": {
                "extent_x": 2.452350616455078,
                "extent_y": 1.0303291082382202,
                "extent_z": 0.7391985058784485,
                "loc_x": 0.060644909739494324,
                "loc_y": 0.0,
                "loc_z": 0.7473415732383728
            },
            "transform": {
                "pitch": -0.9424089789390564,
                "roll": 0.026430698111653328,
                "x": -88.0634765625,
                "y": 110.53765106201172,
                "yaw": 89.84329223632812,
                "z": 0.22739887237548828
            },
            "type": "vehicle.lincoln.mkz2017",
            "velocity": 5.116406537352631,
            "velocity_vec": {
                "vx": 0.010640226304531097,
                "vy": 5.116395473480225,
                "vz": -0.07361093908548355
            }
        },
        "173": {
            "bounding_box": {
                "extent_x": 2.073613166809082,
                "extent_y": 1.0016015768051147,
                "extent_z": 0.691210925579071,
                "loc_x": 0.0,
                "loc_y": 0.0,
                "loc_z": 0.7043752670288086
            },
            "transform": {
                "pitch": 0.49403437972068787,
                "roll": -0.1110534518957138,
                "x": -67.99028778076172,
                "y": 132.00958251953125,
                "yaw": 178.6927032470703,
                "z": 0.004642372019588947
            },
            "type": "vehicle.audi.tt",
            "velocity": 3.8859564790931103,
            "velocity_vec": {
                "vx": -3.8849220275878906,
                "vy": 0.089658223092556,
                "vz": 0.02421572431921959
            }
        },
        "180": {
            "bounding_box": {
                "extent_x": 2.5996146202087402,
                "extent_y": 1.3075095415115356,
                "extent_z": 1.2384252548217773,
                "loc_x": 0.0,
                "loc_y": 0.0,
                "loc_z": 1.2300000190734863
            },
            "transform": {
                "pitch": -0.13821570575237274,
                "roll": -0.01974487118422985,
                "x": -84.52183532714844,
                "y": 126.66061401367188,
                "yaw": 90.23316192626953,
                "z": 0.04392380267381668
            },
            "type": "vehicle.carlamotors.carlacola",
            "velocity": 0.0,
            "velocity_vec": {
                "vx": 0.0,
                "vy": 0.0,
                "vz": 0.0
            }
        }
    },
    "reverse": false,
    "right_distance": 1.7511184831663518,
    "steer": 6.558039603987709e-05,
    "steer_noise": 0.0,
    "target_road_option": "RoadOption.STRAIGHT",
    "target_waypoint": {
        "pitch": -0.39509209990501404,
        "roll": 0.0,
        "x": -88.02693939208984,
        "y": 123.95528411865234,
        "yaw": 89.84373474121094,
        "z": 0.0403609573841095
    },
    "throttle": 0.75,
    "throttle_noise": 0.0
}