{
    "blocking_state": "AgentState.NAVIGATING",
    "brake": 0.0,
    "brake_noise": 0.0,
    "current_waypoint": {
        "pitch": -0.8652369976043701,
        "roll": 0.0,
        "x": -88.06492614746094,
        "y": 110.0251235961914,
        "yaw": 89.84373474121094,
        "z": 0.193568617105484
    },
    "ego_planned_trajectory": [],
    "ego_vehicle_can_speed": 5.126037723731912,
    "ego_vehicle_can_timestamp": "742",
    "ego_vehicle_id": 171,
    "ego_vehicle_transform": {
        "pitch": -0.968110978603363,
        "roll": 0.010848315432667732,
        "x": -88.06419372558594,
        "y": 110.28144073486328,
        "yaw": 89.84335327148438,
        "z": 0.2314019650220871
    },
    "ego_velocity": {
        "vx": 0.012546936981379986,
        "vy": 5.125464916229248,
        "vz": -0.07559571415185928
    },
    "hand_brake": false,
    "left_distance": 1.7498300016646033,
    "next_target_location": null,
    "other_actors": {
        "171": {
            "bounding_box": {
                "extent_x": 2.452350616455078,
                "extent_y": 1.0303291082382202,
                "extent_z": 0.7391985058784485,
                "loc_x": 0.060644909739494324,
                "loc_y": 0.0,
                "loc_z": 0.7473415732383728
            },
            "transform": {
                "pitch": -0.968110978603363,
                "roll": 0.010848315432667732,
                "x": -88.06419372558594,
                "y": 110.28144073486328,
                "yaw": 89.84335327148438,
                "z": 0.2314019650220871
            },
            "type": "vehicle.lincoln.mkz2017",
            "velocity": 5.125480273410923,
            "velocity_vec": {
                "vx": 0.012546936981379986,
                "vy": 5.125464916229248,
                "vz": -0.07559571415185928
            }
        },
        "173": {
            "bounding_box": {
                "extent_x": 2.073613166809082,
                "extent_y": 1.0016015768051147,
                "extent_z": 0.691210925579071,
                "loc_x": 0.0,
                "loc_y": 0.0,
                "loc_z": 0.7043752670288086
            },
            "transform": {
                "pitch": 0.45212435722351074,
                "roll": -0.1036071702837944,
                "x": -67.79798889160156,
                "y": 132.00518798828125,
                "yaw": 178.693359375,
                "z": 0.003814964322373271
            },
            "type": "vehicle.audi.tt",
            "velocity": 3.7651756570906953,
            "velocity_vec": {
                "vx": -3.764174699783325,
                "vy": 0.08681335300207138,
                "vz": 0.021445438265800476
            }
        },
        "180": {
            "bounding_box": {
                "extent_x": 2.5996146202087402,
                "extent_y": 1.3075095415115356,
                "extent_z": 1.2384252548217773,
                "loc_x": 0.0,
                "loc_y": 0.0,
                "loc_z": 1.2300000190734863
            },
            "transform": {
                "pitch": -0.13821570575237274,
                "roll": -0.01974487118422985,
                "x": -84.52183532714844,
                "y": 126.66061401367188,
                "yaw": 90.23316192626953,
                "z": 0.04392380267381668
            },
            "type": "vehicle.carlamotors.carlacola",
            "velocity": 0.0,
            "velocity_vec": {
                "vx": 0.0,
                "vy": 0.0,
                "vz": 0.0
            }
        }
    },
    "reverse": false,
    "right_distance": 1.7511119231001857,
    "steer": -2.796719627440325e-06,
    "steer_noise": 0.0,
    "target_road_option": "RoadOption.STRAIGHT",
    "target_waypoint": {
        "pitch": -0.39509209990501404,
        "roll": 0.0,
        "x": -88.02693939208984,
        "y": 123.95528411865234,
        "yaw": 89.84373474121094,
        "z": 0.0403609573841095
    },
    "throttle": 0.75,
    "throttle_noise": 0.0
}