{
    "blocking_state": "AgentState.NAVIGATING",
    "brake": 0.0,
    "brake_noise": 0.0,
    "current_waypoint": {
        "pitch": -0.8479388356208801,
        "roll": 0.0,
        "x": -88.06352996826172,
        "y": 110.53765106201172,
        "yaw": 89.84373474121094,
        "z": 0.18590618669986725
    },
    "ego_planned_trajectory": [],
    "ego_vehicle_can_speed": 5.131513973361783,
    "ego_vehicle_can_timestamp": "744",
    "ego_vehicle_id": 171,
    "ego_vehicle_transform": {
        "pitch": -0.9153136014938354,
        "roll": 0.03607181832194328,
        "x": -88.06282806396484,
        "y": 110.79423522949219,
        "yaw": 89.84366607666016,
        "z": 0.22355292737483978
    },
    "ego_velocity": {
        "vx": 0.010966982692480087,
        "vy": 5.1310272216796875,
        "vz": -0.06982144713401794
    },
    "hand_brake": false,
    "left_distance": 1.74987143482213,
    "next_target_location": null,
    "other_actors": {
        "171": {
            "bounding_box": {
                "extent_x": 2.452350616455078,
                "extent_y": 1.0303291082382202,
                "extent_z": 0.7391985058784485,
                "loc_x": 0.060644909739494324,
                "loc_y": 0.0,
                "loc_z": 0.7473415732383728
            },
            "transform": {
                "pitch": -0.9153136014938354,
                "roll": 0.03607181832194328,
                "x": -88.06282806396484,
                "y": 110.79423522949219,
                "yaw": 89.84366607666016,
                "z": 0.22355292737483978
            },
            "type": "vehicle.lincoln.mkz2017",
            "velocity": 5.13103894200067,
            "velocity_vec": {
                "vx": 0.010966982692480087,
                "vy": 5.1310272216796875,
                "vz": -0.06982144713401794
            }
        },
        "173": {
            "bounding_box": {
                "extent_x": 2.073613166809082,
                "extent_y": 1.0016015768051147,
                "extent_z": 0.691210925579071,
                "loc_x": 0.0,
                "loc_y": 0.0,
                "loc_z": 0.7043752670288086
            },
            "transform": {
                "pitch": 0.5408006906509399,
                "roll": -0.11843869090080261,
                "x": -68.19026947021484,
                "y": 132.01416015625,
                "yaw": 178.69207763671875,
                "z": 0.005481834057718515
            },
            "type": "vehicle.audi.tt",
            "velocity": 4.053319083067517,
            "velocity_vec": {
                "vx": -4.052236080169678,
                "vy": 0.09369279444217682,
                "vz": 0.02465762011706829
            }
        },
        "180": {
            "bounding_box": {
                "extent_x": 2.5996146202087402,
                "extent_y": 1.3075095415115356,
                "extent_z": 1.2384252548217773,
                "loc_x": 0.0,
                "loc_y": 0.0,
                "loc_z": 1.2300000190734863
            },
            "transform": {
                "pitch": -0.13821570575237274,
                "roll": -0.01974487118422985,
                "x": -84.52183532714844,
                "y": 126.66061401367188,
                "yaw": 90.23316192626953,
                "z": 0.04392380267381668
            },
            "type": "vehicle.carlamotors.carlacola",
            "velocity": 0.0,
            "velocity_vec": {
                "vx": 0.0,
                "vy": 0.0,
                "vz": 0.0
            }
        }
    },
    "reverse": false,
    "right_distance": 1.751059780497632,
    "steer": 3.954744533984922e-05,
    "steer_noise": 0.0,
    "target_road_option": "RoadOption.STRAIGHT",
    "target_waypoint": {
        "pitch": -0.39509209990501404,
        "roll": 0.0,
        "x": -88.02693939208984,
        "y": 123.95528411865234,
        "yaw": 89.84373474121094,
        "z": 0.0403609573841095
    },
    "throttle": 0.75,
    "throttle_noise": 0.0
}