{
    "blocking_state": "AgentState.NAVIGATING",
    "brake": 0.0,
    "brake_noise": 0.0,
    "current_waypoint": {
        "pitch": -0.8825086355209351,
        "roll": 0.0,
        "x": -88.06632232666016,
        "y": 109.51338195800781,
        "yaw": 89.84373474121094,
        "z": 0.20137368142604828
    },
    "ego_planned_trajectory": [],
    "ego_vehicle_can_speed": 5.120897678457903,
    "ego_vehicle_can_timestamp": "740",
    "ego_vehicle_id": 171,
    "ego_vehicle_transform": {
        "pitch": -1.0334758758544922,
        "roll": -6.100137034081854e-05,
        "x": -88.0656509399414,
        "y": 109.76905822753906,
        "yaw": 89.84383392333984,
        "z": 0.2398858219385147
    },
    "ego_velocity": {
        "vx": 0.014131895266473293,
        "vy": 5.120272159576416,
        "vz": -0.07878029346466064
    },
    "hand_brake": false,
    "left_distance": 1.749883210833929,
    "next_target_location": null,
    "other_actors": {
        "171": {
            "bounding_box": {
                "extent_x": 2.452350616455078,
                "extent_y": 1.0303291082382202,
                "extent_z": 0.7391985058784485,
                "loc_x": 0.060644909739494324,
                "loc_y": 0.0,
                "loc_z": 0.7473415732383728
            },
            "transform": {
                "pitch": -1.0334758758544922,
                "roll": -6.100137034081854e-05,
                "x": -88.0656509399414,
                "y": 109.76905822753906,
                "yaw": 89.84383392333984,
                "z": 0.2398858219385147
            },
            "type": "vehicle.lincoln.mkz2017",
            "velocity": 5.120291661477611,
            "velocity_vec": {
                "vx": 0.014131895266473293,
                "vy": 5.120272159576416,
                "vz": -0.07878029346466064
            }
        },
        "173": {
            "bounding_box": {
                "extent_x": 2.073613166809082,
                "extent_y": 1.0016015768051147,
                "extent_z": 0.691210925579071,
                "loc_x": 0.0,
                "loc_y": 0.0,
                "loc_z": 0.7043752670288086
            },
            "transform": {
                "pitch": 0.38227882981300354,
                "roll": -0.0971374362707138,
                "x": -67.4241714477539,
                "y": 131.99661254882812,
                "yaw": 178.69493103027344,
                "z": 0.0021335601340979338
            },
            "type": "vehicle.audi.tt",
            "velocity": 3.761971083185817,
            "velocity_vec": {
                "vx": -3.7609670162200928,
                "vy": 0.08691106736660004,
                "vz": 0.024465641006827354
            }
        },
        "180": {
            "bounding_box": {
                "extent_x": 2.5996146202087402,
                "extent_y": 1.3075095415115356,
                "extent_z": 1.2384252548217773,
                "loc_x": 0.0,
                "loc_y": 0.0,
                "loc_z": 1.2300000190734863
            },
            "transform": {
                "pitch": -0.13821570575237274,
                "roll": -0.01974487118422985,
                "x": -84.52183532714844,
                "y": 126.66061401367188,
                "yaw": 90.23316192626953,
                "z": 0.04392380267381668
            },
            "type": "vehicle.carlamotors.carlacola",
            "velocity": 0.0,
            "velocity_vec": {
                "vx": 0.0,
                "vy": 0.0,
                "vz": 0.0
            }
        }
    },
    "reverse": false,
    "right_distance": 1.751092748481636,
    "steer": -7.332723180297762e-05,
    "steer_noise": 0.0,
    "target_road_option": "RoadOption.STRAIGHT",
    "target_waypoint": {
        "pitch": -0.39509209990501404,
        "roll": 0.0,
        "x": -88.02693939208984,
        "y": 123.95528411865234,
        "yaw": 89.84373474121094,
        "z": 0.0403609573841095
    },
    "throttle": 0.75,
    "throttle_noise": 0.0
}