{
    "blocking_state": "AgentState.NAVIGATING",
    "brake": 0.0,
    "brake_noise": 0.0,
    "current_waypoint": {
        "pitch": -0.7785695791244507,
        "roll": 0.0,
        "x": -88.05792236328125,
        "y": 112.59298706054688,
        "yaw": 89.84373474121094,
        "z": 0.1567327082157135
    },
    "ego_planned_trajectory": [],
    "ego_vehicle_can_speed": 5.2527659259436135,
    "ego_vehicle_can_timestamp": "752",
    "ego_vehicle_id": 171,
    "ego_vehicle_transform": {
        "pitch": -0.717101514339447,
        "roll": 0.0472593829035759,
        "x": -88.05738067626953,
        "y": 112.85384368896484,
        "yaw": 89.84485626220703,
        "z": 0.19427882134914398
    },
    "ego_velocity": {
        "vx": 0.014384347014129162,
        "vy": 5.252287864685059,
        "vz": -0.06939128041267395
    },
    "hand_brake": false,
    "left_distance": 1.7500908347339537,
    "next_target_location": null,
    "other_actors": {
        "171": {
            "bounding_box": {
                "extent_x": 2.452350616455078,
                "extent_y": 1.0303291082382202,
                "extent_z": 0.7391985058784485,
                "loc_x": 0.060644909739494324,
                "loc_y": 0.0,
                "loc_z": 0.7473415732383728
            },
            "transform": {
                "pitch": -0.717101514339447,
                "roll": 0.0472593829035759,
                "x": -88.05738067626953,
                "y": 112.85384368896484,
                "yaw": 89.84485626220703,
                "z": 0.19427882134914398
            },
            "type": "vehicle.lincoln.mkz2017",
            "velocity": 5.252307561725318,
            "velocity_vec": {
                "vx": 0.014384347014129162,
                "vy": 5.252287864685059,
                "vz": -0.06939128041267395
            }
        },
        "173": {
            "bounding_box": {
                "extent_x": 2.073613166809082,
                "extent_y": 1.0016015768051147,
                "extent_z": 0.691210925579071,
                "loc_x": 0.0,
                "loc_y": 0.0,
                "loc_z": 0.7043752670288086
            },
            "transform": {
                "pitch": 0.2915397882461548,
                "roll": -0.141143798828125,
                "x": -69.98955535888672,
                "y": 132.05564880371094,
                "yaw": 178.68841552734375,
                "z": 0.017012519761919975
            },
            "type": "vehicle.audi.tt",
            "velocity": 4.412122397980432,
            "velocity_vec": {
                "vx": -4.410945415496826,
                "vy": 0.10190483927726746,
                "vz": 0.006439756602048874
            }
        },
        "180": {
            "bounding_box": {
                "extent_x": 2.5996146202087402,
                "extent_y": 1.3075095415115356,
                "extent_z": 1.2384252548217773,
                "loc_x": 0.0,
                "loc_y": 0.0,
                "loc_z": 1.2300000190734863
            },
            "transform": {
                "pitch": -0.13821570575237274,
                "roll": -0.01974487118422985,
                "x": -84.52183532714844,
                "y": 126.66061401367188,
                "yaw": 90.23316192626953,
                "z": 0.04392380267381668
            },
            "type": "vehicle.carlamotors.carlacola",
            "velocity": 0.0,
            "velocity_vec": {
                "vx": 0.0,
                "vy": 0.0,
                "vz": 0.0
            }
        }
    },
    "reverse": false,
    "right_distance": 1.7508319452678958,
    "steer": -0.00011246165377087891,
    "steer_noise": 0.0,
    "target_road_option": "RoadOption.STRAIGHT",
    "target_waypoint": {
        "pitch": -0.39509209990501404,
        "roll": 0.0,
        "x": -88.02693939208984,
        "y": 123.95528411865234,
        "yaw": 89.84373474121094,
        "z": 0.0403609573841095
    },
    "throttle": 0.75,
    "throttle_noise": 0.0
}