{
    "blocking_state": "AgentState.NAVIGATING",
    "brake": 0.0,
    "brake_noise": 0.0,
    "current_waypoint": {
        "pitch": -0.7422217726707458,
        "roll": 0.0,
        "x": -88.05498504638672,
        "y": 113.66992950439453,
        "yaw": 89.84373474121094,
        "z": 0.142440065741539
    },
    "ego_planned_trajectory": [],
    "ego_vehicle_can_speed": 5.690090408098583,
    "ego_vehicle_can_timestamp": "756",
    "ego_vehicle_id": 171,
    "ego_vehicle_transform": {
        "pitch": -0.48550349473953247,
        "roll": 0.06361445784568787,
        "x": -88.05445098876953,
        "y": 113.95306396484375,
        "yaw": 89.84423828125,
        "z": 0.17774039506912231
    },
    "ego_velocity": {
        "vx": 0.014256516471505165,
        "vy": 5.68963623046875,
        "vz": -0.07046395540237427
    },
    "hand_brake": false,
    "left_distance": 1.7501655568353813,
    "next_target_location": null,
    "other_actors": {
        "171": {
            "bounding_box": {
                "extent_x": 2.452350616455078,
                "extent_y": 1.0303291082382202,
                "extent_z": 0.7391985058784485,
                "loc_x": 0.060644909739494324,
                "loc_y": 0.0,
                "loc_z": 0.7473415732383728
            },
            "transform": {
                "pitch": -0.48550349473953247,
                "roll": 0.06361445784568787,
                "x": -88.05445098876953,
                "y": 113.95306396484375,
                "yaw": 89.84423828125,
                "z": 0.17774039506912231
            },
            "type": "vehicle.lincoln.mkz2017",
            "velocity": 5.6896540917110725,
            "velocity_vec": {
                "vx": 0.014256516471505165,
                "vy": 5.68963623046875,
                "vz": -0.07046395540237427
            }
        },
        "173": {
            "bounding_box": {
                "extent_x": 2.073613166809082,
                "extent_y": 1.0016015768051147,
                "extent_z": 0.691210925579071,
                "loc_x": 0.0,
                "loc_y": 0.0,
                "loc_z": 0.7043752670288086
            },
            "transform": {
                "pitch": 0.10265091061592102,
                "roll": -0.1483154147863388,
                "x": -70.83672332763672,
                "y": 132.07522583007812,
                "yaw": 178.68885803222656,
                "z": 0.0201859287917614
            },
            "type": "vehicle.audi.tt",
            "velocity": 4.266018099802046,
            "velocity_vec": {
                "vx": -4.264874458312988,
                "vy": 0.09877389669418335,
                "vz": 0.008279812522232533
            }
        },
        "180": {
            "bounding_box": {
                "extent_x": 2.5996146202087402,
                "extent_y": 1.3075095415115356,
                "extent_z": 1.2384252548217773,
                "loc_x": 0.0,
                "loc_y": 0.0,
                "loc_z": 1.2300000190734863
            },
            "transform": {
                "pitch": -0.13821570575237274,
                "roll": -0.01974487118422985,
                "x": -84.52183532714844,
                "y": 126.66061401367188,
                "yaw": 90.23316192626953,
                "z": 0.04392380267381668
            },
            "type": "vehicle.carlamotors.carlacola",
            "velocity": 0.0,
            "velocity_vec": {
                "vx": 0.0,
                "vy": 0.0,
                "vz": 0.0
            }
        }
    },
    "reverse": false,
    "right_distance": 1.7506640776267628,
    "steer": 4.941882798448205e-05,
    "steer_noise": 0.0,
    "target_road_option": "RoadOption.STRAIGHT",
    "target_waypoint": {
        "pitch": -0.39509209990501404,
        "roll": 0.0,
        "x": -88.02693939208984,
        "y": 123.95528411865234,
        "yaw": 89.84373474121094,
        "z": 0.0403609573841095
    },
    "throttle": 0.3374640643596649,
    "throttle_noise": 0.0
}