{
    "blocking_state": "AgentState.NAVIGATING",
    "brake": 0.0,
    "brake_noise": 0.0,
    "current_waypoint": {
        "pitch": -0.751587450504303,
        "roll": 0.0,
        "x": -88.05574035644531,
        "y": 113.3924331665039,
        "yaw": 89.84373474121094,
        "z": 0.14605748653411865
    },
    "ego_planned_trajectory": [],
    "ego_vehicle_can_speed": 5.57225362042876,
    "ego_vehicle_can_timestamp": "755",
    "ego_vehicle_id": 171,
    "ego_vehicle_transform": {
        "pitch": -0.5375290513038635,
        "roll": 0.06162962689995766,
        "x": -88.05517578125,
        "y": 113.669921875,
        "yaw": 89.84424591064453,
        "z": 0.1818261742591858
    },
    "ego_velocity": {
        "vx": 0.013749413192272186,
        "vy": 5.571799278259277,
        "vz": -0.06981523334980011
    },
    "hand_brake": false,
    "left_distance": 1.7501133405912348,
    "next_target_location": null,
    "other_actors": {
        "171": {
            "bounding_box": {
                "extent_x": 2.452350616455078,
                "extent_y": 1.0303291082382202,
                "extent_z": 0.7391985058784485,
                "loc_x": 0.060644909739494324,
                "loc_y": 0.0,
                "loc_z": 0.7473415732383728
            },
            "transform": {
                "pitch": -0.5375290513038635,
                "roll": 0.06162962689995766,
                "x": -88.05517578125,
                "y": 113.669921875,
                "yaw": 89.84424591064453,
                "z": 0.1818261742591858
            },
            "type": "vehicle.lincoln.mkz2017",
            "velocity": 5.571816242803933,
            "velocity_vec": {
                "vx": 0.013749413192272186,
                "vy": 5.571799278259277,
                "vz": -0.06981523334980011
            }
        },
        "173": {
            "bounding_box": {
                "extent_x": 2.073613166809082,
                "extent_y": 1.0016015768051147,
                "extent_z": 0.691210925579071,
                "loc_x": 0.0,
                "loc_y": 0.0,
                "loc_z": 0.7043752670288086
            },
            "transform": {
                "pitch": 0.14541472494602203,
                "roll": -0.1458434909582138,
                "x": -70.62532043457031,
                "y": 132.07034301757812,
                "yaw": 178.68858337402344,
                "z": 0.019389189779758453
            },
            "type": "vehicle.audi.tt",
            "velocity": 4.18923752484942,
            "velocity_vec": {
                "vx": -4.188113212585449,
                "vy": 0.09705028682947159,
                "vz": 0.007439098320901394
            }
        },
        "180": {
            "bounding_box": {
                "extent_x": 2.5996146202087402,
                "extent_y": 1.3075095415115356,
                "extent_z": 1.2384252548217773,
                "loc_x": 0.0,
                "loc_y": 0.0,
                "loc_z": 1.2300000190734863
            },
            "transform": {
                "pitch": -0.13821570575237274,
                "roll": -0.01974487118422985,
                "x": -84.52183532714844,
                "y": 126.66061401367188,
                "yaw": 90.23316192626953,
                "z": 0.04392380267381668
            },
            "type": "vehicle.carlamotors.carlacola",
            "velocity": 0.0,
            "velocity_vec": {
                "vx": 0.0,
                "vy": 0.0,
                "vz": 0.0
            }
        }
    },
    "reverse": false,
    "right_distance": 1.7507276991822218,
    "steer": -3.214399839635007e-05,
    "steer_noise": 0.0,
    "target_road_option": "RoadOption.STRAIGHT",
    "target_waypoint": {
        "pitch": -0.39509209990501404,
        "roll": 0.0,
        "x": -88.02693939208984,
        "y": 123.95528411865234,
        "yaw": 89.84373474121094,
        "z": 0.0403609573841095
    },
    "throttle": 0.75,
    "throttle_noise": 0.0
}