{
    "blocking_state": "AgentState.NAVIGATING",
    "brake": 0.03235027194023132,
    "brake_noise": 0.0,
    "current_waypoint": {
        "pitch": -0.7326655387878418,
        "roll": 0.0,
        "x": -88.05421447753906,
        "y": 113.95307159423828,
        "yaw": 89.84373474121094,
        "z": 0.13879579305648804
    },
    "ego_planned_trajectory": [],
    "ego_vehicle_can_speed": 5.745078799458735,
    "ego_vehicle_can_timestamp": "757",
    "ego_vehicle_id": 171,
    "ego_vehicle_transform": {
        "pitch": -0.45202872157096863,
        "roll": 0.06494998931884766,
        "x": -88.0536880493164,
        "y": 114.23997497558594,
        "yaw": 89.84410858154297,
        "z": 0.17383326590061188
    },
    "ego_velocity": {
        "vx": 0.01498391106724739,
        "vy": 5.744622707366943,
        "vz": -0.07082262635231018
    },
    "hand_brake": false,
    "left_distance": 1.7501840459622984,
    "next_target_location": null,
    "other_actors": {
        "171": {
            "bounding_box": {
                "extent_x": 2.452350616455078,
                "extent_y": 1.0303291082382202,
                "extent_z": 0.7391985058784485,
                "loc_x": 0.060644909739494324,
                "loc_y": 0.0,
                "loc_z": 0.7473415732383728
            },
            "transform": {
                "pitch": -0.45202872157096863,
                "roll": 0.06494998931884766,
                "x": -88.0536880493164,
                "y": 114.23997497558594,
                "yaw": 89.84410858154297,
                "z": 0.17383326590061188
            },
            "type": "vehicle.lincoln.mkz2017",
            "velocity": 5.744642248877365,
            "velocity_vec": {
                "vx": 0.01498391106724739,
                "vy": 5.744622707366943,
                "vz": -0.07082262635231018
            }
        },
        "173": {
            "bounding_box": {
                "extent_x": 2.073613166809082,
                "extent_y": 1.0016015768051147,
                "extent_z": 0.691210925579071,
                "loc_x": 0.0,
                "loc_y": 0.0,
                "loc_z": 0.7043752670288086
            },
            "transform": {
                "pitch": 0.057947322726249695,
                "roll": -0.15057373046875,
                "x": -71.05409240722656,
                "y": 132.0802459716797,
                "yaw": 178.68910217285156,
                "z": 0.021110571920871735
            },
            "type": "vehicle.audi.tt",
            "velocity": 4.4035032379915995,
            "velocity_vec": {
                "vx": -4.402318477630615,
                "vy": 0.10214102268218994,
                "vz": 0.012572863139212132
            }
        },
        "180": {
            "bounding_box": {
                "extent_x": 2.5996146202087402,
                "extent_y": 1.3075095415115356,
                "extent_z": 1.2384252548217773,
                "loc_x": 0.0,
                "loc_y": 0.0,
                "loc_z": 1.2300000190734863
            },
            "transform": {
                "pitch": -0.13821570575237274,
                "roll": -0.01974487118422985,
                "x": -84.52183532714844,
                "y": 126.66061401367188,
                "yaw": 90.23316192626953,
                "z": 0.04392380267381668
            },
            "type": "vehicle.carlamotors.carlacola",
            "velocity": 0.0,
            "velocity_vec": {
                "vx": 0.0,
                "vy": 0.0,
                "vz": 0.0
            }
        }
    },
    "reverse": false,
    "right_distance": 1.7506275158207534,
    "steer": -6.882622983539477e-05,
    "steer_noise": 0.0,
    "target_road_option": "RoadOption.STRAIGHT",
    "target_waypoint": {
        "pitch": -0.39509209990501404,
        "roll": 0.0,
        "x": -88.02693939208984,
        "y": 123.95528411865234,
        "yaw": 89.84373474121094,
        "z": 0.0403609573841095
    },
    "throttle": 0.0,
    "throttle_noise": 0.0
}