{
    "blocking_state": "AgentState.NAVIGATING",
    "brake": 0.0,
    "brake_noise": 0.0,
    "current_waypoint": {
        "pitch": -0.7607729434967041,
        "roll": 0.0,
        "x": -88.05648803710938,
        "y": 113.12027740478516,
        "yaw": 89.84373474121094,
        "z": 0.14964936673641205
    },
    "ego_planned_trajectory": [],
    "ego_vehicle_can_speed": 5.470652961270951,
    "ego_vehicle_can_timestamp": "754",
    "ego_vehicle_id": 171,
    "ego_vehicle_transform": {
        "pitch": -0.5961593389511108,
        "roll": 0.05748855322599411,
        "x": -88.0558853149414,
        "y": 113.39242553710938,
        "yaw": 89.84444427490234,
        "z": 0.18596847355365753
    },
    "ego_velocity": {
        "vx": 0.013464648276567459,
        "vy": 5.470184803009033,
        "vz": -0.0702904462814331
    },
    "hand_brake": false,
    "left_distance": 1.750062769857616,
    "next_target_location": null,
    "other_actors": {
        "171": {
            "bounding_box": {
                "extent_x": 2.452350616455078,
                "extent_y": 1.0303291082382202,
                "extent_z": 0.7391985058784485,
                "loc_x": 0.060644909739494324,
                "loc_y": 0.0,
                "loc_z": 0.7473415732383728
            },
            "transform": {
                "pitch": -0.5961593389511108,
                "roll": 0.05748855322599411,
                "x": -88.0558853149414,
                "y": 113.39242553710938,
                "yaw": 89.84444427490234,
                "z": 0.18596847355365753
            },
            "type": "vehicle.lincoln.mkz2017",
            "velocity": 5.470201374339357,
            "velocity_vec": {
                "vx": 0.013464648276567459,
                "vy": 5.470184803009033,
                "vz": -0.0702904462814331
            }
        },
        "173": {
            "bounding_box": {
                "extent_x": 2.073613166809082,
                "extent_y": 1.0016015768051147,
                "extent_z": 0.691210925579071,
                "loc_x": 0.0,
                "loc_y": 0.0,
                "loc_z": 0.7043752670288086
            },
            "transform": {
                "pitch": 0.19200344383716583,
                "roll": -0.14212031662464142,
                "x": -70.41636657714844,
                "y": 132.06552124023438,
                "yaw": 178.6884002685547,
                "z": 0.018586616963148117
            },
            "type": "vehicle.audi.tt",
            "velocity": 4.200118425733635,
            "velocity_vec": {
                "vx": -4.198991298675537,
                "vy": 0.09729781001806259,
                "vz": 0.007322082296013832
            }
        },
        "180": {
            "bounding_box": {
                "extent_x": 2.5996146202087402,
                "extent_y": 1.3075095415115356,
                "extent_z": 1.2384252548217773,
                "loc_x": 0.0,
                "loc_y": 0.0,
                "loc_z": 1.2300000190734863
            },
            "transform": {
                "pitch": -0.13821570575237274,
                "roll": -0.01974487118422985,
                "x": -84.52183532714844,
                "y": 126.66061401367188,
                "yaw": 90.23316192626953,
                "z": 0.04392380267381668
            },
            "type": "vehicle.carlamotors.carlacola",
            "velocity": 0.0,
            "velocity_vec": {
                "vx": 0.0,
                "vy": 0.0,
                "vz": 0.0
            }
        }
    },
    "reverse": false,
    "right_distance": 1.7508084239395254,
    "steer": -3.772365744225681e-05,
    "steer_noise": 0.0,
    "target_road_option": "RoadOption.STRAIGHT",
    "target_waypoint": {
        "pitch": -0.39509209990501404,
        "roll": 0.0,
        "x": -88.02693939208984,
        "y": 123.95528411865234,
        "yaw": 89.84373474121094,
        "z": 0.0403609573841095
    },
    "throttle": 0.75,
    "throttle_noise": 0.0
}