{
    "blocking_state": "AgentState.NAVIGATING",
    "brake": 0.30000001192092896,
    "brake_noise": 0.0,
    "current_waypoint": {
        "pitch": -0.7229821085929871,
        "roll": 0.0,
        "x": -88.05342864990234,
        "y": 114.23998260498047,
        "yaw": 89.84373474121094,
        "z": 0.1351511925458908
    },
    "ego_planned_trajectory": [],
    "ego_vehicle_can_speed": 5.743621516473437,
    "ego_vehicle_can_timestamp": "758",
    "ego_vehicle_id": 171,
    "ego_vehicle_transform": {
        "pitch": -0.4492488503456116,
        "roll": 0.06336850672960281,
        "x": -88.05294036865234,
        "y": 114.5275650024414,
        "yaw": 89.84378051757812,
        "z": 0.17029014229774475
    },
    "ego_velocity": {
        "vx": 0.015548095107078552,
        "vy": 5.7431793212890625,
        "vz": -0.06955332309007645
    },
    "hand_brake": false,
    "left_distance": 1.7502349116394562,
    "next_target_location": null,
    "other_actors": {
        "171": {
            "bounding_box": {
                "extent_x": 2.452350616455078,
                "extent_y": 1.0303291082382202,
                "extent_z": 0.7391985058784485,
                "loc_x": 0.060644909739494324,
                "loc_y": 0.0,
                "loc_z": 0.7473415732383728
            },
            "transform": {
                "pitch": -0.4492488503456116,
                "roll": 0.06336850672960281,
                "x": -88.05294036865234,
                "y": 114.5275650024414,
                "yaw": 89.84378051757812,
                "z": 0.17029014229774475
            },
            "type": "vehicle.lincoln.mkz2017",
            "velocity": 5.743200367368681,
            "velocity_vec": {
                "vx": 0.015548095107078552,
                "vy": 5.7431793212890625,
                "vz": -0.06955332309007645
            }
        },
        "173": {
            "bounding_box": {
                "extent_x": 2.073613166809082,
                "extent_y": 1.0016015768051147,
                "extent_z": 0.691210925579071,
                "loc_x": 0.0,
                "loc_y": 0.0,
                "loc_z": 0.7043752670288086
            },
            "transform": {
                "pitch": 0.012267018668353558,
                "roll": -0.1484985202550888,
                "x": -71.27899932861328,
                "y": 132.08546447753906,
                "yaw": 178.68898010253906,
                "z": 0.022104758769273758
            },
            "type": "vehicle.audi.tt",
            "velocity": 4.538514993002045,
            "velocity_vec": {
                "vx": -4.537303447723389,
                "vy": 0.10486069321632385,
                "vz": 0.009306005202233791
            }
        },
        "180": {
            "bounding_box": {
                "extent_x": 2.5996146202087402,
                "extent_y": 1.3075095415115356,
                "extent_z": 1.2384252548217773,
                "loc_x": 0.0,
                "loc_y": 0.0,
                "loc_z": 1.2300000190734863
            },
            "transform": {
                "pitch": -0.13821570575237274,
                "roll": -0.01974487118422985,
                "x": -84.52183532714844,
                "y": 126.66061401367188,
                "yaw": 90.23316192626953,
                "z": 0.04392380267381668
            },
            "type": "vehicle.carlamotors.carlacola",
            "velocity": 0.0,
            "velocity_vec": {
                "vx": 0.0,
                "vy": 0.0,
                "vz": 0.0
            }
        }
    },
    "reverse": false,
    "right_distance": 1.7505878757765032,
    "steer": -7.648828614037484e-05,
    "steer_noise": 0.0,
    "target_road_option": "RoadOption.STRAIGHT",
    "target_waypoint": {
        "pitch": -0.39509209990501404,
        "roll": 0.0,
        "x": -88.02693939208984,
        "y": 123.95528411865234,
        "yaw": 89.84373474121094,
        "z": 0.0403609573841095
    },
    "throttle": 0.0,
    "throttle_noise": 0.0
}