{
    "blocking_state": "AgentState.NAVIGATING",
    "brake": 0.0,
    "brake_noise": 0.0,
    "current_waypoint": {
        "pitch": -0.787251889705658,
        "roll": 0.0,
        "x": -88.05862426757812,
        "y": 112.33573913574219,
        "yaw": 89.84373474121094,
        "z": 0.16024784743785858
    },
    "ego_planned_trajectory": [],
    "ego_vehicle_can_speed": 5.1383191155790335,
    "ego_vehicle_can_timestamp": "751",
    "ego_vehicle_id": 171,
    "ego_vehicle_transform": {
        "pitch": -0.7569556832313538,
        "roll": 0.04746745154261589,
        "x": -88.05809020996094,
        "y": 112.59298706054688,
        "yaw": 89.84486389160156,
        "z": 0.198159858584404
    },
    "ego_velocity": {
        "vx": 0.013846791349351406,
        "vy": 5.137853145599365,
        "vz": -0.06779862940311432
    },
    "hand_brake": false,
    "left_distance": 1.7500892945845525,
    "next_target_location": null,
    "other_actors": {
        "171": {
            "bounding_box": {
                "extent_x": 2.452350616455078,
                "extent_y": 1.0303291082382202,
                "extent_z": 0.7391985058784485,
                "loc_x": 0.060644909739494324,
                "loc_y": 0.0,
                "loc_z": 0.7473415732383728
            },
            "transform": {
                "pitch": -0.7569556832313538,
                "roll": 0.04746745154261589,
                "x": -88.05809020996094,
                "y": 112.59298706054688,
                "yaw": 89.84486389160156,
                "z": 0.198159858584404
            },
            "type": "vehicle.lincoln.mkz2017",
            "velocity": 5.137871804490256,
            "velocity_vec": {
                "vx": 0.013846791349351406,
                "vy": 5.137853145599365,
                "vz": -0.06779862940311432
            }
        },
        "173": {
            "bounding_box": {
                "extent_x": 2.073613166809082,
                "extent_y": 1.0016015768051147,
                "extent_z": 0.691210925579071,
                "loc_x": 0.0,
                "loc_y": 0.0,
                "loc_z": 0.7043752670288086
            },
            "transform": {
                "pitch": 0.3435380160808563,
                "roll": -0.1397399604320526,
                "x": -69.7672348022461,
                "y": 132.05052185058594,
                "yaw": 178.6884002685547,
                "z": 0.016191864386200905
            },
            "type": "vehicle.audi.tt",
            "velocity": 4.5343705583064935,
            "velocity_vec": {
                "vx": -4.533161640167236,
                "vy": 0.10469911247491837,
                "vz": 0.007220533210784197
            }
        },
        "180": {
            "bounding_box": {
                "extent_x": 2.5996146202087402,
                "extent_y": 1.3075095415115356,
                "extent_z": 1.2384252548217773,
                "loc_x": 0.0,
                "loc_y": 0.0,
                "loc_z": 1.2300000190734863
            },
            "transform": {
                "pitch": -0.13821570575237274,
                "roll": -0.01974487118422985,
                "x": -84.52183532714844,
                "y": 126.66061401367188,
                "yaw": 90.23316192626953,
                "z": 0.04392380267381668
            },
            "type": "vehicle.carlamotors.carlacola",
            "velocity": 0.0,
            "velocity_vec": {
                "vx": 0.0,
                "vy": 0.0,
                "vz": 0.0
            }
        }
    },
    "reverse": false,
    "right_distance": 1.7508566198676359,
    "steer": -4.019461994175799e-05,
    "steer_noise": 0.0,
    "target_road_option": "RoadOption.STRAIGHT",
    "target_waypoint": {
        "pitch": -0.39509209990501404,
        "roll": 0.0,
        "x": -88.02693939208984,
        "y": 123.95528411865234,
        "yaw": 89.84373474121094,
        "z": 0.0403609573841095
    },
    "throttle": 0.75,
    "throttle_noise": 0.0
}