{
    "blocking_state": "AgentState.NAVIGATING",
    "brake": 0.0,
    "brake_noise": 0.0,
    "current_waypoint": {
        "pitch": -0.7959370017051697,
        "roll": 0.0,
        "x": -88.059326171875,
        "y": 112.07840728759766,
        "yaw": 89.84373474121094,
        "z": 0.1638031154870987
    },
    "ego_planned_trajectory": [],
    "ego_vehicle_can_speed": 5.147785873357443,
    "ego_vehicle_can_timestamp": "750",
    "ego_vehicle_id": 171,
    "ego_vehicle_transform": {
        "pitch": -0.7757523655891418,
        "roll": 0.04782601073384285,
        "x": -88.05879974365234,
        "y": 112.33573150634766,
        "yaw": 89.84469604492188,
        "z": 0.2017543762922287
    },
    "ego_velocity": {
        "vx": 0.01382855698466301,
        "vy": 5.147324085235596,
        "vz": -0.06754946708679199
    },
    "hand_brake": false,
    "left_distance": 1.7500876541795436,
    "next_target_location": null,
    "other_actors": {
        "171": {
            "bounding_box": {
                "extent_x": 2.452350616455078,
                "extent_y": 1.0303291082382202,
                "extent_z": 0.7391985058784485,
                "loc_x": 0.060644909739494324,
                "loc_y": 0.0,
                "loc_z": 0.7473415732383728
            },
            "transform": {
                "pitch": -0.7757523655891418,
                "roll": 0.04782601073384285,
                "x": -88.05879974365234,
                "y": 112.33573150634766,
                "yaw": 89.84469604492188,
                "z": 0.2017543762922287
            },
            "type": "vehicle.lincoln.mkz2017",
            "velocity": 5.147342660775047,
            "velocity_vec": {
                "vx": 0.01382855698466301,
                "vy": 5.147324085235596,
                "vz": -0.06754946708679199
            }
        },
        "173": {
            "bounding_box": {
                "extent_x": 2.073613166809082,
                "extent_y": 1.0016015768051147,
                "extent_z": 0.691210925579071,
                "loc_x": 0.0,
                "loc_y": 0.0,
                "loc_z": 0.7043752670288086
            },
            "transform": {
                "pitch": 0.3998938798904419,
                "roll": -0.1395263522863388,
                "x": -69.53924560546875,
                "y": 132.04525756835938,
                "yaw": 178.68846130371094,
                "z": 0.015209387987852097
            },
            "type": "vehicle.audi.tt",
            "velocity": 4.628043948807667,
            "velocity_vec": {
                "vx": -4.62681245803833,
                "vy": 0.1067579984664917,
                "vz": 0.011052731424570084
            }
        },
        "180": {
            "bounding_box": {
                "extent_x": 2.5996146202087402,
                "extent_y": 1.3075095415115356,
                "extent_z": 1.2384252548217773,
                "loc_x": 0.0,
                "loc_y": 0.0,
                "loc_z": 1.2300000190734863
            },
            "transform": {
                "pitch": -0.13821570575237274,
                "roll": -0.01974487118422985,
                "x": -84.52183532714844,
                "y": 126.66061401367188,
                "yaw": 90.23316192626953,
                "z": 0.04392380267381668
            },
            "type": "vehicle.carlamotors.carlacola",
            "velocity": 0.0,
            "velocity_vec": {
                "vx": 0.0,
                "vy": 0.0,
                "vz": 0.0
            }
        }
    },
    "reverse": false,
    "right_distance": 1.750853226942348,
    "steer": -3.7603225791826844e-05,
    "steer_noise": 0.0,
    "target_road_option": "RoadOption.STRAIGHT",
    "target_waypoint": {
        "pitch": -0.39509209990501404,
        "roll": 0.0,
        "x": -88.02693939208984,
        "y": 123.95528411865234,
        "yaw": 89.84373474121094,
        "z": 0.0403609573841095
    },
    "throttle": 0.75,
    "throttle_noise": 0.0
}