{
    "blocking_state": "AgentState.NAVIGATING",
    "brake": 0.30000001192092896,
    "brake_noise": 0.0,
    "current_waypoint": {
        "pitch": -0.7132759690284729,
        "roll": 0.0,
        "x": -88.05265045166016,
        "y": 114.5275650024414,
        "yaw": 89.84373474121094,
        "z": 0.13154670596122742
    },
    "ego_planned_trajectory": [],
    "ego_vehicle_can_speed": 5.646713042048792,
    "ego_vehicle_can_timestamp": "759",
    "ego_vehicle_id": 171,
    "ego_vehicle_transform": {
        "pitch": -0.4890073537826538,
        "roll": 0.05686425790190697,
        "x": -88.0522232055664,
        "y": 114.81114196777344,
        "yaw": 89.84356689453125,
        "z": 0.16732566058635712
    },
    "ego_velocity": {
        "vx": 0.016060015186667442,
        "vy": 5.64628791809082,
        "vz": -0.06740178912878036
    },
    "hand_brake": false,
    "left_distance": 1.7502934883411645,
    "next_target_location": null,
    "other_actors": {
        "171": {
            "bounding_box": {
                "extent_x": 2.452350616455078,
                "extent_y": 1.0303291082382202,
                "extent_z": 0.7391985058784485,
                "loc_x": 0.060644909739494324,
                "loc_y": 0.0,
                "loc_z": 0.7473415732383728
            },
            "transform": {
                "pitch": -0.4890073537826538,
                "roll": 0.05686425790190697,
                "x": -88.0522232055664,
                "y": 114.81114196777344,
                "yaw": 89.84356689453125,
                "z": 0.16732566058635712
            },
            "type": "vehicle.lincoln.mkz2017",
            "velocity": 5.646310758191243,
            "velocity_vec": {
                "vx": 0.016060015186667442,
                "vy": 5.64628791809082,
                "vz": -0.06740178912878036
            }
        },
        "173": {
            "bounding_box": {
                "extent_x": 2.073613166809082,
                "extent_y": 1.0016015768051147,
                "extent_z": 0.691210925579071,
                "loc_x": 0.0,
                "loc_y": 0.0,
                "loc_z": 0.7043752670288086
            },
            "transform": {
                "pitch": -0.013059320859611034,
                "roll": -0.1469116061925888,
                "x": -71.50556945800781,
                "y": 132.09071350097656,
                "yaw": 178.68894958496094,
                "z": 0.02262302301824093
            },
            "type": "vehicle.audi.tt",
            "velocity": 4.534480315083724,
            "velocity_vec": {
                "vx": -4.533273696899414,
                "vy": 0.10460074990987778,
                "vz": 0.004358118399977684
            }
        },
        "180": {
            "bounding_box": {
                "extent_x": 2.5996146202087402,
                "extent_y": 1.3075095415115356,
                "extent_z": 1.2384252548217773,
                "loc_x": 0.0,
                "loc_y": 0.0,
                "loc_z": 1.2300000190734863
            },
            "transform": {
                "pitch": -0.13821570575237274,
                "roll": -0.01974487118422985,
                "x": -84.52183532714844,
                "y": 126.66061401367188,
                "yaw": 90.23316192626953,
                "z": 0.04392380267381668
            },
            "type": "vehicle.carlamotors.carlacola",
            "velocity": 0.0,
            "velocity_vec": {
                "vx": 0.0,
                "vy": 0.0,
                "vz": 0.0
            }
        }
    },
    "reverse": false,
    "right_distance": 1.7505473957164077,
    "steer": 9.887259693641681e-06,
    "steer_noise": 0.0,
    "target_road_option": "RoadOption.STRAIGHT",
    "target_waypoint": {
        "pitch": -0.39509209990501404,
        "roll": 0.0,
        "x": -88.02693939208984,
        "y": 123.95528411865234,
        "yaw": 89.84373474121094,
        "z": 0.0403609573841095
    },
    "throttle": 0.0,
    "throttle_noise": 0.0
}