{
    "blocking_state": "AgentState.NAVIGATING",
    "brake": 0.01429951936006546,
    "brake_noise": 0.0,
    "current_waypoint": {
        "pitch": -0.6850903630256653,
        "roll": 0.0,
        "x": -88.05036926269531,
        "y": 115.3626708984375,
        "yaw": 89.84373474121094,
        "z": 0.12135577946901321
    },
    "ego_planned_trajectory": [],
    "ego_vehicle_can_speed": 5.348707897990615,
    "ego_vehicle_can_timestamp": "762",
    "ego_vehicle_id": 171,
    "ego_vehicle_transform": {
        "pitch": -0.7155169248580933,
        "roll": 0.02868153341114521,
        "x": -88.05003356933594,
        "y": 115.63030242919922,
        "yaw": 89.84268951416016,
        "z": 0.16011321544647217
    },
    "ego_velocity": {
        "vx": 0.016721345484256744,
        "vy": 5.3483147621154785,
        "vz": -0.06265604496002197
    },
    "hand_brake": false,
    "left_distance": 1.7503950802376695,
    "next_target_location": null,
    "other_actors": {
        "171": {
            "bounding_box": {
                "extent_x": 2.452350616455078,
                "extent_y": 1.0303291082382202,
                "extent_z": 0.7391985058784485,
                "loc_x": 0.060644909739494324,
                "loc_y": 0.0,
                "loc_z": 0.7473415732383728
            },
            "transform": {
                "pitch": -0.7155169248580933,
                "roll": 0.02868153341114521,
                "x": -88.05003356933594,
                "y": 115.63030242919922,
                "yaw": 89.84268951416016,
                "z": 0.16011321544647217
            },
            "type": "vehicle.lincoln.mkz2017",
            "velocity": 5.348340901443844,
            "velocity_vec": {
                "vx": 0.016721345484256744,
                "vy": 5.3483147621154785,
                "vz": -0.06265604496002197
            }
        },
        "173": {
            "bounding_box": {
                "extent_x": 2.073613166809082,
                "extent_y": 1.0016015768051147,
                "extent_z": 0.691210925579071,
                "loc_x": 0.0,
                "loc_y": 0.0,
                "loc_z": 0.7043752670288086
            },
            "transform": {
                "pitch": -0.02871411293745041,
                "roll": -0.1447753757238388,
                "x": -72.18446350097656,
                "y": 132.1063690185547,
                "yaw": 178.6888427734375,
                "z": 0.02288898453116417
            },
            "type": "vehicle.audi.tt",
            "velocity": 4.522491632071237,
            "velocity_vec": {
                "vx": -4.5212860107421875,
                "vy": 0.10441920906305313,
                "vz": -0.000568390532862395
            }
        },
        "180": {
            "bounding_box": {
                "extent_x": 2.5996146202087402,
                "extent_y": 1.3075095415115356,
                "extent_z": 1.2384252548217773,
                "loc_x": 0.0,
                "loc_y": 0.0,
                "loc_z": 1.2300000190734863
            },
            "transform": {
                "pitch": -0.13821570575237274,
                "roll": -0.01974487118422985,
                "x": -84.52183532714844,
                "y": 126.66061401367188,
                "yaw": 90.23316192626953,
                "z": 0.04392380267381668
            },
            "type": "vehicle.carlamotors.carlacola",
            "velocity": 0.0,
            "velocity_vec": {
                "vx": 0.0,
                "vy": 0.0,
                "vz": 0.0
            }
        }
    },
    "reverse": false,
    "right_distance": 1.7505810192835423,
    "steer": -4.138624262850499e-06,
    "steer_noise": 0.0,
    "target_road_option": "RoadOption.STRAIGHT",
    "target_waypoint": {
        "pitch": -0.39509209990501404,
        "roll": 0.0,
        "x": -88.02693939208984,
        "y": 123.95528411865234,
        "yaw": 89.84373474121094,
        "z": 0.0403609573841095
    },
    "throttle": 0.0,
    "throttle_noise": 0.0
}