{
    "blocking_state": "AgentState.NAVIGATING",
    "brake": 0.0,
    "brake_noise": 0.0,
    "current_waypoint": {
        "pitch": -0.6760575771331787,
        "roll": 0.0,
        "x": -88.04963684082031,
        "y": 115.63030242919922,
        "yaw": 89.84373474121094,
        "z": 0.11817678064107895
    },
    "ego_planned_trajectory": [],
    "ego_vehicle_can_speed": 5.264055085746171,
    "ego_vehicle_can_timestamp": "763",
    "ego_vehicle_id": 171,
    "ego_vehicle_transform": {
        "pitch": -0.7780746221542358,
        "roll": 0.023296106606721878,
        "x": -88.04928588867188,
        "y": 115.89420318603516,
        "yaw": 89.84228515625,
        "z": 0.15774425864219666
    },
    "ego_velocity": {
        "vx": 0.01605827920138836,
        "vy": 5.263680934906006,
        "vz": -0.060672011226415634
    },
    "hand_brake": false,
    "left_distance": 1.7503820068264684,
    "next_target_location": null,
    "other_actors": {
        "171": {
            "bounding_box": {
                "extent_x": 2.452350616455078,
                "extent_y": 1.0303291082382202,
                "extent_z": 0.7391985058784485,
                "loc_x": 0.060644909739494324,
                "loc_y": 0.0,
                "loc_z": 0.7473415732383728
            },
            "transform": {
                "pitch": -0.7780746221542358,
                "roll": 0.023296106606721878,
                "x": -88.04928588867188,
                "y": 115.89420318603516,
                "yaw": 89.84228515625,
                "z": 0.15774425864219666
            },
            "type": "vehicle.lincoln.mkz2017",
            "velocity": 5.263705429906187,
            "velocity_vec": {
                "vx": 0.01605827920138836,
                "vy": 5.263680934906006,
                "vz": -0.060672011226415634
            }
        },
        "173": {
            "bounding_box": {
                "extent_x": 2.073613166809082,
                "extent_y": 1.0016015768051147,
                "extent_z": 0.691210925579071,
                "loc_x": 0.0,
                "loc_y": 0.0,
                "loc_z": 0.7043752670288086
            },
            "transform": {
                "pitch": -0.025237547233700752,
                "roll": -0.14447021484375,
                "x": -72.41041564941406,
                "y": 132.11158752441406,
                "yaw": 178.68882751464844,
                "z": 0.022821158170700073
            },
            "type": "vehicle.audi.tt",
            "velocity": 4.518521459394011,
            "velocity_vec": {
                "vx": -4.5173163414001465,
                "vy": 0.10435157269239426,
                "vz": -0.0007805476780049503
            }
        },
        "180": {
            "bounding_box": {
                "extent_x": 2.5996146202087402,
                "extent_y": 1.3075095415115356,
                "extent_z": 1.2384252548217773,
                "loc_x": 0.0,
                "loc_y": 0.0,
                "loc_z": 1.2300000190734863
            },
            "transform": {
                "pitch": -0.13821570575237274,
                "roll": -0.01974487118422985,
                "x": -84.52183532714844,
                "y": 126.66061401367188,
                "yaw": 90.23316192626953,
                "z": 0.04392380267381668
            },
            "type": "vehicle.carlamotors.carlacola",
            "velocity": 0.0,
            "velocity_vec": {
                "vx": 0.0,
                "vy": 0.0,
                "vz": 0.0
            }
        }
    },
    "reverse": false,
    "right_distance": 1.7506236843832363,
    "steer": -5.432285979622975e-05,
    "steer_noise": 0.0,
    "target_road_option": "RoadOption.STRAIGHT",
    "target_waypoint": {
        "pitch": -0.39509209990501404,
        "roll": 0.0,
        "x": -88.02693939208984,
        "y": 123.95528411865234,
        "yaw": 89.84373474121094,
        "z": 0.0403609573841095
    },
    "throttle": 0.4714694619178772,
    "throttle_noise": 0.0
}