{
    "blocking_state": "AgentState.NAVIGATING",
    "brake": 0.0,
    "brake_noise": 0.0,
    "current_waypoint": {
        "pitch": -0.6408742070198059,
        "roll": 0.0,
        "x": -88.04679870605469,
        "y": 116.6727523803711,
        "yaw": 89.84373474121094,
        "z": 0.10619653016328812
    },
    "ego_planned_trajectory": [],
    "ego_vehicle_can_speed": 5.176446322341119,
    "ego_vehicle_can_timestamp": "767",
    "ego_vehicle_id": 171,
    "ego_vehicle_transform": {
        "pitch": -0.8302367925643921,
        "roll": 0.016556061804294586,
        "x": -88.04643249511719,
        "y": 116.93157958984375,
        "yaw": 89.84126281738281,
        "z": 0.14647307991981506
    },
    "ego_velocity": {
        "vx": 0.014371348544955254,
        "vy": 5.176088809967041,
        "vz": -0.059115342795848846
    },
    "hand_brake": false,
    "left_distance": 1.7503893102580776,
    "next_target_location": null,
    "other_actors": {
        "171": {
            "bounding_box": {
                "extent_x": 2.452350616455078,
                "extent_y": 1.0303291082382202,
                "extent_z": 0.7391985058784485,
                "loc_x": 0.060644909739494324,
                "loc_y": 0.0,
                "loc_z": 0.7473415732383728
            },
            "transform": {
                "pitch": -0.8302367925643921,
                "roll": 0.016556061804294586,
                "x": -88.04643249511719,
                "y": 116.93157958984375,
                "yaw": 89.84126281738281,
                "z": 0.14647307991981506
            },
            "type": "vehicle.lincoln.mkz2017",
            "velocity": 5.176108760867088,
            "velocity_vec": {
                "vx": 0.014371348544955254,
                "vy": 5.176088809967041,
                "vz": -0.059115342795848846
            }
        },
        "173": {
            "bounding_box": {
                "extent_x": 2.073613166809082,
                "extent_y": 1.0016015768051147,
                "extent_z": 0.691210925579071,
                "loc_x": 0.0,
                "loc_y": 0.0,
                "loc_z": 0.7043752670288086
            },
            "transform": {
                "pitch": -0.006256452761590481,
                "roll": -0.1439209133386612,
                "x": -73.31229400634766,
                "y": 132.13246154785156,
                "yaw": 178.6886444091797,
                "z": 0.022545509040355682
            },
            "type": "vehicle.audi.tt",
            "velocity": 4.502706449715087,
            "velocity_vec": {
                "vx": -4.501504421234131,
                "vy": 0.10403517633676529,
                "vz": -0.00016110595606733114
            }
        },
        "180": {
            "bounding_box": {
                "extent_x": 2.5996146202087402,
                "extent_y": 1.3075095415115356,
                "extent_z": 1.2384252548217773,
                "loc_x": 0.0,
                "loc_y": 0.0,
                "loc_z": 1.2300000190734863
            },
            "transform": {
                "pitch": -0.13821570575237274,
                "roll": -0.01974487118422985,
                "x": -84.52183532714844,
                "y": 126.66061401367188,
                "yaw": 90.23316192626953,
                "z": 0.04392380267381668
            },
            "type": "vehicle.carlamotors.carlacola",
            "velocity": 0.0,
            "velocity_vec": {
                "vx": 0.0,
                "vy": 0.0,
                "vz": 0.0
            }
        }
    },
    "reverse": false,
    "right_distance": 1.7506503522165167,
    "steer": -2.7762745958170854e-05,
    "steer_noise": 0.0,
    "target_road_option": "RoadOption.STRAIGHT",
    "target_waypoint": {
        "pitch": -0.39509209990501404,
        "roll": 0.0,
        "x": -88.02693939208984,
        "y": 123.95528411865234,
        "yaw": 89.84373474121094,
        "z": 0.0403609573841095
    },
    "throttle": 0.75,
    "throttle_noise": 0.0
}