{
    "blocking_state": "AgentState.NAVIGATING",
    "brake": 0.30000001192092896,
    "brake_noise": 0.0,
    "current_waypoint": {
        "pitch": -0.6942945718765259,
        "roll": 0.0,
        "x": -88.05110931396484,
        "y": 115.08995819091797,
        "yaw": 89.84373474121094,
        "z": 0.12463853508234024
    },
    "ego_planned_trajectory": [],
    "ego_vehicle_can_speed": 5.424841352382981,
    "ego_vehicle_can_timestamp": "761",
    "ego_vehicle_id": 171,
    "ego_vehicle_transform": {
        "pitch": -0.6365326046943665,
        "roll": 0.03841180354356766,
        "x": -88.0507583618164,
        "y": 115.3626708984375,
        "yaw": 89.84293365478516,
        "z": 0.16240279376506805
    },
    "ego_velocity": {
        "vx": 0.01670854352414608,
        "vy": 5.424436092376709,
        "vz": -0.0641685500741005
    },
    "hand_brake": false,
    "left_distance": 1.7503724171714177,
    "next_target_location": null,
    "other_actors": {
        "171": {
            "bounding_box": {
                "extent_x": 2.452350616455078,
                "extent_y": 1.0303291082382202,
                "extent_z": 0.7391985058784485,
                "loc_x": 0.060644909739494324,
                "loc_y": 0.0,
                "loc_z": 0.7473415732383728
            },
            "transform": {
                "pitch": -0.6365326046943665,
                "roll": 0.03841180354356766,
                "x": -88.0507583618164,
                "y": 115.3626708984375,
                "yaw": 89.84293365478516,
                "z": 0.16240279376506805
            },
            "type": "vehicle.lincoln.mkz2017",
            "velocity": 5.424461825444603,
            "velocity_vec": {
                "vx": 0.01670854352414608,
                "vy": 5.424436092376709,
                "vz": -0.0641685500741005
            }
        },
        "173": {
            "bounding_box": {
                "extent_x": 2.073613166809082,
                "extent_y": 1.0016015768051147,
                "extent_z": 0.691210925579071,
                "loc_x": 0.0,
                "loc_y": 0.0,
                "loc_z": 0.7043752670288086
            },
            "transform": {
                "pitch": -0.029479095712304115,
                "roll": -0.1452331244945526,
                "x": -71.95832061767578,
                "y": 132.10116577148438,
                "yaw": 178.6889190673828,
                "z": 0.022915419191122055
            },
            "type": "vehicle.audi.tt",
            "velocity": 4.52647304315626,
            "velocity_vec": {
                "vx": -4.525267124176025,
                "vy": 0.10447806119918823,
                "vz": 0.00010282709990860894
            }
        },
        "180": {
            "bounding_box": {
                "extent_x": 2.5996146202087402,
                "extent_y": 1.3075095415115356,
                "extent_z": 1.2384252548217773,
                "loc_x": 0.0,
                "loc_y": 0.0,
                "loc_z": 1.2300000190734863
            },
            "transform": {
                "pitch": -0.13821570575237274,
                "roll": -0.01974487118422985,
                "x": -84.52183532714844,
                "y": 126.66061401367188,
                "yaw": 90.23316192626953,
                "z": 0.04392380267381668
            },
            "type": "vehicle.carlamotors.carlacola",
            "velocity": 0.0,
            "velocity_vec": {
                "vx": 0.0,
                "vy": 0.0,
                "vz": 0.0
            }
        }
    },
    "reverse": false,
    "right_distance": 1.7505523222473727,
    "steer": -2.946852328022942e-05,
    "steer_noise": 0.0,
    "target_road_option": "RoadOption.STRAIGHT",
    "target_waypoint": {
        "pitch": -0.39509209990501404,
        "roll": 0.0,
        "x": -88.02693939208984,
        "y": 123.95528411865234,
        "yaw": 89.84373474121094,
        "z": 0.0403609573841095
    },
    "throttle": 0.0,
    "throttle_noise": 0.0
}