{
    "blocking_state": "AgentState.NAVIGATING",
    "brake": 0.30000001192092896,
    "brake_noise": 0.0,
    "current_waypoint": {
        "pitch": -0.7037047743797302,
        "roll": 0.0,
        "x": -88.05187225341797,
        "y": 114.81114959716797,
        "yaw": 89.84373474121094,
        "z": 0.12804004549980164
    },
    "ego_planned_trajectory": [],
    "ego_vehicle_can_speed": 5.560493489928563,
    "ego_vehicle_can_timestamp": "760",
    "ego_vehicle_id": 171,
    "ego_vehicle_transform": {
        "pitch": -0.554351806640625,
        "roll": 0.04825909435749054,
        "x": -88.0514907836914,
        "y": 115.08995819091797,
        "yaw": 89.84320831298828,
        "z": 0.16472980380058289
    },
    "ego_velocity": {
        "vx": 0.016712911427021027,
        "vy": 5.560078144073486,
        "vz": -0.0658753514289856
    },
    "hand_brake": false,
    "left_distance": 1.7503448941618363,
    "next_target_location": null,
    "other_actors": {
        "171": {
            "bounding_box": {
                "extent_x": 2.452350616455078,
                "extent_y": 1.0303291082382202,
                "extent_z": 0.7391985058784485,
                "loc_x": 0.060644909739494324,
                "loc_y": 0.0,
                "loc_z": 0.7473415732383728
            },
            "transform": {
                "pitch": -0.554351806640625,
                "roll": 0.04825909435749054,
                "x": -88.0514907836914,
                "y": 115.08995819091797,
                "yaw": 89.84320831298828,
                "z": 0.16472980380058289
            },
            "type": "vehicle.lincoln.mkz2017",
            "velocity": 5.560103262495404,
            "velocity_vec": {
                "vx": 0.016712911427021027,
                "vy": 5.560078144073486,
                "vz": -0.0658753514289856
            }
        },
        "173": {
            "bounding_box": {
                "extent_x": 2.073613166809082,
                "extent_y": 1.0016015768051147,
                "extent_z": 0.691210925579071,
                "loc_x": 0.0,
                "loc_y": 0.0,
                "loc_z": 0.7043752670288086
            },
            "transform": {
                "pitch": -0.02536049112677574,
                "roll": -0.1459045559167862,
                "x": -71.73201751708984,
                "y": 132.09593200683594,
                "yaw": 178.68893432617188,
                "z": 0.022852592170238495
            },
            "type": "vehicle.audi.tt",
            "velocity": 4.5304676306301745,
            "velocity_vec": {
                "vx": -4.529261589050293,
                "vy": 0.104529470205307,
                "vz": 0.0015675029717385769
            }
        },
        "180": {
            "bounding_box": {
                "extent_x": 2.5996146202087402,
                "extent_y": 1.3075095415115356,
                "extent_z": 1.2384252548217773,
                "loc_x": 0.0,
                "loc_y": 0.0,
                "loc_z": 1.2300000190734863
            },
            "transform": {
                "pitch": -0.13821570575237274,
                "roll": -0.01974487118422985,
                "x": -84.52183532714844,
                "y": 126.66061401367188,
                "yaw": 90.23316192626953,
                "z": 0.04392380267381668
            },
            "type": "vehicle.carlamotors.carlacola",
            "velocity": 0.0,
            "velocity_vec": {
                "vx": 0.0,
                "vy": 0.0,
                "vz": 0.0
            }
        }
    },
    "reverse": false,
    "right_distance": 1.750541303417536,
    "steer": -7.167794683482498e-05,
    "steer_noise": 0.0,
    "target_road_option": "RoadOption.STRAIGHT",
    "target_waypoint": {
        "pitch": -0.39509209990501404,
        "roll": 0.0,
        "x": -88.02693939208984,
        "y": 123.95528411865234,
        "yaw": 89.84373474121094,
        "z": 0.0403609573841095
    },
    "throttle": 0.0,
    "throttle_noise": 0.0
}