{
    "blocking_state": "AgentState.NAVIGATING",
    "brake": 0.0,
    "brake_noise": 0.0,
    "current_waypoint": {
        "pitch": -0.6583364009857178,
        "roll": 0.0,
        "x": -88.04821014404297,
        "y": 116.15536499023438,
        "yaw": 89.84373474121094,
        "z": 0.11206254363059998
    },
    "ego_planned_trajectory": [],
    "ego_vehicle_can_speed": 5.1694929113816315,
    "ego_vehicle_can_timestamp": "765",
    "ego_vehicle_id": 171,
    "ego_vehicle_transform": {
        "pitch": -0.845058262348175,
        "roll": 0.01789221167564392,
        "x": -88.0478515625,
        "y": 116.41426849365234,
        "yaw": 89.84171295166016,
        "z": 0.1525350958108902
    },
    "ego_velocity": {
        "vx": 0.01456862036138773,
        "vy": 5.169136047363281,
        "vz": -0.05896812677383423
    },
    "hand_brake": false,
    "left_distance": 1.750385696804347,
    "next_target_location": null,
    "other_actors": {
        "171": {
            "bounding_box": {
                "extent_x": 2.452350616455078,
                "extent_y": 1.0303291082382202,
                "extent_z": 0.7391985058784485,
                "loc_x": 0.060644909739494324,
                "loc_y": 0.0,
                "loc_z": 0.7473415732383728
            },
            "transform": {
                "pitch": -0.845058262348175,
                "roll": 0.01789221167564392,
                "x": -88.0478515625,
                "y": 116.41426849365234,
                "yaw": 89.84171295166016,
                "z": 0.1525350958108902
            },
            "type": "vehicle.lincoln.mkz2017",
            "velocity": 5.169156577319914,
            "velocity_vec": {
                "vx": 0.01456862036138773,
                "vy": 5.169136047363281,
                "vz": -0.05896812677383423
            }
        },
        "173": {
            "bounding_box": {
                "extent_x": 2.073613166809082,
                "extent_y": 1.0016015768051147,
                "extent_z": 0.691210925579071,
                "loc_x": 0.0,
                "loc_y": 0.0,
                "loc_z": 0.7043752670288086
            },
            "transform": {
                "pitch": -0.015504528768360615,
                "roll": -0.14410400390625,
                "x": -72.86174774169922,
                "y": 132.1220245361328,
                "yaw": 178.68870544433594,
                "z": 0.02266281098127365
            },
            "type": "vehicle.audi.tt",
            "velocity": 4.510603129741843,
            "velocity_vec": {
                "vx": -4.5093994140625,
                "vy": 0.10419941693544388,
                "vz": -0.0005847719148732722
            }
        },
        "180": {
            "bounding_box": {
                "extent_x": 2.5996146202087402,
                "extent_y": 1.3075095415115356,
                "extent_z": 1.2384252548217773,
                "loc_x": 0.0,
                "loc_y": 0.0,
                "loc_z": 1.2300000190734863
            },
            "transform": {
                "pitch": -0.13821570575237274,
                "roll": -0.01974487118422985,
                "x": -84.52183532714844,
                "y": 126.66061401367188,
                "yaw": 90.23316192626953,
                "z": 0.04392380267381668
            },
            "type": "vehicle.carlamotors.carlacola",
            "velocity": 0.0,
            "velocity_vec": {
                "vx": 0.0,
                "vy": 0.0,
                "vz": 0.0
            }
        }
    },
    "reverse": false,
    "right_distance": 1.7506623483225165,
    "steer": 5.876904833712615e-05,
    "steer_noise": 0.0,
    "target_road_option": "RoadOption.STRAIGHT",
    "target_waypoint": {
        "pitch": -0.39509209990501404,
        "roll": 0.0,
        "x": -88.02693939208984,
        "y": 123.95528411865234,
        "yaw": 89.84373474121094,
        "z": 0.0403609573841095
    },
    "throttle": 0.75,
    "throttle_noise": 0.0
}