{
    "blocking_state": "AgentState.NAVIGATING",
    "brake": 0.0,
    "brake_noise": 0.0,
    "current_waypoint": {
        "pitch": -0.6233406662940979,
        "roll": 0.0,
        "x": -88.04537963867188,
        "y": 117.19224548339844,
        "yaw": 89.84373474121094,
        "z": 0.10046521574258804
    },
    "ego_planned_trajectory": [],
    "ego_vehicle_can_speed": 5.26463422288295,
    "ego_vehicle_can_timestamp": "769",
    "ego_vehicle_id": 171,
    "ego_vehicle_transform": {
        "pitch": -0.7519491314888,
        "roll": 0.015001507475972176,
        "x": -88.04499053955078,
        "y": 117.45516967773438,
        "yaw": 89.8405990600586,
        "z": 0.13964729011058807
    },
    "ego_velocity": {
        "vx": 0.0145993921905756,
        "vy": 5.264275550842285,
        "vz": -0.059693243354558945
    },
    "hand_brake": false,
    "left_distance": 1.7503777228687158,
    "next_target_location": null,
    "other_actors": {
        "171": {
            "bounding_box": {
                "extent_x": 2.452350616455078,
                "extent_y": 1.0303291082382202,
                "extent_z": 0.7391985058784485,
                "loc_x": 0.060644909739494324,
                "loc_y": 0.0,
                "loc_z": 0.7473415732383728
            },
            "transform": {
                "pitch": -0.7519491314888,
                "roll": 0.015001507475972176,
                "x": -88.04499053955078,
                "y": 117.45516967773438,
                "yaw": 89.8405990600586,
                "z": 0.13964729011058807
            },
            "type": "vehicle.lincoln.mkz2017",
            "velocity": 5.264295795018378,
            "velocity_vec": {
                "vx": 0.0145993921905756,
                "vy": 5.264275550842285,
                "vz": -0.059693243354558945
            }
        },
        "173": {
            "bounding_box": {
                "extent_x": 2.073613166809082,
                "extent_y": 1.0016015768051147,
                "extent_z": 0.691210925579071,
                "loc_x": 0.0,
                "loc_y": 0.0,
                "loc_z": 0.7043752670288086
            },
            "transform": {
                "pitch": 0.006085698027163744,
                "roll": -0.1438293308019638,
                "x": -73.776123046875,
                "y": 132.14317321777344,
                "yaw": 178.6884002685547,
                "z": 0.02244396135210991
            },
            "type": "vehicle.audi.tt",
            "velocity": 4.8479991947005106,
            "velocity_vec": {
                "vx": -4.846704483032227,
                "vy": 0.11203502118587494,
                "vz": 0.0002915849909186363
            }
        },
        "180": {
            "bounding_box": {
                "extent_x": 2.5996146202087402,
                "extent_y": 1.3075095415115356,
                "extent_z": 1.2384252548217773,
                "loc_x": 0.0,
                "loc_y": 0.0,
                "loc_z": 1.2300000190734863
            },
            "transform": {
                "pitch": -0.13821570575237274,
                "roll": -0.01974487118422985,
                "x": -84.52183532714844,
                "y": 126.66061401367188,
                "yaw": 90.23316192626953,
                "z": 0.04392380267381668
            },
            "type": "vehicle.carlamotors.carlacola",
            "velocity": 0.0,
            "velocity_vec": {
                "vx": 0.0,
                "vy": 0.0,
                "vz": 0.0
            }
        }
    },
    "reverse": false,
    "right_distance": 1.7506125662093144,
    "steer": 5.3867737733526155e-05,
    "steer_noise": 0.0,
    "target_road_option": "RoadOption.STRAIGHT",
    "target_waypoint": {
        "pitch": -0.39509209990501404,
        "roll": 0.0,
        "x": -88.02693939208984,
        "y": 123.95528411865234,
        "yaw": 89.84373474121094,
        "z": 0.0403609573841095
    },
    "throttle": 0.75,
    "throttle_noise": 0.0
}