{
    "blocking_state": "AgentState.NAVIGATING",
    "brake": 0.0,
    "brake_noise": 0.0,
    "current_waypoint": {
        "pitch": -0.6671507358551025,
        "roll": 0.0,
        "x": -88.04891967773438,
        "y": 115.89420318603516,
        "yaw": 89.84373474121094,
        "z": 0.11508341878652573
    },
    "ego_planned_trajectory": [],
    "ego_vehicle_can_speed": 5.218248058579767,
    "ego_vehicle_can_timestamp": "764",
    "ego_vehicle_id": 171,
    "ego_vehicle_transform": {
        "pitch": -0.8204969167709351,
        "roll": 0.019948089495301247,
        "x": -88.04855346679688,
        "y": 116.15535736083984,
        "yaw": 89.84190368652344,
        "z": 0.1552191525697708
    },
    "ego_velocity": {
        "vx": 0.015211472287774086,
        "vy": 5.217885494232178,
        "vz": -0.05960185453295708
    },
    "hand_brake": false,
    "left_distance": 1.7503767487265636,
    "next_target_location": null,
    "other_actors": {
        "171": {
            "bounding_box": {
                "extent_x": 2.452350616455078,
                "extent_y": 1.0303291082382202,
                "extent_z": 0.7391985058784485,
                "loc_x": 0.060644909739494324,
                "loc_y": 0.0,
                "loc_z": 0.7473415732383728
            },
            "transform": {
                "pitch": -0.8204969167709351,
                "roll": 0.019948089495301247,
                "x": -88.04855346679688,
                "y": 116.15535736083984,
                "yaw": 89.84190368652344,
                "z": 0.1552191525697708
            },
            "type": "vehicle.lincoln.mkz2017",
            "velocity": 5.217907666853423,
            "velocity_vec": {
                "vx": 0.015211472287774086,
                "vy": 5.217885494232178,
                "vz": -0.05960185453295708
            }
        },
        "173": {
            "bounding_box": {
                "extent_x": 2.073613166809082,
                "extent_y": 1.0016015768051147,
                "extent_z": 0.691210925579071,
                "loc_x": 0.0,
                "loc_y": 0.0,
                "loc_z": 0.7043752670288086
            },
            "transform": {
                "pitch": -0.02053837850689888,
                "roll": -0.144256591796875,
                "x": -72.63617706298828,
                "y": 132.11680603027344,
                "yaw": 178.68878173828125,
                "z": 0.022740324959158897
            },
            "type": "vehicle.audi.tt",
            "velocity": 4.514559247899014,
            "velocity_vec": {
                "vx": -4.513354778289795,
                "vy": 0.10427774488925934,
                "vz": -0.0007454964215867221
            }
        },
        "180": {
            "bounding_box": {
                "extent_x": 2.5996146202087402,
                "extent_y": 1.3075095415115356,
                "extent_z": 1.2384252548217773,
                "loc_x": 0.0,
                "loc_y": 0.0,
                "loc_z": 1.2300000190734863
            },
            "transform": {
                "pitch": -0.13821570575237274,
                "roll": -0.01974487118422985,
                "x": -84.52183532714844,
                "y": 126.66061401367188,
                "yaw": 90.23316192626953,
                "z": 0.04392380267381668
            },
            "type": "vehicle.carlamotors.carlacola",
            "velocity": 0.0,
            "velocity_vec": {
                "vx": 0.0,
                "vy": 0.0,
                "vz": 0.0
            }
        }
    },
    "reverse": false,
    "right_distance": 1.7506628192272047,
    "steer": 1.7112963178078644e-05,
    "steer_noise": 0.0,
    "target_road_option": "RoadOption.STRAIGHT",
    "target_waypoint": {
        "pitch": -0.39509209990501404,
        "roll": 0.0,
        "x": -88.02693939208984,
        "y": 123.95528411865234,
        "yaw": 89.84373474121094,
        "z": 0.0403609573841095
    },
    "throttle": 0.7446864247322083,
    "throttle_noise": 0.0
}