{
    "blocking_state": "AgentState.NAVIGATING",
    "brake": 0.30000001192092896,
    "brake_noise": 0.0,
    "current_waypoint": {
        "pitch": -0.5585693120956421,
        "roll": 0.0,
        "x": -88.04014587402344,
        "y": 119.1113510131836,
        "yaw": 89.84373474121094,
        "z": 0.0806712657213211
    },
    "ego_planned_trajectory": [],
    "ego_vehicle_can_speed": 5.642632692573259,
    "ego_vehicle_can_timestamp": "776",
    "ego_vehicle_id": 171,
    "ego_vehicle_transform": {
        "pitch": -0.46640628576278687,
        "roll": -0.002014145255088806,
        "x": -88.03961944580078,
        "y": 119.39439392089844,
        "yaw": 89.84065246582031,
        "z": 0.11505790799856186
    },
    "ego_velocity": {
        "vx": 0.015724604949355125,
        "vy": 5.642332077026367,
        "vz": -0.05608183890581131
    },
    "hand_brake": false,
    "left_distance": 1.7502768558210644,
    "next_target_location": null,
    "other_actors": {
        "171": {
            "bounding_box": {
                "extent_x": 2.452350616455078,
                "extent_y": 1.0303291082382202,
                "extent_z": 0.7391985058784485,
                "loc_x": 0.060644909739494324,
                "loc_y": 0.0,
                "loc_z": 0.7473415732383728
            },
            "transform": {
                "pitch": -0.46640628576278687,
                "roll": -0.002014145255088806,
                "x": -88.03961944580078,
                "y": 119.39439392089844,
                "yaw": 89.84065246582031,
                "z": 0.11505790799856186
            },
            "type": "vehicle.lincoln.mkz2017",
            "velocity": 5.642353988420213,
            "velocity_vec": {
                "vx": 0.015724604949355125,
                "vy": 5.642332077026367,
                "vz": -0.05608183890581131
            }
        },
        "173": {
            "bounding_box": {
                "extent_x": 2.073613166809082,
                "extent_y": 1.0016015768051147,
                "extent_z": 0.691210925579071,
                "loc_x": 0.0,
                "loc_y": 0.0,
                "loc_z": 0.7043752670288086
            },
            "transform": {
                "pitch": 0.06482531875371933,
                "roll": -0.14367671310901642,
                "x": -75.81546020507812,
                "y": 132.1902618408203,
                "yaw": 178.68634033203125,
                "z": 0.02302371896803379
            },
            "type": "vehicle.audi.tt",
            "velocity": 6.693412905930549,
            "velocity_vec": {
                "vx": -6.691627025604248,
                "vy": 0.15460944175720215,
                "vz": 0.00010057679901365191
            }
        },
        "180": {
            "bounding_box": {
                "extent_x": 2.5996146202087402,
                "extent_y": 1.3075095415115356,
                "extent_z": 1.2384252548217773,
                "loc_x": 0.0,
                "loc_y": 0.0,
                "loc_z": 1.2300000190734863
            },
            "transform": {
                "pitch": -0.13821570575237274,
                "roll": -0.01974487118422985,
                "x": -84.52183532714844,
                "y": 126.66061401367188,
                "yaw": 90.23316192626953,
                "z": 0.04392380267381668
            },
            "type": "vehicle.carlamotors.carlacola",
            "velocity": 0.0,
            "velocity_vec": {
                "vx": 0.0,
                "vy": 0.0,
                "vz": 0.0
            }
        }
    },
    "reverse": false,
    "right_distance": 1.7504904041155387,
    "steer": 3.404573362786323e-05,
    "steer_noise": 0.0,
    "target_road_option": "RoadOption.STRAIGHT",
    "target_waypoint": {
        "pitch": -0.39509209990501404,
        "roll": 0.0,
        "x": -88.02693939208984,
        "y": 123.95528411865234,
        "yaw": 89.84373474121094,
        "z": 0.0403609573841095
    },
    "throttle": 0.0,
    "throttle_noise": 0.0
}