{
    "blocking_state": "AgentState.NAVIGATING",
    "brake": 0.0,
    "brake_noise": 0.0,
    "current_waypoint": {
        "pitch": -0.6054788827896118,
        "roll": 0.0,
        "x": -88.04393768310547,
        "y": 117.72147369384766,
        "yaw": 89.84373474121094,
        "z": 0.09479004889726639
    },
    "ego_planned_trajectory": [],
    "ego_vehicle_can_speed": 5.409540471203645,
    "ego_vehicle_can_timestamp": "771",
    "ego_vehicle_id": 171,
    "ego_vehicle_transform": {
        "pitch": -0.6447493433952332,
        "roll": 0.0086377477273345,
        "x": -88.04354095458984,
        "y": 117.99134826660156,
        "yaw": 89.8407974243164,
        "z": 0.13241542875766754
    },
    "ego_velocity": {
        "vx": 0.015453706495463848,
        "vy": 5.409173965454102,
        "vz": -0.06104345992207527
    },
    "hand_brake": false,
    "left_distance": 1.750376842775294,
    "next_target_location": null,
    "other_actors": {
        "171": {
            "bounding_box": {
                "extent_x": 2.452350616455078,
                "extent_y": 1.0303291082382202,
                "extent_z": 0.7391985058784485,
                "loc_x": 0.060644909739494324,
                "loc_y": 0.0,
                "loc_z": 0.7473415732383728
            },
            "transform": {
                "pitch": -0.6447493433952332,
                "roll": 0.0086377477273345,
                "x": -88.04354095458984,
                "y": 117.99134826660156,
                "yaw": 89.8407974243164,
                "z": 0.13241542875766754
            },
            "type": "vehicle.lincoln.mkz2017",
            "velocity": 5.40919604059521,
            "velocity_vec": {
                "vx": 0.015453706495463848,
                "vy": 5.409173965454102,
                "vz": -0.06104345992207527
            }
        },
        "173": {
            "bounding_box": {
                "extent_x": 2.073613166809082,
                "extent_y": 1.0016015768051147,
                "extent_z": 0.691210925579071,
                "loc_x": 0.0,
                "loc_y": 0.0,
                "loc_z": 0.7043752670288086
            },
            "transform": {
                "pitch": 0.02801743522286415,
                "roll": -0.14376825094223022,
                "x": -74.29283905029297,
                "y": 132.15509033203125,
                "yaw": 178.68788146972656,
                "z": 0.023001249879598618
            },
            "type": "vehicle.audi.tt",
            "velocity": 5.392010413638618,
            "velocity_vec": {
                "vx": -5.390573024749756,
                "vy": 0.1244940385222435,
                "vz": 0.007424089591950178
            }
        },
        "180": {
            "bounding_box": {
                "extent_x": 2.5996146202087402,
                "extent_y": 1.3075095415115356,
                "extent_z": 1.2384252548217773,
                "loc_x": 0.0,
                "loc_y": 0.0,
                "loc_z": 1.2300000190734863
            },
            "transform": {
                "pitch": -0.13821570575237274,
                "roll": -0.01974487118422985,
                "x": -84.52183532714844,
                "y": 126.66061401367188,
                "yaw": 90.23316192626953,
                "z": 0.04392380267381668
            },
            "type": "vehicle.carlamotors.carlacola",
            "velocity": 0.0,
            "velocity_vec": {
                "vx": 0.0,
                "vy": 0.0,
                "vz": 0.0
            }
        }
    },
    "reverse": false,
    "right_distance": 1.7505307643900752,
    "steer": 4.434319998836145e-05,
    "steer_noise": 0.0,
    "target_road_option": "RoadOption.STRAIGHT",
    "target_waypoint": {
        "pitch": -0.39509209990501404,
        "roll": 0.0,
        "x": -88.02693939208984,
        "y": 123.95528411865234,
        "yaw": 89.84373474121094,
        "z": 0.0403609573841095
    },
    "throttle": 0.75,
    "throttle_noise": 0.0
}