{
    "blocking_state": "AgentState.NAVIGATING",
    "brake": 0.0,
    "brake_noise": 0.0,
    "current_waypoint": {
        "pitch": -0.5963703989982605,
        "roll": 0.0,
        "x": -88.04319763183594,
        "y": 117.99134826660156,
        "yaw": 89.84373474121094,
        "z": 0.09195957332849503
    },
    "ego_planned_trajectory": [],
    "ego_vehicle_can_speed": 5.50780566870289,
    "ego_vehicle_can_timestamp": "772",
    "ego_vehicle_id": 171,
    "ego_vehicle_transform": {
        "pitch": -0.5873347520828247,
        "roll": 0.005131075624376535,
        "x": -88.04277801513672,
        "y": 118.26564025878906,
        "yaw": 89.8405990600586,
        "z": 0.12869136035442352
    },
    "ego_velocity": {
        "vx": 0.016265634447336197,
        "vy": 5.5074310302734375,
        "vz": -0.06214627996087074
    },
    "hand_brake": false,
    "left_distance": 1.7503659664768882,
    "next_target_location": null,
    "other_actors": {
        "171": {
            "bounding_box": {
                "extent_x": 2.452350616455078,
                "extent_y": 1.0303291082382202,
                "extent_z": 0.7391985058784485,
                "loc_x": 0.060644909739494324,
                "loc_y": 0.0,
                "loc_z": 0.7473415732383728
            },
            "transform": {
                "pitch": -0.5873347520828247,
                "roll": 0.005131075624376535,
                "x": -88.04277801513672,
                "y": 118.26564025878906,
                "yaw": 89.8405990600586,
                "z": 0.12869136035442352
            },
            "type": "vehicle.lincoln.mkz2017",
            "velocity": 5.5074550496652,
            "velocity_vec": {
                "vx": 0.016265634447336197,
                "vy": 5.5074310302734375,
                "vz": -0.06214627996087074
            }
        },
        "173": {
            "bounding_box": {
                "extent_x": 2.073613166809082,
                "extent_y": 1.0016015768051147,
                "extent_z": 0.691210925579071,
                "loc_x": 0.0,
                "loc_y": 0.0,
                "loc_z": 0.7043752670288086
            },
            "transform": {
                "pitch": 0.03824905678629875,
                "roll": -0.14376826584339142,
                "x": -74.5712890625,
                "y": 132.16151428222656,
                "yaw": 178.68759155273438,
                "z": 0.02313178963959217
            },
            "type": "vehicle.audi.tt",
            "velocity": 5.6574646515357765,
            "velocity_vec": {
                "vx": -5.655956745147705,
                "vy": 0.1306123286485672,
                "vz": 0.003280035452917218
            }
        },
        "180": {
            "bounding_box": {
                "extent_x": 2.5996146202087402,
                "extent_y": 1.3075095415115356,
                "extent_z": 1.2384252548217773,
                "loc_x": 0.0,
                "loc_y": 0.0,
                "loc_z": 1.2300000190734863
            },
            "transform": {
                "pitch": -0.13821570575237274,
                "roll": -0.01974487118422985,
                "x": -84.52183532714844,
                "y": 126.66061401367188,
                "yaw": 90.23316192626953,
                "z": 0.04392380267381668
            },
            "type": "vehicle.carlamotors.carlacola",
            "velocity": 0.0,
            "velocity_vec": {
                "vx": 0.0,
                "vy": 0.0,
                "vz": 0.0
            }
        }
    },
    "reverse": false,
    "right_distance": 1.7505110691747696,
    "steer": -9.327114094048738e-05,
    "steer_noise": 0.0,
    "target_road_option": "RoadOption.STRAIGHT",
    "target_waypoint": {
        "pitch": -0.39509209990501404,
        "roll": 0.0,
        "x": -88.02693939208984,
        "y": 123.95528411865234,
        "yaw": 89.84373474121094,
        "z": 0.0403609573841095
    },
    "throttle": 0.75,
    "throttle_noise": 0.0
}