{
    "blocking_state": "AgentState.NAVIGATING",
    "brake": 0.30000001192092896,
    "brake_noise": 0.0,
    "current_waypoint": {
        "pitch": -0.539630651473999,
        "roll": 0.0,
        "x": -88.03861236572266,
        "y": 119.6724853515625,
        "yaw": 89.84373474121094,
        "z": 0.07529357820749283
    },
    "ego_planned_trajectory": [],
    "ego_vehicle_can_speed": 5.413283280273861,
    "ego_vehicle_can_timestamp": "778",
    "ego_vehicle_id": 171,
    "ego_vehicle_transform": {
        "pitch": -0.5589894652366638,
        "roll": -0.25885009765625,
        "x": -88.04844665527344,
        "y": 119.94422912597656,
        "yaw": 90.074462890625,
        "z": 0.11099997907876968
    },
    "ego_velocity": {
        "vx": -0.25774383544921875,
        "vy": 5.406976699829102,
        "vz": -0.04250829666852951
    },
    "hand_brake": false,
    "left_distance": 1.7526207395700986,
    "next_target_location": null,
    "other_actors": {
        "171": {
            "bounding_box": {
                "extent_x": 2.452350616455078,
                "extent_y": 1.0303291082382202,
                "extent_z": 0.7391985058784485,
                "loc_x": 0.060644909739494324,
                "loc_y": 0.0,
                "loc_z": 0.7473415732383728
            },
            "transform": {
                "pitch": -0.5589894652366638,
                "roll": -0.25885009765625,
                "x": -88.04844665527344,
                "y": 119.94422912597656,
                "yaw": 90.074462890625,
                "z": 0.11099997907876968
            },
            "type": "vehicle.lincoln.mkz2017",
            "velocity": 5.413116377578342,
            "velocity_vec": {
                "vx": -0.25774383544921875,
                "vy": 5.406976699829102,
                "vz": -0.04250829666852951
            }
        },
        "173": {
            "bounding_box": {
                "extent_x": 2.073613166809082,
                "extent_y": 1.0016015768051147,
                "extent_z": 0.691210925579071,
                "loc_x": 0.0,
                "loc_y": 0.0,
                "loc_z": 0.7043752670288086
            },
            "transform": {
                "pitch": 0.07116373628377914,
                "roll": -0.1436767429113388,
                "x": -76.51420593261719,
                "y": 132.20640563964844,
                "yaw": 178.6856689453125,
                "z": 0.022997131571173668
            },
            "type": "vehicle.audi.tt",
            "velocity": 7.198907473642853,
            "velocity_vec": {
                "vx": -7.196985244750977,
                "vy": 0.1663496345281601,
                "vz": 0.00048059082473628223
            }
        },
        "180": {
            "bounding_box": {
                "extent_x": 2.5996146202087402,
                "extent_y": 1.3075095415115356,
                "extent_z": 1.2384252548217773,
                "loc_x": 0.0,
                "loc_y": 0.0,
                "loc_z": 1.2300000190734863
            },
            "transform": {
                "pitch": -0.13821570575237274,
                "roll": -0.01974487118422985,
                "x": -84.52183532714844,
                "y": 126.66061401367188,
                "yaw": 90.23316192626953,
                "z": 0.04392380267381668
            },
            "type": "vehicle.carlamotors.carlacola",
            "velocity": 0.0,
            "velocity_vec": {
                "vx": 0.0,
                "vy": 0.0,
                "vz": 0.0
            }
        }
    },
    "reverse": false,
    "right_distance": 1.7468580015469775,
    "steer": 0.0999482274055481,
    "steer_noise": 0.0,
    "target_road_option": "RoadOption.LANEFOLLOW",
    "target_waypoint": {
        "pitch": 360.0,
        "roll": 0.0,
        "x": -88.64411163330078,
        "y": 144.5518035888672,
        "yaw": 89.78770446777344,
        "z": 0.0
    },
    "throttle": 0.0,
    "throttle_noise": 0.0
}