{
    "blocking_state": "AgentState.NAVIGATING",
    "brake": 0.30000001192092896,
    "brake_noise": 0.0,
    "current_waypoint": {
        "pitch": -0.5490166544914246,
        "roll": 0.0,
        "x": -88.03937530517578,
        "y": 119.3943862915039,
        "yaw": 89.84373474121094,
        "z": 0.077935591340065
    },
    "ego_planned_trajectory": [],
    "ego_vehicle_can_speed": 5.53075835616182,
    "ego_vehicle_can_timestamp": "777",
    "ego_vehicle_id": 171,
    "ego_vehicle_transform": {
        "pitch": -0.5026540756225586,
        "roll": -0.0019225854193791747,
        "x": -88.03882598876953,
        "y": 119.67247772216797,
        "yaw": 89.84073638916016,
        "z": 0.11276756227016449
    },
    "ego_velocity": {
        "vx": 0.015545619651675224,
        "vy": 5.530483245849609,
        "vz": -0.05292820930480957
    },
    "hand_brake": false,
    "left_distance": 1.742171037627068,
    "next_target_location": null,
    "other_actors": {
        "171": {
            "bounding_box": {
                "extent_x": 2.452350616455078,
                "extent_y": 1.0303291082382202,
                "extent_z": 0.7391985058784485,
                "loc_x": 0.060644909739494324,
                "loc_y": 0.0,
                "loc_z": 0.7473415732383728
            },
            "transform": {
                "pitch": -0.5026540756225586,
                "roll": -0.0019225854193791747,
                "x": -88.03882598876953,
                "y": 119.67247772216797,
                "yaw": 89.84073638916016,
                "z": 0.11276756227016449
            },
            "type": "vehicle.lincoln.mkz2017",
            "velocity": 5.5305050943755205,
            "velocity_vec": {
                "vx": 0.015545619651675224,
                "vy": 5.530483245849609,
                "vz": -0.05292820930480957
            }
        },
        "173": {
            "bounding_box": {
                "extent_x": 2.073613166809082,
                "extent_y": 1.0016015768051147,
                "extent_z": 0.691210925579071,
                "loc_x": 0.0,
                "loc_y": 0.0,
                "loc_z": 0.7043752670288086
            },
            "transform": {
                "pitch": 0.0684180036187172,
                "roll": -0.1436767578125,
                "x": -76.15852355957031,
                "y": 132.19818115234375,
                "yaw": 178.68603515625,
                "z": 0.023001402616500854
            },
            "type": "vehicle.audi.tt",
            "velocity": 6.94708187893978,
            "velocity_vec": {
                "vx": -6.94522762298584,
                "vy": 0.16049890220165253,
                "vz": 0.00026334187714383006
            }
        },
        "180": {
            "bounding_box": {
                "extent_x": 2.5996146202087402,
                "extent_y": 1.3075095415115356,
                "extent_z": 1.2384252548217773,
                "loc_x": 0.0,
                "loc_y": 0.0,
                "loc_z": 1.2300000190734863
            },
            "transform": {
                "pitch": -0.13821570575237274,
                "roll": -0.01974487118422985,
                "x": -84.52183532714844,
                "y": 126.66061401367188,
                "yaw": 90.23316192626953,
                "z": 0.04392380267381668
            },
            "type": "vehicle.carlamotors.carlacola",
            "velocity": 0.0,
            "velocity_vec": {
                "vx": 0.0,
                "vy": 0.0,
                "vz": 0.0
            }
        }
    },
    "reverse": false,
    "right_distance": 1.7573025520559764,
    "steer": -5.177369530429132e-05,
    "steer_noise": 0.0,
    "target_road_option": "RoadOption.LANEFOLLOW",
    "target_waypoint": {
        "pitch": 360.0,
        "roll": 0.0,
        "x": -88.64411163330078,
        "y": 144.5518035888672,
        "yaw": 89.78770446777344,
        "z": 0.0
    },
    "throttle": 0.0,
    "throttle_noise": 0.0
}