{
    "blocking_state": "AgentState.NAVIGATING",
    "brake": 0.0,
    "brake_noise": 0.0,
    "current_waypoint": {
        "pitch": -0.5304598212242126,
        "roll": 0.0,
        "x": -88.03787231445312,
        "y": 119.94420623779297,
        "yaw": 89.84373474121094,
        "z": 0.07275617122650146
    },
    "ego_planned_trajectory": [],
    "ego_vehicle_can_speed": 5.311248081354166,
    "ego_vehicle_can_timestamp": "779",
    "ego_vehicle_id": 171,
    "ego_vehicle_transform": {
        "pitch": -0.6034813523292542,
        "roll": -0.2883300483226776,
        "x": -88.05416107177734,
        "y": 120.21045684814453,
        "yaw": 90.33320617675781,
        "z": 0.10977763682603836
    },
    "ego_velocity": {
        "vx": -0.15043498575687408,
        "vy": 5.30902624130249,
        "vz": -0.031078383326530457
    },
    "hand_brake": false,
    "left_distance": 1.7591313876562327,
    "next_target_location": null,
    "other_actors": {
        "171": {
            "bounding_box": {
                "extent_x": 2.452350616455078,
                "extent_y": 1.0303291082382202,
                "extent_z": 0.7391985058784485,
                "loc_x": 0.060644909739494324,
                "loc_y": 0.0,
                "loc_z": 0.7473415732383728
            },
            "transform": {
                "pitch": -0.6034813523292542,
                "roll": -0.2883300483226776,
                "x": -88.05416107177734,
                "y": 120.21045684814453,
                "yaw": 90.33320617675781,
                "z": 0.10977763682603836
            },
            "type": "vehicle.lincoln.mkz2017",
            "velocity": 5.3111571541217,
            "velocity_vec": {
                "vx": -0.15043498575687408,
                "vy": 5.30902624130249,
                "vz": -0.031078383326530457
            }
        },
        "173": {
            "bounding_box": {
                "extent_x": 2.073613166809082,
                "extent_y": 1.0016015768051147,
                "extent_z": 0.691210925579071,
                "loc_x": 0.0,
                "loc_y": 0.0,
                "loc_z": 0.7043752670288086
            },
            "transform": {
                "pitch": 0.07321279495954514,
                "roll": -0.1436767429113388,
                "x": -76.88240814208984,
                "y": 132.2149200439453,
                "yaw": 178.68536376953125,
                "z": 0.023010291159152985
            },
            "type": "vehicle.audi.tt",
            "velocity": 7.448971249466617,
            "velocity_vec": {
                "vx": -7.446981430053711,
                "vy": 0.1721634566783905,
                "vz": 0.00070689816493541
            }
        },
        "180": {
            "bounding_box": {
                "extent_x": 2.5996146202087402,
                "extent_y": 1.3075095415115356,
                "extent_z": 1.2384252548217773,
                "loc_x": 0.0,
                "loc_y": 0.0,
                "loc_z": 1.2300000190734863
            },
            "transform": {
                "pitch": -0.13821570575237274,
                "roll": -0.01974487118422985,
                "x": -84.52183532714844,
                "y": 126.66061401367188,
                "yaw": 90.23316192626953,
                "z": 0.04392380267381668
            },
            "type": "vehicle.carlamotors.carlacola",
            "velocity": 0.0,
            "velocity_vec": {
                "vx": 0.0,
                "vy": 0.0,
                "vz": 0.0
            }
        }
    },
    "reverse": false,
    "right_distance": 1.74037094435766,
    "steer": 0.029442455619573593,
    "steer_noise": 0.0,
    "target_road_option": "RoadOption.LANEFOLLOW",
    "target_waypoint": {
        "pitch": 360.0,
        "roll": 0.0,
        "x": -88.64411163330078,
        "y": 144.5518035888672,
        "yaw": 89.78770446777344,
        "z": 0.0
    },
    "throttle": 0.09554057568311691,
    "throttle_noise": 0.0
}