{
    "blocking_state": "AgentState.NAVIGATING",
    "brake": 0.0,
    "brake_noise": 0.0,
    "current_waypoint": {
        "pitch": -0.5871126055717468,
        "roll": 0.0,
        "x": -88.04244995117188,
        "y": 118.2656478881836,
        "yaw": 89.84373474121094,
        "z": 0.08912665396928787
    },
    "ego_planned_trajectory": [],
    "ego_vehicle_can_speed": 5.587197545006144,
    "ego_vehicle_can_timestamp": "773",
    "ego_vehicle_id": 171,
    "ego_vehicle_transform": {
        "pitch": -0.5332943201065063,
        "roll": 0.0016358477296307683,
        "x": -88.04199981689453,
        "y": 118.54424285888672,
        "yaw": 89.8402099609375,
        "z": 0.12496078014373779
    },
    "ego_velocity": {
        "vx": 0.016511796042323112,
        "vy": 5.586820602416992,
        "vz": -0.06276403367519379
    },
    "hand_brake": false,
    "left_distance": 1.750340239293317,
    "next_target_location": null,
    "other_actors": {
        "171": {
            "bounding_box": {
                "extent_x": 2.452350616455078,
                "extent_y": 1.0303291082382202,
                "extent_z": 0.7391985058784485,
                "loc_x": 0.060644909739494324,
                "loc_y": 0.0,
                "loc_z": 0.7473415732383728
            },
            "transform": {
                "pitch": -0.5332943201065063,
                "roll": 0.0016358477296307683,
                "x": -88.04199981689453,
                "y": 118.54424285888672,
                "yaw": 89.8402099609375,
                "z": 0.12496078014373779
            },
            "type": "vehicle.lincoln.mkz2017",
            "velocity": 5.586845002593101,
            "velocity_vec": {
                "vx": 0.016511796042323112,
                "vy": 5.586820602416992,
                "vz": -0.06276403367519379
            }
        },
        "173": {
            "bounding_box": {
                "extent_x": 2.073613166809082,
                "extent_y": 1.0016015768051147,
                "extent_z": 0.691210925579071,
                "loc_x": 0.0,
                "loc_y": 0.0,
                "loc_z": 0.7043752670288086
            },
            "transform": {
                "pitch": 0.04702584818005562,
                "roll": -0.1437377780675888,
                "x": -74.86290740966797,
                "y": 132.16824340820312,
                "yaw": 178.687255859375,
                "z": 0.023143386468291283
            },
            "type": "vehicle.audi.tt",
            "velocity": 5.920051344212853,
            "velocity_vec": {
                "vx": -5.918473243713379,
                "vy": 0.13668350875377655,
                "vz": 0.0012431934010237455
            }
        },
        "180": {
            "bounding_box": {
                "extent_x": 2.5996146202087402,
                "extent_y": 1.3075095415115356,
                "extent_z": 1.2384252548217773,
                "loc_x": 0.0,
                "loc_y": 0.0,
                "loc_z": 1.2300000190734863
            },
            "transform": {
                "pitch": -0.13821570575237274,
                "roll": -0.01974487118422985,
                "x": -84.52183532714844,
                "y": 126.66061401367188,
                "yaw": 90.23316192626953,
                "z": 0.04392380267381668
            },
            "type": "vehicle.carlamotors.carlacola",
            "velocity": 0.0,
            "velocity_vec": {
                "vx": 0.0,
                "vy": 0.0,
                "vz": 0.0
            }
        }
    },
    "reverse": false,
    "right_distance": 1.7504922689860296,
    "steer": -3.068562364205718e-05,
    "steer_noise": 0.0,
    "target_road_option": "RoadOption.STRAIGHT",
    "target_waypoint": {
        "pitch": -0.39509209990501404,
        "roll": 0.0,
        "x": -88.02693939208984,
        "y": 123.95528411865234,
        "yaw": 89.84373474121094,
        "z": 0.0403609573841095
    },
    "throttle": 0.552339494228363,
    "throttle_noise": 0.0
}