{
    "blocking_state": "AgentState.NAVIGATING",
    "brake": 0.0,
    "brake_noise": 0.0,
    "current_waypoint": {
        "pitch": -0.6144668459892273,
        "roll": 0.0,
        "x": -88.04466247558594,
        "y": 117.45516967773438,
        "yaw": 89.84373474121094,
        "z": 0.09762512892484665
    },
    "ego_planned_trajectory": [],
    "ego_vehicle_can_speed": 5.342505148574229,
    "ego_vehicle_can_timestamp": "770",
    "ego_vehicle_id": 171,
    "ego_vehicle_transform": {
        "pitch": -0.6995205879211426,
        "roll": 0.012131559662520885,
        "x": -88.04427337646484,
        "y": 117.72147369384766,
        "yaw": 89.84069061279297,
        "z": 0.1360616683959961
    },
    "ego_velocity": {
        "vx": 0.015022258274257183,
        "vy": 5.342143535614014,
        "vz": -0.06031616032123566
    },
    "hand_brake": false,
    "left_distance": 1.7503811158592375,
    "next_target_location": null,
    "other_actors": {
        "171": {
            "bounding_box": {
                "extent_x": 2.452350616455078,
                "extent_y": 1.0303291082382202,
                "extent_z": 0.7391985058784485,
                "loc_x": 0.060644909739494324,
                "loc_y": 0.0,
                "loc_z": 0.7473415732383728
            },
            "transform": {
                "pitch": -0.6995205879211426,
                "roll": 0.012131559662520885,
                "x": -88.04427337646484,
                "y": 117.72147369384766,
                "yaw": 89.84069061279297,
                "z": 0.1360616683959961
            },
            "type": "vehicle.lincoln.mkz2017",
            "velocity": 5.342164657079212,
            "velocity_vec": {
                "vx": 0.015022258274257183,
                "vy": 5.342143535614014,
                "vz": -0.06031616032123566
            }
        },
        "173": {
            "bounding_box": {
                "extent_x": 2.073613166809082,
                "extent_y": 1.0016015768051147,
                "extent_z": 0.691210925579071,
                "loc_x": 0.0,
                "loc_y": 0.0,
                "loc_z": 0.7043752670288086
            },
            "transform": {
                "pitch": 0.016624679788947105,
                "roll": -0.1437988579273224,
                "x": -74.02770233154297,
                "y": 132.14898681640625,
                "yaw": 178.68814086914062,
                "z": 0.02261856012046337
            },
            "type": "vehicle.audi.tt",
            "velocity": 5.12330364415376,
            "velocity_vec": {
                "vx": -5.121936321258545,
                "vy": 0.11835772544145584,
                "vz": 0.015366662293672562
            }
        },
        "180": {
            "bounding_box": {
                "extent_x": 2.5996146202087402,
                "extent_y": 1.3075095415115356,
                "extent_z": 1.2384252548217773,
                "loc_x": 0.0,
                "loc_y": 0.0,
                "loc_z": 1.2300000190734863
            },
            "transform": {
                "pitch": -0.13821570575237274,
                "roll": -0.01974487118422985,
                "x": -84.52183532714844,
                "y": 126.66061401367188,
                "yaw": 90.23316192626953,
                "z": 0.04392380267381668
            },
            "type": "vehicle.carlamotors.carlacola",
            "velocity": 0.0,
            "velocity_vec": {
                "vx": 0.0,
                "vy": 0.0,
                "vz": 0.0
            }
        }
    },
    "reverse": false,
    "right_distance": 1.7505689861007276,
    "steer": 7.495489990105852e-05,
    "steer_noise": 0.0,
    "target_road_option": "RoadOption.STRAIGHT",
    "target_waypoint": {
        "pitch": -0.39509209990501404,
        "roll": 0.0,
        "x": -88.02693939208984,
        "y": 123.95528411865234,
        "yaw": 89.84373474121094,
        "z": 0.0403609573841095
    },
    "throttle": 0.75,
    "throttle_noise": 0.0
}