{
    "blocking_state": "AgentState.NAVIGATING",
    "brake": 0.09156613051891327,
    "brake_noise": 0.0,
    "current_waypoint": {
        "pitch": -0.568168044090271,
        "roll": 0.0,
        "x": -88.04092407226562,
        "y": 118.82695770263672,
        "yaw": 89.84373474121094,
        "z": 0.08346767723560333
    },
    "ego_planned_trajectory": [],
    "ego_vehicle_can_speed": 5.67959868463258,
    "ego_vehicle_can_timestamp": "775",
    "ego_vehicle_id": 171,
    "ego_vehicle_transform": {
        "pitch": -0.4635922312736511,
        "roll": -0.0015563735505566,
        "x": -88.0404052734375,
        "y": 119.1113510131836,
        "yaw": 89.84038543701172,
        "z": 0.11790759861469269
    },
    "ego_velocity": {
        "vx": 0.015919867902994156,
        "vy": 5.679247856140137,
        "vz": -0.06108653545379639
    },
    "hand_brake": false,
    "left_distance": 1.7502858772425318,
    "next_target_location": null,
    "other_actors": {
        "171": {
            "bounding_box": {
                "extent_x": 2.452350616455078,
                "extent_y": 1.0303291082382202,
                "extent_z": 0.7391985058784485,
                "loc_x": 0.060644909739494324,
                "loc_y": 0.0,
                "loc_z": 0.7473415732383728
            },
            "transform": {
                "pitch": -0.4635922312736511,
                "roll": -0.0015563735505566,
                "x": -88.0404052734375,
                "y": 119.1113510131836,
                "yaw": 89.84038543701172,
                "z": 0.11790759861469269
            },
            "type": "vehicle.lincoln.mkz2017",
            "velocity": 5.67927016910328,
            "velocity_vec": {
                "vx": 0.015919867902994156,
                "vy": 5.679247856140137,
                "vz": -0.06108653545379639
            }
        },
        "173": {
            "bounding_box": {
                "extent_x": 2.073613166809082,
                "extent_y": 1.0016015768051147,
                "extent_z": 0.691210925579071,
                "loc_x": 0.0,
                "loc_y": 0.0,
                "loc_z": 0.7043752670288086
            },
            "transform": {
                "pitch": 0.06017396226525307,
                "roll": -0.143707275390625,
                "x": -75.48509216308594,
                "y": 132.1826171875,
                "yaw": 178.68666076660156,
                "z": 0.023061713203787804
            },
            "type": "vehicle.audi.tt",
            "velocity": 6.437789422651284,
            "velocity_vec": {
                "vx": -6.43607234954834,
                "vy": 0.148678719997406,
                "vz": 7.50797989894636e-05
            }
        },
        "180": {
            "bounding_box": {
                "extent_x": 2.5996146202087402,
                "extent_y": 1.3075095415115356,
                "extent_z": 1.2384252548217773,
                "loc_x": 0.0,
                "loc_y": 0.0,
                "loc_z": 1.2300000190734863
            },
            "transform": {
                "pitch": -0.13821570575237274,
                "roll": -0.01974487118422985,
                "x": -84.52183532714844,
                "y": 126.66061401367188,
                "yaw": 90.23316192626953,
                "z": 0.04392380267381668
            },
            "type": "vehicle.carlamotors.carlacola",
            "velocity": 0.0,
            "velocity_vec": {
                "vx": 0.0,
                "vy": 0.0,
                "vz": 0.0
            }
        }
    },
    "reverse": false,
    "right_distance": 1.7504904651680784,
    "steer": 7.403372001135722e-05,
    "steer_noise": 0.0,
    "target_road_option": "RoadOption.STRAIGHT",
    "target_waypoint": {
        "pitch": -0.39509209990501404,
        "roll": 0.0,
        "x": -88.02693939208984,
        "y": 123.95528411865234,
        "yaw": 89.84373474121094,
        "z": 0.0403609573841095
    },
    "throttle": 0.0,
    "throttle_noise": 0.0
}