{
    "blocking_state": "AgentState.NAVIGATING",
    "brake": 0.0,
    "brake_noise": 0.0,
    "current_waypoint": {
        "pitch": -0.5777096152305603,
        "roll": 0.0,
        "x": -88.04169464111328,
        "y": 118.54425048828125,
        "yaw": 89.84373474121094,
        "z": 0.08629465848207474
    },
    "ego_planned_trajectory": [],
    "ego_vehicle_can_speed": 5.6704968148731565,
    "ego_vehicle_can_timestamp": "774",
    "ego_vehicle_id": 171,
    "ego_vehicle_transform": {
        "pitch": -0.4876413345336914,
        "roll": -0.00039675229345448315,
        "x": -88.04119873046875,
        "y": 118.82695770263672,
        "yaw": 89.84019470214844,
        "z": 0.12130134552717209
    },
    "ego_velocity": {
        "vx": 0.016227079555392265,
        "vy": 5.670120716094971,
        "vz": -0.06326036900281906
    },
    "hand_brake": false,
    "left_distance": 1.7502999889610773,
    "next_target_location": null,
    "other_actors": {
        "171": {
            "bounding_box": {
                "extent_x": 2.452350616455078,
                "extent_y": 1.0303291082382202,
                "extent_z": 0.7391985058784485,
                "loc_x": 0.060644909739494324,
                "loc_y": 0.0,
                "loc_z": 0.7473415732383728
            },
            "transform": {
                "pitch": -0.4876413345336914,
                "roll": -0.00039675229345448315,
                "x": -88.04119873046875,
                "y": 118.82695770263672,
                "yaw": 89.84019470214844,
                "z": 0.12130134552717209
            },
            "type": "vehicle.lincoln.mkz2017",
            "velocity": 5.6701439358450365,
            "velocity_vec": {
                "vx": 0.016227079555392265,
                "vy": 5.670120716094971,
                "vz": -0.06326036900281906
            }
        },
        "173": {
            "bounding_box": {
                "extent_x": 2.073613166809082,
                "extent_y": 1.0016015768051147,
                "extent_z": 0.691210925579071,
                "loc_x": 0.0,
                "loc_y": 0.0,
                "loc_z": 0.7043752670288086
            },
            "transform": {
                "pitch": 0.05429317057132721,
                "roll": -0.1437072604894638,
                "x": -75.16754150390625,
                "y": 132.17529296875,
                "yaw": 178.6869659423828,
                "z": 0.023107489570975304
            },
            "type": "vehicle.audi.tt",
            "velocity": 6.180067415846747,
            "velocity_vec": {
                "vx": -6.178419589996338,
                "vy": 0.14270471036434174,
                "vz": 0.0003562524216249585
            }
        },
        "180": {
            "bounding_box": {
                "extent_x": 2.5996146202087402,
                "extent_y": 1.3075095415115356,
                "extent_z": 1.2384252548217773,
                "loc_x": 0.0,
                "loc_y": 0.0,
                "loc_z": 1.2300000190734863
            },
            "transform": {
                "pitch": -0.13821570575237274,
                "roll": -0.01974487118422985,
                "x": -84.52183532714844,
                "y": 126.66061401367188,
                "yaw": 90.23316192626953,
                "z": 0.04392380267381668
            },
            "type": "vehicle.carlamotors.carlacola",
            "velocity": 0.0,
            "velocity_vec": {
                "vx": 0.0,
                "vy": 0.0,
                "vz": 0.0
            }
        }
    },
    "reverse": false,
    "right_distance": 1.7504918031576104,
    "steer": 6.118323653936386e-05,
    "steer_noise": 0.0,
    "target_road_option": "RoadOption.STRAIGHT",
    "target_waypoint": {
        "pitch": -0.39509209990501404,
        "roll": 0.0,
        "x": -88.02693939208984,
        "y": 123.95528411865234,
        "yaw": 89.84373474121094,
        "z": 0.0403609573841095
    },
    "throttle": 0.19715289771556854,
    "throttle_noise": 0.0
}