{
    "blocking_state": "AgentState.NAVIGATING",
    "brake": 0.0,
    "brake_noise": 0.0,
    "current_waypoint": {
        "pitch": -0.4597145617008209,
        "roll": 0.0,
        "x": -88.03215789794922,
        "y": 122.04031372070312,
        "yaw": 89.84373474121094,
        "z": 0.054643843322992325
    },
    "ego_planned_trajectory": [],
    "ego_vehicle_can_speed": 5.360787769589392,
    "ego_vehicle_can_timestamp": "787",
    "ego_vehicle_id": 171,
    "ego_vehicle_transform": {
        "pitch": -0.20648343861103058,
        "roll": -0.05450439453125,
        "x": -88.07743072509766,
        "y": 122.30836486816406,
        "yaw": 90.72055053710938,
        "z": 0.09623817354440689
    },
    "ego_velocity": {
        "vx": -0.08522225171327591,
        "vy": 5.360064506530762,
        "vz": -0.02216222509741783
    },
    "hand_brake": false,
    "left_distance": 1.7873628063049132,
    "next_target_location": null,
    "other_actors": {
        "171": {
            "bounding_box": {
                "extent_x": 2.452350616455078,
                "extent_y": 1.0303291082382202,
                "extent_z": 0.7391985058784485,
                "loc_x": 0.060644909739494324,
                "loc_y": 0.0,
                "loc_z": 0.7473415732383728
            },
            "transform": {
                "pitch": -0.20648343861103058,
                "roll": -0.05450439453125,
                "x": -88.07743072509766,
                "y": 122.30836486816406,
                "yaw": 90.72055053710938,
                "z": 0.09623817354440689
            },
            "type": "vehicle.lincoln.mkz2017",
            "velocity": 5.360741958568603,
            "velocity_vec": {
                "vx": -0.08522225171327591,
                "vy": 5.360064506530762,
                "vz": -0.02216222509741783
            }
        },
        "173": {
            "bounding_box": {
                "extent_x": 2.073613166809082,
                "extent_y": 1.0016015768051147,
                "extent_z": 0.691210925579071,
                "loc_x": 0.0,
                "loc_y": 0.0,
                "loc_z": 0.7043752670288086
            },
            "transform": {
                "pitch": 0.0815797746181488,
                "roll": -0.11572263389825821,
                "x": -80.25788116455078,
                "y": 132.29310607910156,
                "yaw": 178.6824493408203,
                "z": 0.023825453594326973
            },
            "type": "vehicle.audi.tt",
            "velocity": 9.153444481208613,
            "velocity_vec": {
                "vx": -9.151030540466309,
                "vy": 0.21020446717739105,
                "vz": 0.007280509453266859
            }
        },
        "180": {
            "bounding_box": {
                "extent_x": 2.5996146202087402,
                "extent_y": 1.3075095415115356,
                "extent_z": 1.2384252548217773,
                "loc_x": 0.0,
                "loc_y": 0.0,
                "loc_z": 1.2300000190734863
            },
            "transform": {
                "pitch": -0.13821570575237274,
                "roll": -0.01974487118422985,
                "x": -84.52183532714844,
                "y": 126.66061401367188,
                "yaw": 90.23316192626953,
                "z": 0.04392380267381668
            },
            "type": "vehicle.carlamotors.carlacola",
            "velocity": 0.0,
            "velocity_vec": {
                "vx": 0.0,
                "vy": 0.0,
                "vz": 0.0
            }
        }
    },
    "reverse": false,
    "right_distance": 1.7121078073843883,
    "steer": 0.003605846082791686,
    "steer_noise": 0.0,
    "target_road_option": "RoadOption.LANEFOLLOW",
    "target_waypoint": {
        "pitch": 360.0,
        "roll": 0.0,
        "x": -88.64411163330078,
        "y": 144.5518035888672,
        "yaw": 89.78770446777344,
        "z": 0.0
    },
    "throttle": 0.75,
    "throttle_noise": 0.0
}