{
    "blocking_state": "AgentState.NAVIGATING",
    "brake": 0.0,
    "brake_noise": 0.0,
    "current_waypoint": {
        "pitch": -0.4506720304489136,
        "roll": 0.0,
        "x": -88.03142547607422,
        "y": 122.30823516845703,
        "yaw": 89.84373474121094,
        "z": 0.05251530930399895
    },
    "ego_planned_trajectory": [],
    "ego_vehicle_can_speed": 5.451555937221616,
    "ego_vehicle_can_timestamp": "788",
    "ego_vehicle_id": 171,
    "ego_vehicle_transform": {
        "pitch": -0.11383192986249924,
        "roll": -0.056488037109375,
        "x": -88.08189392089844,
        "y": 122.58032989501953,
        "yaw": 90.75691223144531,
        "z": 0.09411761909723282
    },
    "ego_velocity": {
        "vx": -0.09994710981845856,
        "vy": 5.450594902038574,
        "vz": -0.022089041769504547
    },
    "hand_brake": false,
    "left_distance": 1.7923329994526802,
    "next_target_location": null,
    "other_actors": {
        "171": {
            "bounding_box": {
                "extent_x": 2.452350616455078,
                "extent_y": 1.0303291082382202,
                "extent_z": 0.7391985058784485,
                "loc_x": 0.060644909739494324,
                "loc_y": 0.0,
                "loc_z": 0.7473415732383728
            },
            "transform": {
                "pitch": -0.11383192986249924,
                "roll": -0.056488037109375,
                "x": -88.08189392089844,
                "y": 122.58032989501953,
                "yaw": 90.75691223144531,
                "z": 0.09411761909723282
            },
            "type": "vehicle.lincoln.mkz2017",
            "velocity": 5.451511185982283,
            "velocity_vec": {
                "vx": -0.09994710981845856,
                "vy": 5.450594902038574,
                "vz": -0.022089041769504547
            }
        },
        "173": {
            "bounding_box": {
                "extent_x": 2.073613166809082,
                "extent_y": 1.0016015768051147,
                "extent_z": 0.691210925579071,
                "loc_x": 0.0,
                "loc_y": 0.0,
                "loc_z": 0.7043752670288086
            },
            "transform": {
                "pitch": 0.08458505570888519,
                "roll": -0.088165283203125,
                "x": -80.71521759033203,
                "y": 132.30372619628906,
                "yaw": 178.68218994140625,
                "z": 0.02422943152487278
            },
            "type": "vehicle.audi.tt",
            "velocity": 9.13828601441276,
            "velocity_vec": {
                "vx": -9.13590145111084,
                "vy": 0.20874854922294617,
                "vz": 0.009311878122389317
            }
        },
        "180": {
            "bounding_box": {
                "extent_x": 2.5996146202087402,
                "extent_y": 1.3075095415115356,
                "extent_z": 1.2384252548217773,
                "loc_x": 0.0,
                "loc_y": 0.0,
                "loc_z": 1.2300000190734863
            },
            "transform": {
                "pitch": -0.13821570575237274,
                "roll": -0.01974487118422985,
                "x": -84.52183532714844,
                "y": 126.66061401367188,
                "yaw": 90.23316192626953,
                "z": 0.04392380267381668
            },
            "type": "vehicle.carlamotors.carlacola",
            "velocity": 0.0,
            "velocity_vec": {
                "vx": 0.0,
                "vy": 0.0,
                "vz": 0.0
            }
        }
    },
    "reverse": false,
    "right_distance": 1.707097139060795,
    "steer": 0.007891328074038029,
    "steer_noise": 0.0,
    "target_road_option": "RoadOption.LANEFOLLOW",
    "target_waypoint": {
        "pitch": 360.0,
        "roll": 0.0,
        "x": -88.64411163330078,
        "y": 144.5518035888672,
        "yaw": 89.78770446777344,
        "z": 0.0
    },
    "throttle": 0.75,
    "throttle_noise": 0.0
}