{
    "blocking_state": "AgentState.NAVIGATING",
    "brake": 0.0,
    "brake_noise": 0.0,
    "current_waypoint": {
        "pitch": -0.46865302324295044,
        "roll": 0.0,
        "x": -88.03288269042969,
        "y": 121.77547454833984,
        "yaw": 89.84373474121094,
        "z": 0.056789446622133255
    },
    "ego_planned_trajectory": [],
    "ego_vehicle_can_speed": 5.302513102084124,
    "ego_vehicle_can_timestamp": "786",
    "ego_vehicle_id": 171,
    "ego_vehicle_transform": {
        "pitch": -0.29772794246673584,
        "roll": -0.07327268272638321,
        "x": -88.0737075805664,
        "y": 122.04042053222656,
        "yaw": 90.69034576416016,
        "z": 0.09835284948348999
    },
    "ego_velocity": {
        "vx": -0.08375328779220581,
        "vy": 5.301804065704346,
        "vz": -0.022455142810940742
    },
    "hand_brake": false,
    "left_distance": 1.7830998032809435,
    "next_target_location": null,
    "other_actors": {
        "171": {
            "bounding_box": {
                "extent_x": 2.452350616455078,
                "extent_y": 1.0303291082382202,
                "extent_z": 0.7391985058784485,
                "loc_x": 0.060644909739494324,
                "loc_y": 0.0,
                "loc_z": 0.7473415732383728
            },
            "transform": {
                "pitch": -0.29772794246673584,
                "roll": -0.07327268272638321,
                "x": -88.0737075805664,
                "y": 122.04042053222656,
                "yaw": 90.69034576416016,
                "z": 0.09835284948348999
            },
            "type": "vehicle.lincoln.mkz2017",
            "velocity": 5.302465555223828,
            "velocity_vec": {
                "vx": -0.08375328779220581,
                "vy": 5.301804065704346,
                "vz": -0.022455142810940742
            }
        },
        "173": {
            "bounding_box": {
                "extent_x": 2.073613166809082,
                "extent_y": 1.0016015768051147,
                "extent_z": 0.691210925579071,
                "loc_x": 0.0,
                "loc_y": 0.0,
                "loc_z": 0.7043752670288086
            },
            "transform": {
                "pitch": 0.07867694646120071,
                "roll": -0.1352233588695526,
                "x": -79.8011474609375,
                "y": 132.28245544433594,
                "yaw": 178.6828155517578,
                "z": 0.023526763543486595
            },
            "type": "vehicle.audi.tt",
            "velocity": 9.080349636511837,
            "velocity_vec": {
                "vx": -9.077929496765137,
                "vy": 0.2096319943666458,
                "vz": 0.004809779580682516
            }
        },
        "180": {
            "bounding_box": {
                "extent_x": 2.5996146202087402,
                "extent_y": 1.3075095415115356,
                "extent_z": 1.2384252548217773,
                "loc_x": 0.0,
                "loc_y": 0.0,
                "loc_z": 1.2300000190734863
            },
            "transform": {
                "pitch": -0.13821570575237274,
                "roll": -0.01974487118422985,
                "x": -84.52183532714844,
                "y": 126.66061401367188,
                "yaw": 90.23316192626953,
                "z": 0.04392380267381668
            },
            "type": "vehicle.carlamotors.carlacola",
            "velocity": 0.0,
            "velocity_vec": {
                "vx": 0.0,
                "vy": 0.0,
                "vz": 0.0
            }
        }
    },
    "reverse": false,
    "right_distance": 1.7163937051227502,
    "steer": 0.0026298847515136003,
    "steer_noise": 0.0,
    "target_road_option": "RoadOption.LANEFOLLOW",
    "target_waypoint": {
        "pitch": 360.0,
        "roll": 0.0,
        "x": -88.64411163330078,
        "y": 144.5518035888672,
        "yaw": 89.78770446777344,
        "z": 0.0
    },
    "throttle": 0.75,
    "throttle_noise": 0.0
}