{
    "blocking_state": "AgentState.NAVIGATING",
    "brake": 0.0,
    "brake_noise": 0.0,
    "current_waypoint": {
        "pitch": -0.4774944484233856,
        "roll": 0.0,
        "x": -88.0335922241211,
        "y": 121.51351165771484,
        "yaw": 89.84373474121094,
        "z": 0.058952394872903824
    },
    "ego_planned_trajectory": [],
    "ego_vehicle_can_speed": 5.234410514245664,
    "ego_vehicle_can_timestamp": "785",
    "ego_vehicle_id": 171,
    "ego_vehicle_transform": {
        "pitch": -0.3889724314212799,
        "roll": -0.1037597507238388,
        "x": -88.07023620605469,
        "y": 121.77556610107422,
        "yaw": 90.64338684082031,
        "z": 0.10050757974386215
    },
    "ego_velocity": {
        "vx": -0.09921155869960785,
        "vy": 5.233417987823486,
        "vz": -0.02338082529604435
    },
    "hand_brake": false,
    "left_distance": 1.7790997856672892,
    "next_target_location": null,
    "other_actors": {
        "171": {
            "bounding_box": {
                "extent_x": 2.452350616455078,
                "extent_y": 1.0303291082382202,
                "extent_z": 0.7391985058784485,
                "loc_x": 0.060644909739494324,
                "loc_y": 0.0,
                "loc_z": 0.7473415732383728
            },
            "transform": {
                "pitch": -0.3889724314212799,
                "roll": -0.1037597507238388,
                "x": -88.07023620605469,
                "y": 121.77556610107422,
                "yaw": 90.64338684082031,
                "z": 0.10050757974386215
            },
            "type": "vehicle.lincoln.mkz2017",
            "velocity": 5.234358295785075,
            "velocity_vec": {
                "vx": -0.09921155869960785,
                "vy": 5.233417987823486,
                "vz": -0.02338082529604435
            }
        },
        "173": {
            "bounding_box": {
                "extent_x": 2.073613166809082,
                "extent_y": 1.0016015768051147,
                "extent_z": 0.691210925579071,
                "loc_x": 0.0,
                "loc_y": 0.0,
                "loc_z": 0.7043752670288086
            },
            "transform": {
                "pitch": 0.07716064155101776,
                "roll": -0.143646240234375,
                "x": -79.34983825683594,
                "y": 132.27197265625,
                "yaw": 178.68319702148438,
                "z": 0.023355521261692047
            },
            "type": "vehicle.audi.tt",
            "velocity": 8.906324949742398,
            "velocity_vec": {
                "vx": -8.903939247131348,
                "vy": 0.2061310112476349,
                "vz": 0.0016578009817749262
            }
        },
        "180": {
            "bounding_box": {
                "extent_x": 2.5996146202087402,
                "extent_y": 1.3075095415115356,
                "extent_z": 1.2384252548217773,
                "loc_x": 0.0,
                "loc_y": 0.0,
                "loc_z": 1.2300000190734863
            },
            "transform": {
                "pitch": -0.13821570575237274,
                "roll": -0.01974487118422985,
                "x": -84.52183532714844,
                "y": 126.66061401367188,
                "yaw": 90.23316192626953,
                "z": 0.04392380267381668
            },
            "type": "vehicle.carlamotors.carlacola",
            "velocity": 0.0,
            "velocity_vec": {
                "vx": 0.0,
                "vy": 0.0,
                "vz": 0.0
            }
        }
    },
    "reverse": false,
    "right_distance": 1.7204312337247314,
    "steer": 0.009709898382425308,
    "steer_noise": 0.0,
    "target_road_option": "RoadOption.LANEFOLLOW",
    "target_waypoint": {
        "pitch": 360.0,
        "roll": 0.0,
        "x": -88.64411163330078,
        "y": 144.5518035888672,
        "yaw": 89.78770446777344,
        "z": 0.0
    },
    "throttle": 0.75,
    "throttle_noise": 0.0
}