{
    "blocking_state": "AgentState.NAVIGATING",
    "brake": 0.0,
    "brake_noise": 0.0,
    "current_waypoint": {
        "pitch": -0.5214752554893494,
        "roll": 0.0,
        "x": -88.03714752197266,
        "y": 120.21041107177734,
        "yaw": 89.84373474121094,
        "z": 0.07031244039535522
    },
    "ego_planned_trajectory": [],
    "ego_vehicle_can_speed": 5.258290139980879,
    "ego_vehicle_can_timestamp": "780",
    "ego_vehicle_id": 171,
    "ego_vehicle_transform": {
        "pitch": -0.6190746426582336,
        "roll": -0.157867431640625,
        "x": -88.05489349365234,
        "y": 120.4739990234375,
        "yaw": 90.43495178222656,
        "z": 0.10861781984567642
    },
    "ego_velocity": {
        "vx": -0.04506288468837738,
        "vy": 5.2580389976501465,
        "vz": -0.024706918746232986
    },
    "hand_brake": false,
    "left_distance": 1.760587552423343,
    "next_target_location": null,
    "other_actors": {
        "171": {
            "bounding_box": {
                "extent_x": 2.452350616455078,
                "extent_y": 1.0303291082382202,
                "extent_z": 0.7391985058784485,
                "loc_x": 0.060644909739494324,
                "loc_y": 0.0,
                "loc_z": 0.7473415732383728
            },
            "transform": {
                "pitch": -0.6190746426582336,
                "roll": -0.157867431640625,
                "x": -88.05489349365234,
                "y": 120.4739990234375,
                "yaw": 90.43495178222656,
                "z": 0.10861781984567642
            },
            "type": "vehicle.lincoln.mkz2017",
            "velocity": 5.258232094952276,
            "velocity_vec": {
                "vx": -0.04506288468837738,
                "vy": 5.2580389976501465,
                "vz": -0.024706918746232986
            }
        },
        "173": {
            "bounding_box": {
                "extent_x": 2.073613166809082,
                "extent_y": 1.0016015768051147,
                "extent_z": 0.691210925579071,
                "loc_x": 0.0,
                "loc_y": 0.0,
                "loc_z": 0.7043752670288086
            },
            "transform": {
                "pitch": 0.07470860332250595,
                "roll": -0.14367669820785522,
                "x": -77.26304626464844,
                "y": 132.22372436523438,
                "yaw": 178.6850128173828,
                "z": 0.023039283230900764
            },
            "type": "vehicle.audi.tt",
            "velocity": 7.697336643978659,
            "velocity_vec": {
                "vx": -7.695279598236084,
                "vy": 0.17794188857078552,
                "vz": 0.0009202185901813209
            }
        },
        "180": {
            "bounding_box": {
                "extent_x": 2.5996146202087402,
                "extent_y": 1.3075095415115356,
                "extent_z": 1.2384252548217773,
                "loc_x": 0.0,
                "loc_y": 0.0,
                "loc_z": 1.2300000190734863
            },
            "transform": {
                "pitch": -0.13821570575237274,
                "roll": -0.01974487118422985,
                "x": -84.52183532714844,
                "y": 126.66061401367188,
                "yaw": 90.23316192626953,
                "z": 0.04392380267381668
            },
            "type": "vehicle.carlamotors.carlacola",
            "velocity": 0.0,
            "velocity_vec": {
                "vx": 0.0,
                "vy": 0.0,
                "vz": 0.0
            }
        }
    },
    "reverse": false,
    "right_distance": 1.7389521936737757,
    "steer": -0.010665778070688248,
    "steer_noise": 0.0,
    "target_road_option": "RoadOption.LANEFOLLOW",
    "target_waypoint": {
        "pitch": 360.0,
        "roll": 0.0,
        "x": -88.64411163330078,
        "y": 144.5518035888672,
        "yaw": 89.78770446777344,
        "z": 0.0
    },
    "throttle": 0.5167441368103027,
    "throttle_noise": 0.0
}