{
    "blocking_state": "AgentState.NAVIGATING",
    "brake": 0.0,
    "brake_noise": 0.0,
    "current_waypoint": {
        "pitch": -0.4862769544124603,
        "roll": 0.0,
        "x": -88.0343017578125,
        "y": 121.2532958984375,
        "yaw": 89.84373474121094,
        "z": 0.061140935868024826
    },
    "ego_planned_trajectory": [],
    "ego_vehicle_can_speed": 5.204527608212554,
    "ego_vehicle_can_timestamp": "784",
    "ego_vehicle_id": 171,
    "ego_vehicle_transform": {
        "pitch": -0.4701560437679291,
        "roll": -0.11358640342950821,
        "x": -88.066162109375,
        "y": 121.51360321044922,
        "yaw": 90.56295776367188,
        "z": 0.10255202651023865
    },
    "ego_velocity": {
        "vx": -0.11673656105995178,
        "vy": 5.203171253204346,
        "vz": -0.02211582660675049
    },
    "hand_brake": false,
    "left_distance": 1.774460204277195,
    "next_target_location": null,
    "other_actors": {
        "171": {
            "bounding_box": {
                "extent_x": 2.452350616455078,
                "extent_y": 1.0303291082382202,
                "extent_z": 0.7391985058784485,
                "loc_x": 0.060644909739494324,
                "loc_y": 0.0,
                "loc_z": 0.7473415732383728
            },
            "transform": {
                "pitch": -0.4701560437679291,
                "roll": -0.11358640342950821,
                "x": -88.066162109375,
                "y": 121.51360321044922,
                "yaw": 90.56295776367188,
                "z": 0.10255202651023865
            },
            "type": "vehicle.lincoln.mkz2017",
            "velocity": 5.204480619126195,
            "velocity_vec": {
                "vx": -0.11673656105995178,
                "vy": 5.203171253204346,
                "vz": -0.02211582660675049
            }
        },
        "173": {
            "bounding_box": {
                "extent_x": 2.073613166809082,
                "extent_y": 1.0016015768051147,
                "extent_z": 0.691210925579071,
                "loc_x": 0.0,
                "loc_y": 0.0,
                "loc_z": 0.7043752670288086
            },
            "transform": {
                "pitch": 0.07716064155101776,
                "roll": -0.1436462253332138,
                "x": -78.90839385986328,
                "y": 132.26174926757812,
                "yaw": 178.68357849121094,
                "z": 0.02327449806034565
            },
            "type": "vehicle.audi.tt",
            "velocity": 8.674647648734465,
            "velocity_vec": {
                "vx": -8.672325134277344,
                "vy": 0.2007201910018921,
                "vz": 0.0015487187774851918
            }
        },
        "180": {
            "bounding_box": {
                "extent_x": 2.5996146202087402,
                "extent_y": 1.3075095415115356,
                "extent_z": 1.2384252548217773,
                "loc_x": 0.0,
                "loc_y": 0.0,
                "loc_z": 1.2300000190734863
            },
            "transform": {
                "pitch": -0.13821570575237274,
                "roll": -0.01974487118422985,
                "x": -84.52183532714844,
                "y": 126.66061401367188,
                "yaw": 90.23316192626953,
                "z": 0.04392380267381668
            },
            "type": "vehicle.carlamotors.carlacola",
            "velocity": 0.0,
            "velocity_vec": {
                "vx": 0.0,
                "vy": 0.0,
                "vz": 0.0
            }
        }
    },
    "reverse": false,
    "right_distance": 1.7251002321416715,
    "steer": 0.020327355712652206,
    "steer_noise": 0.0,
    "target_road_option": "RoadOption.LANEFOLLOW",
    "target_waypoint": {
        "pitch": 360.0,
        "roll": 0.0,
        "x": -88.64411163330078,
        "y": 144.5518035888672,
        "yaw": 89.78770446777344,
        "z": 0.0
    },
    "throttle": 0.75,
    "throttle_noise": 0.0
}