{
    "blocking_state": "AgentState.NAVIGATING",
    "brake": 0.0,
    "brake_noise": 0.0,
    "current_waypoint": {
        "pitch": -0.5125805139541626,
        "roll": 0.0,
        "x": -88.03643035888672,
        "y": 120.47395324707031,
        "yaw": 89.84373474121094,
        "z": 0.06793428212404251
    },
    "ego_planned_trajectory": [],
    "ego_vehicle_can_speed": 5.195056864274475,
    "ego_vehicle_can_timestamp": "781",
    "ego_vehicle_id": 171,
    "ego_vehicle_transform": {
        "pitch": -0.6143481731414795,
        "roll": -0.041473373770713806,
        "x": -88.05464935302734,
        "y": 120.73479461669922,
        "yaw": 90.42117309570312,
        "z": 0.10740894079208374
    },
    "ego_velocity": {
        "vx": -0.007519818376749754,
        "vy": 5.195002555847168,
        "vz": -0.022532645612955093
    },
    "hand_brake": false,
    "left_distance": 1.7610544851748495,
    "next_target_location": null,
    "other_actors": {
        "171": {
            "bounding_box": {
                "extent_x": 2.452350616455078,
                "extent_y": 1.0303291082382202,
                "extent_z": 0.7391985058784485,
                "loc_x": 0.060644909739494324,
                "loc_y": 0.0,
                "loc_z": 0.7473415732383728
            },
            "transform": {
                "pitch": -0.6143481731414795,
                "roll": -0.041473373770713806,
                "x": -88.05464935302734,
                "y": 120.73479461669922,
                "yaw": 90.42117309570312,
                "z": 0.10740894079208374
            },
            "type": "vehicle.lincoln.mkz2017",
            "velocity": 5.195007998350631,
            "velocity_vec": {
                "vx": -0.007519818376749754,
                "vy": 5.195002555847168,
                "vz": -0.022532645612955093
            }
        },
        "173": {
            "bounding_box": {
                "extent_x": 2.073613166809082,
                "extent_y": 1.0016015768051147,
                "extent_z": 0.691210925579071,
                "loc_x": 0.0,
                "loc_y": 0.0,
                "loc_z": 0.7043752670288086
            },
            "transform": {
                "pitch": 0.07575362175703049,
                "roll": -0.1436462104320526,
                "x": -77.65605163574219,
                "y": 132.2327880859375,
                "yaw": 178.68467712402344,
                "z": 0.023082084953784943
            },
            "type": "vehicle.audi.tt",
            "velocity": 7.944051352648441,
            "velocity_vec": {
                "vx": -7.941927433013916,
                "vy": 0.18368598818778992,
                "vz": 0.0011078513925895095
            }
        },
        "180": {
            "bounding_box": {
                "extent_x": 2.5996146202087402,
                "extent_y": 1.3075095415115356,
                "extent_z": 1.2384252548217773,
                "loc_x": 0.0,
                "loc_y": 0.0,
                "loc_z": 1.2300000190734863
            },
            "transform": {
                "pitch": -0.13821570575237274,
                "roll": -0.01974487118422985,
                "x": -84.52183532714844,
                "y": 126.66061401367188,
                "yaw": 90.23316192626953,
                "z": 0.04392380267381668
            },
            "type": "vehicle.carlamotors.carlacola",
            "velocity": 0.0,
            "velocity_vec": {
                "vx": 0.0,
                "vy": 0.0,
                "vz": 0.0
            }
        }
    },
    "reverse": false,
    "right_distance": 1.7385032073489726,
    "steer": -0.017475012689828873,
    "steer_noise": 0.0,
    "target_road_option": "RoadOption.LANEFOLLOW",
    "target_waypoint": {
        "pitch": 360.0,
        "roll": 0.0,
        "x": -88.64411163330078,
        "y": 144.5518035888672,
        "yaw": 89.78770446777344,
        "z": 0.0
    },
    "throttle": 0.75,
    "throttle_noise": 0.0
}