{
    "blocking_state": "AgentState.NAVIGATING",
    "brake": 0.0,
    "brake_noise": 0.0,
    "current_waypoint": {
        "pitch": -0.4950205087661743,
        "roll": 0.0,
        "x": -88.0350112915039,
        "y": 120.9942398071289,
        "yaw": 89.84373474121094,
        "z": 0.06335940957069397
    },
    "ego_planned_trajectory": [],
    "ego_vehicle_can_speed": 5.170382326526848,
    "ego_vehicle_can_timestamp": "783",
    "ego_vehicle_id": 171,
    "ego_vehicle_transform": {
        "pitch": -0.5381163954734802,
        "roll": -0.0789489597082138,
        "x": -88.06126403808594,
        "y": 121.25336456298828,
        "yaw": 90.46871948242188,
        "z": 0.10440295934677124
    },
    "ego_velocity": {
        "vx": -0.10105501115322113,
        "vy": 5.169348239898682,
        "vz": -0.02191031351685524
    },
    "hand_brake": false,
    "left_distance": 1.7689750826820683,
    "next_target_location": null,
    "other_actors": {
        "171": {
            "bounding_box": {
                "extent_x": 2.452350616455078,
                "extent_y": 1.0303291082382202,
                "extent_z": 0.7391985058784485,
                "loc_x": 0.060644909739494324,
                "loc_y": 0.0,
                "loc_z": 0.7473415732383728
            },
            "transform": {
                "pitch": -0.5381163954734802,
                "roll": -0.0789489597082138,
                "x": -88.06126403808594,
                "y": 121.25336456298828,
                "yaw": 90.46871948242188,
                "z": 0.10440295934677124
            },
            "type": "vehicle.lincoln.mkz2017",
            "velocity": 5.170335902107596,
            "velocity_vec": {
                "vx": -0.10105501115322113,
                "vy": 5.169348239898682,
                "vz": -0.02191031351685524
            }
        },
        "173": {
            "bounding_box": {
                "extent_x": 2.073613166809082,
                "extent_y": 1.0016015768051147,
                "extent_z": 0.691210925579071,
                "loc_x": 0.0,
                "loc_y": 0.0,
                "loc_z": 0.7043752670288086
            },
            "transform": {
                "pitch": 0.07691475749015808,
                "roll": -0.1436462104320526,
                "x": -78.47879028320312,
                "y": 132.25181579589844,
                "yaw": 178.6839599609375,
                "z": 0.02320144511759281
            },
            "type": "vehicle.audi.tt",
            "velocity": 8.432678467672487,
            "velocity_vec": {
                "vx": -8.430421829223633,
                "vy": 0.1950741410255432,
                "vz": 0.0014202229212969542
            }
        },
        "180": {
            "bounding_box": {
                "extent_x": 2.5996146202087402,
                "extent_y": 1.3075095415115356,
                "extent_z": 1.2384252548217773,
                "loc_x": 0.0,
                "loc_y": 0.0,
                "loc_z": 1.2300000190734863
            },
            "transform": {
                "pitch": -0.13821570575237274,
                "roll": -0.01974487118422985,
                "x": -84.52183532714844,
                "y": 126.66061401367188,
                "yaw": 90.23316192626953,
                "z": 0.04392380267381668
            },
            "type": "vehicle.carlamotors.carlacola",
            "velocity": 0.0,
            "velocity_vec": {
                "vx": 0.0,
                "vy": 0.0,
                "vz": 0.0
            }
        }
    },
    "reverse": false,
    "right_distance": 1.73060254958298,
    "steer": 0.02157481014728546,
    "steer_noise": 0.0,
    "target_road_option": "RoadOption.LANEFOLLOW",
    "target_waypoint": {
        "pitch": 360.0,
        "roll": 0.0,
        "x": -88.64411163330078,
        "y": 144.5518035888672,
        "yaw": 89.78770446777344,
        "z": 0.0
    },
    "throttle": 0.75,
    "throttle_noise": 0.0
}