{
    "blocking_state": "AgentState.NAVIGATING",
    "brake": 0.0,
    "brake_noise": 0.0,
    "current_waypoint": {
        "pitch": -0.39509209990501404,
        "roll": 0.0,
        "x": -88.04113006591797,
        "y": 124.70133209228516,
        "yaw": 93.13074493408203,
        "z": 0.03452223166823387
    },
    "ego_planned_trajectory": [],
    "ego_vehicle_can_speed": 5.395046035170643,
    "ego_vehicle_can_timestamp": "797",
    "ego_vehicle_id": 171,
    "ego_vehicle_transform": {
        "pitch": -0.13546313345432281,
        "roll": -0.0727844163775444,
        "x": -88.12944030761719,
        "y": 125.06949615478516,
        "yaw": 91.09210205078125,
        "z": 0.08900981396436691
    },
    "ego_velocity": {
        "vx": -0.11954522877931595,
        "vy": 5.39371395111084,
        "vz": -0.00897070113569498
    },
    "hand_brake": false,
    "left_distance": 1.8270354795085817,
    "next_target_location": null,
    "other_actors": {
        "171": {
            "bounding_box": {
                "extent_x": 2.452350616455078,
                "extent_y": 1.0303291082382202,
                "extent_z": 0.7391985058784485,
                "loc_x": 0.060644909739494324,
                "loc_y": 0.0,
                "loc_z": 0.7473415732383728
            },
            "transform": {
                "pitch": -0.13546313345432281,
                "roll": -0.0727844163775444,
                "x": -88.12944030761719,
                "y": 125.06949615478516,
                "yaw": 91.09210205078125,
                "z": 0.08900981396436691
            },
            "type": "vehicle.lincoln.mkz2017",
            "velocity": 5.395038577075386,
            "velocity_vec": {
                "vx": -0.11954522877931595,
                "vy": 5.39371395111084,
                "vz": -0.00897070113569498
            }
        },
        "173": {
            "bounding_box": {
                "extent_x": 2.073613166809082,
                "extent_y": 1.0016015768051147,
                "extent_z": 0.691210925579071,
                "loc_x": 0.0,
                "loc_y": 0.0,
                "loc_z": 0.7043752670288086
            },
            "transform": {
                "pitch": 0.6785041093826294,
                "roll": 1.330780267715454,
                "x": -83.37744140625,
                "y": 132.00160217285156,
                "yaw": 165.54522705078125,
                "z": 0.0031910324469208717
            },
            "type": "vehicle.audi.tt",
            "velocity": 0.8421506377864921,
            "velocity_vec": {
                "vx": -0.5996589660644531,
                "vy": -0.5912925004959106,
                "vz": 0.00017071737966034561
            }
        },
        "180": {
            "bounding_box": {
                "extent_x": 2.5996146202087402,
                "extent_y": 1.3075095415115356,
                "extent_z": 1.2384252548217773,
                "loc_x": 0.0,
                "loc_y": 0.0,
                "loc_z": 1.2300000190734863
            },
            "transform": {
                "pitch": -0.13821570575237274,
                "roll": -0.01974487118422985,
                "x": -84.52183532714844,
                "y": 126.66061401367188,
                "yaw": 90.23316192626953,
                "z": 0.04392380267381668
            },
            "type": "vehicle.carlamotors.carlacola",
            "velocity": 0.0,
            "velocity_vec": {
                "vx": 0.0,
                "vy": 0.0,
                "vz": 0.0
            }
        }
    },
    "reverse": false,
    "right_distance": 1.6736827875271283,
    "steer": 0.004224816802889109,
    "steer_noise": 0.0,
    "target_road_option": "RoadOption.LANEFOLLOW",
    "target_waypoint": {
        "pitch": 360.0,
        "roll": 0.0,
        "x": -88.64411163330078,
        "y": 144.5518035888672,
        "yaw": 89.78770446777344,
        "z": 0.0
    },
    "throttle": 0.5539847612380981,
    "throttle_noise": 0.0
}