{
    "blocking_state": "AgentState.NAVIGATING",
    "brake": 0.30000001192092896,
    "brake_noise": 0.0,
    "current_waypoint": {
        "pitch": -0.40357109904289246,
        "roll": 0.0,
        "x": -88.02761840820312,
        "y": 123.70378112792969,
        "yaw": 89.84373474121094,
        "z": 0.04211190715432167
    },
    "ego_planned_trajectory": [],
    "ego_vehicle_can_speed": 5.580367500036541,
    "ego_vehicle_can_timestamp": "793",
    "ego_vehicle_id": 171,
    "ego_vehicle_transform": {
        "pitch": 0.0667446032166481,
        "roll": -0.0757446214556694,
        "x": -88.1075668334961,
        "y": 123.98442840576172,
        "yaw": 90.96759796142578,
        "z": 0.0888502448797226
    },
    "ego_velocity": {
        "vx": -0.11147096753120422,
        "vy": 5.579245090484619,
        "vz": -0.009993956424295902
    },
    "hand_brake": false,
    "left_distance": 1.821000901846968,
    "next_target_location": null,
    "other_actors": {
        "171": {
            "bounding_box": {
                "extent_x": 2.452350616455078,
                "extent_y": 1.0303291082382202,
                "extent_z": 0.7391985058784485,
                "loc_x": 0.060644909739494324,
                "loc_y": 0.0,
                "loc_z": 0.7473415732383728
            },
            "transform": {
                "pitch": 0.0667446032166481,
                "roll": -0.0757446214556694,
                "x": -88.1075668334961,
                "y": 123.98442840576172,
                "yaw": 90.96759796142578,
                "z": 0.0888502448797226
            },
            "type": "vehicle.lincoln.mkz2017",
            "velocity": 5.58035855087279,
            "velocity_vec": {
                "vx": -0.11147096753120422,
                "vy": 5.579245090484619,
                "vz": -0.009993956424295902
            }
        },
        "173": {
            "bounding_box": {
                "extent_x": 2.073613166809082,
                "extent_y": 1.0016015768051147,
                "extent_z": 0.691210925579071,
                "loc_x": 0.0,
                "loc_y": 0.0,
                "loc_z": 0.7043752670288086
            },
            "transform": {
                "pitch": 0.06483215093612671,
                "roll": -0.12280271202325821,
                "x": -82.92218780517578,
                "y": 132.35452270507812,
                "yaw": 178.68553161621094,
                "z": 0.026287345215678215
            },
            "type": "vehicle.audi.tt",
            "velocity": 8.468184262215079,
            "velocity_vec": {
                "vx": -8.465902328491211,
                "vy": 0.19657686352729797,
                "vz": 0.004660001490265131
            }
        },
        "180": {
            "bounding_box": {
                "extent_x": 2.5996146202087402,
                "extent_y": 1.3075095415115356,
                "extent_z": 1.2384252548217773,
                "loc_x": 0.0,
                "loc_y": 0.0,
                "loc_z": 1.2300000190734863
            },
            "transform": {
                "pitch": -0.13821570575237274,
                "roll": -0.01974487118422985,
                "x": -84.52183532714844,
                "y": 126.66061401367188,
                "yaw": 90.23316192626953,
                "z": 0.04392380267381668
            },
            "type": "vehicle.carlamotors.carlacola",
            "velocity": 0.0,
            "velocity_vec": {
                "vx": 0.0,
                "vy": 0.0,
                "vz": 0.0
            }
        }
    },
    "reverse": false,
    "right_distance": 1.6784734990276962,
    "steer": 0.00488592404872179,
    "steer_noise": 0.0,
    "target_road_option": "RoadOption.LANEFOLLOW",
    "target_waypoint": {
        "pitch": 360.0,
        "roll": 0.0,
        "x": -88.64411163330078,
        "y": 144.5518035888672,
        "yaw": 89.78770446777344,
        "z": 0.0
    },
    "throttle": 0.0,
    "throttle_noise": 0.0
}