{
    "blocking_state": "AgentState.NAVIGATING",
    "brake": 0.0,
    "brake_noise": 0.0,
    "current_waypoint": {
        "pitch": -0.39509209990501404,
        "roll": 0.0,
        "x": -88.06544494628906,
        "y": 125.03924560546875,
        "yaw": 95.0999526977539,
        "z": 0.0317712239921093
    },
    "ego_planned_trajectory": [],
    "ego_vehicle_can_speed": 5.403859037977076,
    "ego_vehicle_can_timestamp": "798",
    "ego_vehicle_id": 171,
    "ego_vehicle_transform": {
        "pitch": -0.14484098553657532,
        "roll": -0.0598144568502903,
        "x": -88.1351089477539,
        "y": 125.33937072753906,
        "yaw": 91.11759185791016,
        "z": 0.08868442475795746
    },
    "ego_velocity": {
        "vx": -0.12287461757659912,
        "vy": 5.402454853057861,
        "vz": -0.008711564354598522
    },
    "hand_brake": false,
    "left_distance": 1.808205835051089,
    "next_target_location": null,
    "other_actors": {
        "171": {
            "bounding_box": {
                "extent_x": 2.452350616455078,
                "extent_y": 1.0303291082382202,
                "extent_z": 0.7391985058784485,
                "loc_x": 0.060644909739494324,
                "loc_y": 0.0,
                "loc_z": 0.7473415732383728
            },
            "transform": {
                "pitch": -0.14484098553657532,
                "roll": -0.0598144568502903,
                "x": -88.1351089477539,
                "y": 125.33937072753906,
                "yaw": 91.11759185791016,
                "z": 0.08868442475795746
            },
            "type": "vehicle.lincoln.mkz2017",
            "velocity": 5.403852016013488,
            "velocity_vec": {
                "vx": -0.12287461757659912,
                "vy": 5.402454853057861,
                "vz": -0.008711564354598522
            }
        },
        "173": {
            "bounding_box": {
                "extent_x": 2.073613166809082,
                "extent_y": 1.0016015768051147,
                "extent_z": 0.691210925579071,
                "loc_x": 0.0,
                "loc_y": 0.0,
                "loc_z": 0.7043752670288086
            },
            "transform": {
                "pitch": 0.6951902508735657,
                "roll": 1.2724169492721558,
                "x": -83.41940307617188,
                "y": 131.96884155273438,
                "yaw": 163.5328369140625,
                "z": 0.004094390664249659
            },
            "type": "vehicle.audi.tt",
            "velocity": 0.8288288458093782,
            "velocity_vec": {
                "vx": -0.8133767247200012,
                "vy": -0.15929707884788513,
                "vz": 0.029310280457139015
            }
        },
        "180": {
            "bounding_box": {
                "extent_x": 2.5996146202087402,
                "extent_y": 1.3075095415115356,
                "extent_z": 1.2384252548217773,
                "loc_x": 0.0,
                "loc_y": 0.0,
                "loc_z": 1.2300000190734863
            },
            "transform": {
                "pitch": -0.13821570575237274,
                "roll": -0.01974487118422985,
                "x": -84.52183532714844,
                "y": 126.66061401367188,
                "yaw": 90.23316192626953,
                "z": 0.04392380267381668
            },
            "type": "vehicle.carlamotors.carlacola",
            "velocity": 0.0,
            "velocity_vec": {
                "vx": 0.0,
                "vy": 0.0,
                "vz": 0.0
            }
        }
    },
    "reverse": false,
    "right_distance": 1.6876142256953146,
    "steer": 0.004054633900523186,
    "steer_noise": 0.0,
    "target_road_option": "RoadOption.LANEFOLLOW",
    "target_waypoint": {
        "pitch": 360.0,
        "roll": 0.0,
        "x": -88.64411163330078,
        "y": 144.5518035888672,
        "yaw": 89.78770446777344,
        "z": 0.0
    },
    "throttle": 0.5219036340713501,
    "throttle_noise": 0.0
}