{
    "blocking_state": "AgentState.NAVIGATING",
    "brake": 0.2220437377691269,
    "brake_noise": 0.0,
    "current_waypoint": {
        "pitch": -0.41316208243370056,
        "roll": 0.0,
        "x": -88.02839660644531,
        "y": 123.41960906982422,
        "yaw": 89.84373474121094,
        "z": 0.04413729906082153
    },
    "ego_planned_trajectory": [],
    "ego_vehicle_can_speed": 5.674606839374973,
    "ego_vehicle_can_timestamp": "792",
    "ego_vehicle_id": 171,
    "ego_vehicle_transform": {
        "pitch": 0.09490547329187393,
        "roll": -0.07379150390625,
        "x": -88.10233306884766,
        "y": 123.7039794921875,
        "yaw": 90.93560028076172,
        "z": 0.0890306830406189
    },
    "ego_velocity": {
        "vx": -0.11027319729328156,
        "vy": 5.673527717590332,
        "vz": -0.00926505122333765
    },
    "hand_brake": false,
    "left_distance": 1.814991631291697,
    "next_target_location": null,
    "other_actors": {
        "171": {
            "bounding_box": {
                "extent_x": 2.452350616455078,
                "extent_y": 1.0303291082382202,
                "extent_z": 0.7391985058784485,
                "loc_x": 0.060644909739494324,
                "loc_y": 0.0,
                "loc_z": 0.7473415732383728
            },
            "transform": {
                "pitch": 0.09490547329187393,
                "roll": -0.07379150390625,
                "x": -88.10233306884766,
                "y": 123.7039794921875,
                "yaw": 90.93560028076172,
                "z": 0.0890306830406189
            },
            "type": "vehicle.lincoln.mkz2017",
            "velocity": 5.674599275746883,
            "velocity_vec": {
                "vx": -0.11027319729328156,
                "vy": 5.673527717590332,
                "vz": -0.00926505122333765
            }
        },
        "173": {
            "bounding_box": {
                "extent_x": 2.073613166809082,
                "extent_y": 1.0016015768051147,
                "extent_z": 0.691210925579071,
                "loc_x": 0.0,
                "loc_y": 0.0,
                "loc_z": 0.7043752670288086
            },
            "transform": {
                "pitch": 0.07767973840236664,
                "roll": -0.12158203125,
                "x": -82.49605560302734,
                "y": 132.34461975097656,
                "yaw": 178.685302734375,
                "z": 0.02592136338353157
            },
            "type": "vehicle.audi.tt",
            "velocity": 8.641200869385283,
            "velocity_vec": {
                "vx": -8.6388521194458,
                "vy": 0.20146097242832184,
                "vz": 0.005937197245657444
            }
        },
        "180": {
            "bounding_box": {
                "extent_x": 2.5996146202087402,
                "extent_y": 1.3075095415115356,
                "extent_z": 1.2384252548217773,
                "loc_x": 0.0,
                "loc_y": 0.0,
                "loc_z": 1.2300000190734863
            },
            "transform": {
                "pitch": -0.13821570575237274,
                "roll": -0.01974487118422985,
                "x": -84.52183532714844,
                "y": 126.66061401367188,
                "yaw": 90.23316192626953,
                "z": 0.04392380267381668
            },
            "type": "vehicle.carlamotors.carlacola",
            "velocity": 0.0,
            "velocity_vec": {
                "vx": 0.0,
                "vy": 0.0,
                "vz": 0.0
            }
        }
    },
    "reverse": false,
    "right_distance": 1.6844358658671725,
    "steer": 0.004449232015758753,
    "steer_noise": 0.0,
    "target_road_option": "RoadOption.LANEFOLLOW",
    "target_waypoint": {
        "pitch": 360.0,
        "roll": 0.0,
        "x": -88.64411163330078,
        "y": 144.5518035888672,
        "yaw": 89.78770446777344,
        "z": 0.0
    },
    "throttle": 0.0,
    "throttle_noise": 0.0
}