{
    "blocking_state": "AgentState.NAVIGATING",
    "brake": 0.0,
    "brake_noise": 0.0,
    "current_waypoint": {
        "pitch": -0.39509209990501404,
        "roll": 0.0,
        "x": -88.08836364746094,
        "y": 125.26639556884766,
        "yaw": 96.42696380615234,
        "z": 0.029917370527982712
    },
    "ego_planned_trajectory": [],
    "ego_vehicle_can_speed": 5.389244980109437,
    "ego_vehicle_can_timestamp": "799",
    "ego_vehicle_id": 171,
    "ego_vehicle_transform": {
        "pitch": -0.14859075844287872,
        "roll": -0.0516357384622097,
        "x": -88.14095306396484,
        "y": 125.60897064208984,
        "yaw": 91.14240264892578,
        "z": 0.08822505921125412
    },
    "ego_velocity": {
        "vx": -0.12454119324684143,
        "vy": 5.387795448303223,
        "vz": -0.010542962700128555
    },
    "hand_brake": false,
    "left_distance": 1.7872442645514626,
    "next_target_location": null,
    "other_actors": {
        "171": {
            "bounding_box": {
                "extent_x": 2.452350616455078,
                "extent_y": 1.0303291082382202,
                "extent_z": 0.7391985058784485,
                "loc_x": 0.060644909739494324,
                "loc_y": 0.0,
                "loc_z": 0.7473415732383728
            },
            "transform": {
                "pitch": -0.14859075844287872,
                "roll": -0.0516357384622097,
                "x": -88.14095306396484,
                "y": 125.60897064208984,
                "yaw": 91.14240264892578,
                "z": 0.08822505921125412
            },
            "type": "vehicle.lincoln.mkz2017",
            "velocity": 5.389234667517482,
            "velocity_vec": {
                "vx": -0.12454119324684143,
                "vy": 5.387795448303223,
                "vz": -0.010542962700128555
            }
        },
        "173": {
            "bounding_box": {
                "extent_x": 2.073613166809082,
                "extent_y": 1.0016015768051147,
                "extent_z": 0.691210925579071,
                "loc_x": 0.0,
                "loc_y": 0.0,
                "loc_z": 0.7043752670288086
            },
            "transform": {
                "pitch": 0.6604928970336914,
                "roll": 1.1543068885803223,
                "x": -83.4634780883789,
                "y": 131.9665069580078,
                "yaw": 162.8002471923828,
                "z": 0.006307830568403006
            },
            "type": "vehicle.audi.tt",
            "velocity": 0.8501065886997495,
            "velocity_vec": {
                "vx": -0.825591504573822,
                "vy": 0.20268172025680542,
                "vz": 0.04149525240063667
            }
        },
        "180": {
            "bounding_box": {
                "extent_x": 2.5996146202087402,
                "extent_y": 1.3075095415115356,
                "extent_z": 1.2384252548217773,
                "loc_x": 0.0,
                "loc_y": 0.0,
                "loc_z": 1.2300000190734863
            },
            "transform": {
                "pitch": -0.13821570575237274,
                "roll": -0.01974487118422985,
                "x": -84.52183532714844,
                "y": 126.66061401367188,
                "yaw": 90.23316192626953,
                "z": 0.04392380267381668
            },
            "type": "vehicle.carlamotors.carlacola",
            "velocity": 0.0,
            "velocity_vec": {
                "vx": 0.0,
                "vy": 0.0,
                "vz": 0.0
            }
        }
    },
    "reverse": false,
    "right_distance": 1.7027852440207623,
    "steer": 0.004147639032453299,
    "steer_noise": 0.0,
    "target_road_option": "RoadOption.LANEFOLLOW",
    "target_waypoint": {
        "pitch": 360.0,
        "roll": 0.0,
        "x": -88.64411163330078,
        "y": 144.5518035888672,
        "yaw": 89.78770446777344,
        "z": 0.0
    },
    "throttle": 0.580777645111084,
    "throttle_noise": 0.0
}