{
    "blocking_state": "AgentState.NAVIGATING",
    "brake": 0.0,
    "brake_noise": 0.0,
    "current_waypoint": {
        "pitch": -0.4227224588394165,
        "roll": 0.0,
        "x": -88.02916717529297,
        "y": 123.13634490966797,
        "yaw": 89.84373474121094,
        "z": 0.04620355740189552
    },
    "ego_planned_trajectory": [],
    "ego_vehicle_can_speed": 5.670855448004498,
    "ego_vehicle_can_timestamp": "791",
    "ego_vehicle_id": 171,
    "ego_vehicle_transform": {
        "pitch": 0.07879305630922318,
        "roll": -0.07150266319513321,
        "x": -88.09717559814453,
        "y": 123.4197998046875,
        "yaw": 90.90015411376953,
        "z": 0.08966434001922607
    },
    "ego_velocity": {
        "vx": -0.11182380467653275,
        "vy": 5.669743537902832,
        "vz": -0.010254914872348309
    },
    "hand_brake": false,
    "left_distance": 1.8092067179602167,
    "next_target_location": null,
    "other_actors": {
        "171": {
            "bounding_box": {
                "extent_x": 2.452350616455078,
                "extent_y": 1.0303291082382202,
                "extent_z": 0.7391985058784485,
                "loc_x": 0.060644909739494324,
                "loc_y": 0.0,
                "loc_z": 0.7473415732383728
            },
            "transform": {
                "pitch": 0.07879305630922318,
                "roll": -0.07150266319513321,
                "x": -88.09717559814453,
                "y": 123.4197998046875,
                "yaw": 90.90015411376953,
                "z": 0.08966434001922607
            },
            "type": "vehicle.lincoln.mkz2017",
            "velocity": 5.670846175738085,
            "velocity_vec": {
                "vx": -0.11182380467653275,
                "vy": 5.669743537902832,
                "vz": -0.010254914872348309
            }
        },
        "173": {
            "bounding_box": {
                "extent_x": 2.073613166809082,
                "extent_y": 1.0016015768051147,
                "extent_z": 0.691210925579071,
                "loc_x": 0.0,
                "loc_y": 0.0,
                "loc_z": 0.7043752670288086
            },
            "transform": {
                "pitch": 0.08420256525278091,
                "roll": -0.10897822678089142,
                "x": -82.0614013671875,
                "y": 132.33456420898438,
                "yaw": 178.68467712402344,
                "z": 0.0255279541015625
            },
            "type": "vehicle.audi.tt",
            "velocity": 8.802588993556807,
            "velocity_vec": {
                "vx": -8.800207138061523,
                "vy": 0.20476160943508148,
                "vz": 0.008727201260626316
            }
        },
        "180": {
            "bounding_box": {
                "extent_x": 2.5996146202087402,
                "extent_y": 1.3075095415115356,
                "extent_z": 1.2384252548217773,
                "loc_x": 0.0,
                "loc_y": 0.0,
                "loc_z": 1.2300000190734863
            },
            "transform": {
                "pitch": -0.13821570575237274,
                "roll": -0.01974487118422985,
                "x": -84.52183532714844,
                "y": 126.66061401367188,
                "yaw": 90.23316192626953,
                "z": 0.04392380267381668
            },
            "type": "vehicle.carlamotors.carlacola",
            "velocity": 0.0,
            "velocity_vec": {
                "vx": 0.0,
                "vy": 0.0,
                "vz": 0.0
            }
        }
    },
    "reverse": false,
    "right_distance": 1.690196329803142,
    "steer": 0.005605303216725588,
    "steer_noise": 0.0,
    "target_road_option": "RoadOption.LANEFOLLOW",
    "target_waypoint": {
        "pitch": 360.0,
        "roll": 0.0,
        "x": -88.64411163330078,
        "y": 144.5518035888672,
        "yaw": 89.78770446777344,
        "z": 0.0
    },
    "throttle": 0.12379723787307739,
    "throttle_noise": 0.0
}