{
    "blocking_state": "AgentState.NAVIGATING",
    "brake": 0.0,
    "brake_noise": 0.0,
    "current_waypoint": {
        "pitch": -0.39509209990501404,
        "roll": 0.0,
        "x": -88.0312728881836,
        "y": 124.47241973876953,
        "yaw": 91.79898071289062,
        "z": 0.03638271987438202
    },
    "ego_planned_trajectory": [],
    "ego_vehicle_can_speed": 5.411485577251,
    "ego_vehicle_can_timestamp": "796",
    "ego_vehicle_id": 171,
    "ego_vehicle_transform": {
        "pitch": -0.10986358672380447,
        "roll": -0.0820007175207138,
        "x": -88.1239013671875,
        "y": 124.7998275756836,
        "yaw": 91.06437683105469,
        "z": 0.0891965851187706
    },
    "ego_velocity": {
        "vx": -0.11841945350170135,
        "vy": 5.41018009185791,
        "vz": -0.010215649381279945
    },
    "hand_brake": false,
    "left_distance": 1.8330059772712912,
    "next_target_location": null,
    "other_actors": {
        "171": {
            "bounding_box": {
                "extent_x": 2.452350616455078,
                "extent_y": 1.0303291082382202,
                "extent_z": 0.7391985058784485,
                "loc_x": 0.060644909739494324,
                "loc_y": 0.0,
                "loc_z": 0.7473415732383728
            },
            "transform": {
                "pitch": -0.10986358672380447,
                "roll": -0.0820007175207138,
                "x": -88.1239013671875,
                "y": 124.7998275756836,
                "yaw": 91.06437683105469,
                "z": 0.0891965851187706
            },
            "type": "vehicle.lincoln.mkz2017",
            "velocity": 5.411475934835459,
            "velocity_vec": {
                "vx": -0.11841945350170135,
                "vy": 5.41018009185791,
                "vz": -0.010215649381279945
            }
        },
        "173": {
            "bounding_box": {
                "extent_x": 2.073613166809082,
                "extent_y": 1.0016015768051147,
                "extent_z": 0.691210925579071,
                "loc_x": 0.0,
                "loc_y": 0.0,
                "loc_z": 0.7043752670288086
            },
            "transform": {
                "pitch": 0.5826970934867859,
                "roll": 1.2529810667037964,
                "x": -83.3449478149414,
                "y": 132.06764221191406,
                "yaw": 168.8912353515625,
                "z": 0.004853210411965847
            },
            "type": "vehicle.audi.tt",
            "velocity": 1.144051192573183,
            "velocity_vec": {
                "vx": -0.3134285807609558,
                "vy": -1.1002798080444336,
                "vz": -0.05723880976438522
            }
        },
        "180": {
            "bounding_box": {
                "extent_x": 2.5996146202087402,
                "extent_y": 1.3075095415115356,
                "extent_z": 1.2384252548217773,
                "loc_x": 0.0,
                "loc_y": 0.0,
                "loc_z": 1.2300000190734863
            },
            "transform": {
                "pitch": -0.13821570575237274,
                "roll": -0.01974487118422985,
                "x": -84.52183532714844,
                "y": 126.66061401367188,
                "yaw": 90.23316192626953,
                "z": 0.04392380267381668
            },
            "type": "vehicle.carlamotors.carlacola",
            "velocity": 0.0,
            "velocity_vec": {
                "vx": 0.0,
                "vy": 0.0,
                "vz": 0.0
            }
        }
    },
    "reverse": false,
    "right_distance": 1.6686180887962276,
    "steer": 0.004846868570894003,
    "steer_noise": 0.0,
    "target_road_option": "RoadOption.LANEFOLLOW",
    "target_waypoint": {
        "pitch": 360.0,
        "roll": 0.0,
        "x": -88.64411163330078,
        "y": 144.5518035888672,
        "yaw": 89.78770446777344,
        "z": 0.0
    },
    "throttle": 0.23843799531459808,
    "throttle_noise": 0.0
}