{
    "blocking_state": "AgentState.NAVIGATING",
    "brake": 0.08099707961082458,
    "brake_noise": 0.0,
    "current_waypoint": {
        "pitch": -0.39509209990501404,
        "roll": 0.0,
        "x": -88.0267333984375,
        "y": 124.2429428100586,
        "yaw": 90.46488952636719,
        "z": 0.038246456533670425
    },
    "ego_planned_trajectory": [],
    "ego_vehicle_can_speed": 5.402846593012436,
    "ego_vehicle_can_timestamp": "795",
    "ego_vehicle_id": 171,
    "ego_vehicle_transform": {
        "pitch": -0.06345245242118835,
        "roll": -0.0831909030675888,
        "x": -88.11839294433594,
        "y": 124.53007507324219,
        "yaw": 91.03324127197266,
        "z": 0.08922210335731506
    },
    "ego_velocity": {
        "vx": -0.11641369760036469,
        "vy": 5.401581287384033,
        "vz": -0.010897450149059296
    },
    "hand_brake": false,
    "left_distance": 1.8328385163784542,
    "next_target_location": null,
    "other_actors": {
        "171": {
            "bounding_box": {
                "extent_x": 2.452350616455078,
                "extent_y": 1.0303291082382202,
                "extent_z": 0.7391985058784485,
                "loc_x": 0.060644909739494324,
                "loc_y": 0.0,
                "loc_z": 0.7473415732383728
            },
            "transform": {
                "pitch": -0.06345245242118835,
                "roll": -0.0831909030675888,
                "x": -88.11839294433594,
                "y": 124.53007507324219,
                "yaw": 91.03324127197266,
                "z": 0.08922210335731506
            },
            "type": "vehicle.lincoln.mkz2017",
            "velocity": 5.402835603014989,
            "velocity_vec": {
                "vx": -0.11641369760036469,
                "vy": 5.401581287384033,
                "vz": -0.010897450149059296
            }
        },
        "173": {
            "bounding_box": {
                "extent_x": 2.073613166809082,
                "extent_y": 1.0016015768051147,
                "extent_z": 0.691210925579071,
                "loc_x": 0.0,
                "loc_y": 0.0,
                "loc_z": 0.7043752670288086
            },
            "transform": {
                "pitch": 0.3793213665485382,
                "roll": 0.9100360870361328,
                "x": -83.3278579711914,
                "y": 132.1753692626953,
                "yaw": 173.45851135253906,
                "z": 0.010997428558766842
            },
            "type": "vehicle.audi.tt",
            "velocity": 2.2346893899080924,
            "velocity_vec": {
                "vx": 0.005714604631066322,
                "vy": -2.234682083129883,
                "vz": -0.15953806042671204
            }
        },
        "180": {
            "bounding_box": {
                "extent_x": 2.5996146202087402,
                "extent_y": 1.3075095415115356,
                "extent_z": 1.2384252548217773,
                "loc_x": 0.0,
                "loc_y": 0.0,
                "loc_z": 1.2300000190734863
            },
            "transform": {
                "pitch": -0.13821570575237274,
                "roll": -0.01974487118422985,
                "x": -84.52183532714844,
                "y": 126.66061401367188,
                "yaw": 90.23316192626953,
                "z": 0.04392380267381668
            },
            "type": "vehicle.carlamotors.carlacola",
            "velocity": 0.0,
            "velocity_vec": {
                "vx": 0.0,
                "vy": 0.0,
                "vz": 0.0
            }
        }
    },
    "reverse": false,
    "right_distance": 1.6678290901035786,
    "steer": 0.005538121797144413,
    "steer_noise": 0.0,
    "target_road_option": "RoadOption.LANEFOLLOW",
    "target_waypoint": {
        "pitch": 360.0,
        "roll": 0.0,
        "x": -88.64411163330078,
        "y": 144.5518035888672,
        "yaw": 89.78770446777344,
        "z": 0.0
    },
    "throttle": 0.0,
    "throttle_noise": 0.0
}