{
    "blocking_state": "AgentState.NAVIGATING",
    "brake": 0.0,
    "brake_noise": 0.0,
    "current_waypoint": {
        "pitch": -0.43218111991882324,
        "roll": 0.0,
        "x": -88.0299301147461,
        "y": 122.8561019897461,
        "yaw": 89.84373474121094,
        "z": 0.04829435050487518
    },
    "ego_planned_trajectory": [],
    "ego_vehicle_can_speed": 5.622991959626594,
    "ego_vehicle_can_timestamp": "790",
    "ego_vehicle_id": 171,
    "ego_vehicle_transform": {
        "pitch": 0.035079848021268845,
        "roll": -0.0711974948644638,
        "x": -88.09204864501953,
        "y": 123.13652038574219,
        "yaw": 90.85633087158203,
        "z": 0.09071258455514908
    },
    "ego_velocity": {
        "vx": -0.11507539451122284,
        "vy": 5.621796607971191,
        "vz": -0.014111350290477276
    },
    "hand_brake": false,
    "left_distance": 1.8035213891164905,
    "next_target_location": null,
    "other_actors": {
        "171": {
            "bounding_box": {
                "extent_x": 2.452350616455078,
                "extent_y": 1.0303291082382202,
                "extent_z": 0.7391985058784485,
                "loc_x": 0.060644909739494324,
                "loc_y": 0.0,
                "loc_z": 0.7473415732383728
            },
            "transform": {
                "pitch": 0.035079848021268845,
                "roll": -0.0711974948644638,
                "x": -88.09204864501953,
                "y": 123.13652038574219,
                "yaw": 90.85633087158203,
                "z": 0.09071258455514908
            },
            "type": "vehicle.lincoln.mkz2017",
            "velocity": 5.622974252814814,
            "velocity_vec": {
                "vx": -0.11507539451122284,
                "vy": 5.621796607971191,
                "vz": -0.014111350290477276
            }
        },
        "173": {
            "bounding_box": {
                "extent_x": 2.073613166809082,
                "extent_y": 1.0016015768051147,
                "extent_z": 0.691210925579071,
                "loc_x": 0.0,
                "loc_y": 0.0,
                "loc_z": 0.7043752670288086
            },
            "transform": {
                "pitch": 0.08461237698793411,
                "roll": -0.08578488230705261,
                "x": -81.6189193725586,
                "y": 132.32444763183594,
                "yaw": 178.6833953857422,
                "z": 0.02507450059056282
            },
            "type": "vehicle.audi.tt",
            "velocity": 8.946108363043972,
            "velocity_vec": {
                "vx": -8.943732261657715,
                "vy": 0.20617486536502838,
                "vz": 0.008705995045602322
            }
        },
        "180": {
            "bounding_box": {
                "extent_x": 2.5996146202087402,
                "extent_y": 1.3075095415115356,
                "extent_z": 1.2384252548217773,
                "loc_x": 0.0,
                "loc_y": 0.0,
                "loc_z": 1.2300000190734863
            },
            "transform": {
                "pitch": -0.13821570575237274,
                "roll": -0.01974487118422985,
                "x": -84.52183532714844,
                "y": 126.66061401367188,
                "yaw": 90.23316192626953,
                "z": 0.04392380267381668
            },
            "type": "vehicle.carlamotors.carlacola",
            "velocity": 0.0,
            "velocity_vec": {
                "vx": 0.0,
                "vy": 0.0,
                "vz": 0.0
            }
        }
    },
    "reverse": false,
    "right_distance": 1.695876466596112,
    "steer": 0.008206970058381557,
    "steer_noise": 0.0,
    "target_road_option": "RoadOption.LANEFOLLOW",
    "target_waypoint": {
        "pitch": 360.0,
        "roll": 0.0,
        "x": -88.64411163330078,
        "y": 144.5518035888672,
        "yaw": 89.78770446777344,
        "z": 0.0
    },
    "throttle": 0.40035754442214966,
    "throttle_noise": 0.0
}