{
    "blocking_state": "AgentState.NAVIGATING",
    "brake": 0.0,
    "brake_noise": 0.0,
    "current_waypoint": {
        "pitch": -0.39509209990501404,
        "roll": 0.0,
        "x": -88.17063903808594,
        "y": 125.843017578125,
        "yaw": 99.81287384033203,
        "z": 0.025187218561768532
    },
    "ego_planned_trajectory": [],
    "ego_vehicle_can_speed": 5.383615384115012,
    "ego_vehicle_can_timestamp": "801",
    "ego_vehicle_id": 171,
    "ego_vehicle_transform": {
        "pitch": -0.14553765952587128,
        "roll": -0.0424804612994194,
        "x": -88.15293884277344,
        "y": 126.14805603027344,
        "yaw": 91.19034576416016,
        "z": 0.08703716099262238
    },
    "ego_velocity": {
        "vx": -0.1264818012714386,
        "vy": 5.382116794586182,
        "vz": -0.011651929467916489
    },
    "hand_brake": false,
    "left_distance": 1.7067162081401632,
    "next_target_location": null,
    "other_actors": {
        "171": {
            "bounding_box": {
                "extent_x": 2.452350616455078,
                "extent_y": 1.0303291082382202,
                "extent_z": 0.7391985058784485,
                "loc_x": 0.060644909739494324,
                "loc_y": 0.0,
                "loc_z": 0.7473415732383728
            },
            "transform": {
                "pitch": -0.14553765952587128,
                "roll": -0.0424804612994194,
                "x": -88.15293884277344,
                "y": 126.14805603027344,
                "yaw": 91.19034576416016,
                "z": 0.08703716099262238
            },
            "type": "vehicle.lincoln.mkz2017",
            "velocity": 5.383602774780054,
            "velocity_vec": {
                "vx": -0.1264818012714386,
                "vy": 5.382116794586182,
                "vz": -0.011651929467916489
            }
        },
        "173": {
            "bounding_box": {
                "extent_x": 2.073613166809082,
                "extent_y": 1.0016015768051147,
                "extent_z": 0.691210925579071,
                "loc_x": 0.0,
                "loc_y": 0.0,
                "loc_z": 0.7043752670288086
            },
            "transform": {
                "pitch": 0.5016363859176636,
                "roll": 0.830525279045105,
                "x": -83.5069580078125,
                "y": 131.97865295410156,
                "yaw": 162.76934814453125,
                "z": 0.01102806068956852
            },
            "type": "vehicle.audi.tt",
            "velocity": 0.013140464349902401,
            "velocity_vec": {
                "vx": -0.003389925928786397,
                "vy": 0.012695676647126675,
                "vz": 0.022701412439346313
            }
        },
        "180": {
            "bounding_box": {
                "extent_x": 2.5996146202087402,
                "extent_y": 1.3075095415115356,
                "extent_z": 1.2384252548217773,
                "loc_x": 0.0,
                "loc_y": 0.0,
                "loc_z": 1.2300000190734863
            },
            "transform": {
                "pitch": -0.13821570575237274,
                "roll": -0.01974487118422985,
                "x": -84.52183532714844,
                "y": 126.66061401367188,
                "yaw": 90.23316192626953,
                "z": 0.04392380267381668
            },
            "type": "vehicle.carlamotors.carlacola",
            "velocity": 0.0,
            "velocity_vec": {
                "vx": 0.0,
                "vy": 0.0,
                "vz": 0.0
            }
        }
    },
    "reverse": false,
    "right_distance": 1.758858700698437,
    "steer": 0.0036872546188533306,
    "steer_noise": 0.0,
    "target_road_option": "RoadOption.LANEFOLLOW",
    "target_waypoint": {
        "pitch": 360.0,
        "roll": 0.0,
        "x": -88.64411163330078,
        "y": 144.5518035888672,
        "yaw": 89.78770446777344,
        "z": 0.0
    },
    "throttle": 0.6033380627632141,
    "throttle_noise": 0.0
}