{
    "blocking_state": "AgentState.NAVIGATING",
    "brake": 0.0,
    "brake_noise": 0.0,
    "current_waypoint": {
        "pitch": -0.39509209990501404,
        "roll": 0.0,
        "x": -88.21157836914062,
        "y": 126.0645980834961,
        "yaw": 101.12261962890625,
        "z": 0.02335750311613083
    },
    "ego_planned_trajectory": [],
    "ego_vehicle_can_speed": 5.392190261851013,
    "ego_vehicle_can_timestamp": "802",
    "ego_vehicle_id": 171,
    "ego_vehicle_transform": {
        "pitch": -0.14391890168190002,
        "roll": -0.04193115234375,
        "x": -88.1590347290039,
        "y": 126.4174575805664,
        "yaw": 91.21248626708984,
        "z": 0.08644962310791016
    },
    "ego_velocity": {
        "vx": -0.1270599663257599,
        "vy": 5.390681266784668,
        "vz": -0.011272306554019451
    },
    "hand_brake": false,
    "left_distance": 1.664588467196295,
    "next_target_location": null,
    "other_actors": {
        "171": {
            "bounding_box": {
                "extent_x": 2.452350616455078,
                "extent_y": 1.0303291082382202,
                "extent_z": 0.7391985058784485,
                "loc_x": 0.060644909739494324,
                "loc_y": 0.0,
                "loc_z": 0.7473415732383728
            },
            "transform": {
                "pitch": -0.14391890168190002,
                "roll": -0.04193115234375,
                "x": -88.1590347290039,
                "y": 126.4174575805664,
                "yaw": 91.21248626708984,
                "z": 0.08644962310791016
            },
            "type": "vehicle.lincoln.mkz2017",
            "velocity": 5.392178479529943,
            "velocity_vec": {
                "vx": -0.1270599663257599,
                "vy": 5.390681266784668,
                "vz": -0.011272306554019451
            }
        },
        "173": {
            "bounding_box": {
                "extent_x": 2.073613166809082,
                "extent_y": 1.0016015768051147,
                "extent_z": 0.691210925579071,
                "loc_x": 0.0,
                "loc_y": 0.0,
                "loc_z": 0.7043752670288086
            },
            "transform": {
                "pitch": 0.4041832387447357,
                "roll": 0.6685463190078735,
                "x": -83.50637817382812,
                "y": 131.97836303710938,
                "yaw": 162.77606201171875,
                "z": 0.013240852393209934
            },
            "type": "vehicle.audi.tt",
            "velocity": 0.018978717564141323,
            "velocity_vec": {
                "vx": 0.006457887589931488,
                "vy": 0.01784621551632881,
                "vz": 0.02902974933385849
            }
        },
        "180": {
            "bounding_box": {
                "extent_x": 2.5996146202087402,
                "extent_y": 1.3075095415115356,
                "extent_z": 1.2384252548217773,
                "loc_x": 0.0,
                "loc_y": 0.0,
                "loc_z": 1.2300000190734863
            },
            "transform": {
                "pitch": -0.13821570575237274,
                "roll": -0.01974487118422985,
                "x": -84.52183532714844,
                "y": 126.66061401367188,
                "yaw": 90.23316192626953,
                "z": 0.04392380267381668
            },
            "type": "vehicle.carlamotors.carlacola",
            "velocity": 0.0,
            "velocity_vec": {
                "vx": 0.0,
                "vy": 0.0,
                "vz": 0.0
            }
        }
    },
    "reverse": false,
    "right_distance": 1.7877468509111896,
    "steer": 0.003349848324432969,
    "steer_noise": 0.0,
    "target_road_option": "RoadOption.LANEFOLLOW",
    "target_waypoint": {
        "pitch": 360.0,
        "roll": 0.0,
        "x": -88.64411163330078,
        "y": 144.5518035888672,
        "yaw": 89.78770446777344,
        "z": 0.0
    },
    "throttle": 0.5733859539031982,
    "throttle_noise": 0.0
}