{
    "blocking_state": "AgentState.NAVIGATING",
    "brake": 0.0,
    "brake_noise": 0.0,
    "current_waypoint": {
        "pitch": -0.39509209990501404,
        "roll": 0.0,
        "x": -88.11651611328125,
        "y": 125.49274444580078,
        "yaw": 97.75273132324219,
        "z": 0.028065266087651253
    },
    "ego_planned_trajectory": [],
    "ego_vehicle_can_speed": 5.398127175832212,
    "ego_vehicle_can_timestamp": "800",
    "ego_vehicle_id": 171,
    "ego_vehicle_transform": {
        "pitch": -0.14693784713745117,
        "roll": -0.04632568359375,
        "x": -88.14691925048828,
        "y": 125.87867736816406,
        "yaw": 91.16694641113281,
        "z": 0.08764193952083588
    },
    "ego_velocity": {
        "vx": -0.12650269269943237,
        "vy": 5.396632194519043,
        "vz": -0.011620339006185532
    },
    "hand_brake": false,
    "left_distance": 1.7602941822126337,
    "next_target_location": null,
    "other_actors": {
        "171": {
            "bounding_box": {
                "extent_x": 2.452350616455078,
                "extent_y": 1.0303291082382202,
                "extent_z": 0.7391985058784485,
                "loc_x": 0.060644909739494324,
                "loc_y": 0.0,
                "loc_z": 0.7473415732383728
            },
            "transform": {
                "pitch": -0.14693784713745117,
                "roll": -0.04632568359375,
                "x": -88.14691925048828,
                "y": 125.87867736816406,
                "yaw": 91.16694641113281,
                "z": 0.08764193952083588
            },
            "type": "vehicle.lincoln.mkz2017",
            "velocity": 5.3981146684911785,
            "velocity_vec": {
                "vx": -0.12650269269943237,
                "vy": 5.396632194519043,
                "vz": -0.011620339006185532
            }
        },
        "173": {
            "bounding_box": {
                "extent_x": 2.073613166809082,
                "extent_y": 1.0016015768051147,
                "extent_z": 0.691210925579071,
                "loc_x": 0.0,
                "loc_y": 0.0,
                "loc_z": 0.7043752670288086
            },
            "transform": {
                "pitch": 0.5941171646118164,
                "roll": 0.9996972680091858,
                "x": -83.50379943847656,
                "y": 131.97816467285156,
                "yaw": 162.75148010253906,
                "z": 0.009082717821002007
            },
            "type": "vehicle.audi.tt",
            "velocity": 0.8482261526199955,
            "velocity_vec": {
                "vx": -0.8040989637374878,
                "vy": 0.27002307772636414,
                "vz": 0.04447372630238533
            }
        },
        "180": {
            "bounding_box": {
                "extent_x": 2.5996146202087402,
                "extent_y": 1.3075095415115356,
                "extent_z": 1.2384252548217773,
                "loc_x": 0.0,
                "loc_y": 0.0,
                "loc_z": 1.2300000190734863
            },
            "transform": {
                "pitch": -0.13821570575237274,
                "roll": -0.01974487118422985,
                "x": -84.52183532714844,
                "y": 126.66061401367188,
                "yaw": 90.23316192626953,
                "z": 0.04392380267381668
            },
            "type": "vehicle.carlamotors.carlacola",
            "velocity": 0.0,
            "velocity_vec": {
                "vx": 0.0,
                "vy": 0.0,
                "vz": 0.0
            }
        }
    },
    "reverse": false,
    "right_distance": 1.7219069086959629,
    "steer": 0.004052484408020973,
    "steer_noise": 0.0,
    "target_road_option": "RoadOption.LANEFOLLOW",
    "target_waypoint": {
        "pitch": 360.0,
        "roll": 0.0,
        "x": -88.64411163330078,
        "y": 144.5518035888672,
        "yaw": 89.78770446777344,
        "z": 0.0
    },
    "throttle": 0.549480140209198,
    "throttle_noise": 0.0
}