{
    "blocking_state": "AgentState.BLOCKED_BY_VEHICLE",
    "brake": 0.0,
    "brake_noise": 0.0,
    "current_waypoint": {
        "pitch": -0.39509209990501404,
        "roll": 0.0,
        "x": -88.21157836914062,
        "y": 126.0645980834961,
        "yaw": 101.12261962890625,
        "z": 0.02335750311613083
    },
    "ego_planned_trajectory": [],
    "ego_vehicle_can_speed": 5.377807198093265,
    "ego_vehicle_can_timestamp": "803",
    "ego_vehicle_id": 171,
    "ego_vehicle_transform": {
        "pitch": -0.14370034635066986,
        "roll": -0.041290294378995895,
        "x": -88.16515350341797,
        "y": 126.68653106689453,
        "yaw": 91.23272705078125,
        "z": 0.08586113154888153
    },
    "ego_velocity": {
        "vx": -0.12722410261631012,
        "vy": 5.376288890838623,
        "vz": -0.011918465606868267
    },
    "hand_brake": false,
    "left_distance": 1.6647783382117538,
    "next_target_location": null,
    "other_actors": {
        "171": {
            "bounding_box": {
                "extent_x": 2.452350616455078,
                "extent_y": 1.0303291082382202,
                "extent_z": 0.7391985058784485,
                "loc_x": 0.060644909739494324,
                "loc_y": 0.0,
                "loc_z": 0.7473415732383728
            },
            "transform": {
                "pitch": -0.14370034635066986,
                "roll": -0.041290294378995895,
                "x": -88.16515350341797,
                "y": 126.68653106689453,
                "yaw": 91.23272705078125,
                "z": 0.08586113154888153
            },
            "type": "vehicle.lincoln.mkz2017",
            "velocity": 5.377793991037711,
            "velocity_vec": {
                "vx": -0.12722410261631012,
                "vy": 5.376288890838623,
                "vz": -0.011918465606868267
            }
        },
        "173": {
            "bounding_box": {
                "extent_x": 2.073613166809082,
                "extent_y": 1.0016015768051147,
                "extent_z": 0.691210925579071,
                "loc_x": 0.0,
                "loc_y": 0.0,
                "loc_z": 0.7043752670288086
            },
            "transform": {
                "pitch": 0.3203290104866028,
                "roll": 0.5218309760093689,
                "x": -83.50582885742188,
                "y": 131.97817993164062,
                "yaw": 162.7753448486328,
                "z": 0.015515212900936604
            },
            "type": "vehicle.audi.tt",
            "velocity": 0.01793332240962519,
            "velocity_vec": {
                "vx": 0.006098681595176458,
                "vy": 0.016864463686943054,
                "vz": 0.030868228524923325
            }
        },
        "180": {
            "bounding_box": {
                "extent_x": 2.5996146202087402,
                "extent_y": 1.3075095415115356,
                "extent_z": 1.2384252548217773,
                "loc_x": 0.0,
                "loc_y": 0.0,
                "loc_z": 1.2300000190734863
            },
            "transform": {
                "pitch": -0.13821570575237274,
                "roll": -0.01974487118422985,
                "x": -84.52183532714844,
                "y": 126.66061401367188,
                "yaw": 90.23316192626953,
                "z": 0.04392380267381668
            },
            "type": "vehicle.carlamotors.carlacola",
            "velocity": 0.0,
            "velocity_vec": {
                "vx": 0.0,
                "vy": 0.0,
                "vz": 0.0
            }
        }
    },
    "reverse": false,
    "right_distance": 1.7882598270724297,
    "steer": 0.0031104693189263344,
    "steer_noise": 0.0,
    "target_road_option": "RoadOption.LANEFOLLOW",
    "target_waypoint": {
        "pitch": 360.0,
        "roll": 0.0,
        "x": -88.64411163330078,
        "y": 144.5518035888672,
        "yaw": 89.78770446777344,
        "z": 0.0
    },
    "throttle": 0.6282135248184204,
    "throttle_noise": 0.0
}