{
    "blocking_state": "AgentState.BLOCKED_BY_VEHICLE",
    "brake": 1.0,
    "brake_noise": 0.0,
    "current_waypoint": {
        "pitch": -0.39509209990501404,
        "roll": 0.0,
        "x": -88.21157836914062,
        "y": 126.0645980834961,
        "yaw": 101.12261962890625,
        "z": 0.02335750311613083
    },
    "ego_planned_trajectory": [],
    "ego_vehicle_can_speed": 2.2419713372692742,
    "ego_vehicle_can_timestamp": "806",
    "ego_vehicle_id": 171,
    "ego_vehicle_transform": {
        "pitch": -0.7442857027053833,
        "roll": 0.01425079070031643,
        "x": -88.1939926147461,
        "y": 127.37521362304688,
        "yaw": 90.0575180053711,
        "z": 0.09169349819421768
    },
    "ego_velocity": {
        "vx": -0.15563653409481049,
        "vy": 2.236415147781372,
        "vz": 0.025691110640764236
    },
    "hand_brake": false,
    "left_distance": 1.6786719745781375,
    "next_target_location": null,
    "other_actors": {
        "171": {
            "bounding_box": {
                "extent_x": 2.452350616455078,
                "extent_y": 1.0303291082382202,
                "extent_z": 0.7391985058784485,
                "loc_x": 0.060644909739494324,
                "loc_y": 0.0,
                "loc_z": 0.7473415732383728
            },
            "transform": {
                "pitch": -0.7442857027053833,
                "roll": 0.01425079070031643,
                "x": -88.1939926147461,
                "y": 127.37521362304688,
                "yaw": 90.0575180053711,
                "z": 0.09169349819421768
            },
            "type": "vehicle.lincoln.mkz2017",
            "velocity": 2.2418241331493918,
            "velocity_vec": {
                "vx": -0.15563653409481049,
                "vy": 2.236415147781372,
                "vz": 0.025691110640764236
            }
        },
        "173": {
            "bounding_box": {
                "extent_x": 2.073613166809082,
                "extent_y": 1.0016015768051147,
                "extent_z": 0.691210925579071,
                "loc_x": 0.0,
                "loc_y": 0.0,
                "loc_z": 0.7043752670288086
            },
            "transform": {
                "pitch": 0.14850196242332458,
                "roll": 0.20239101350307465,
                "x": -83.50464630126953,
                "y": 131.9778289794922,
                "yaw": 162.77420043945312,
                "z": 0.021057434380054474
            },
            "type": "vehicle.audi.tt",
            "velocity": 0.010722315487066841,
            "velocity_vec": {
                "vx": 0.0038904454559087753,
                "vy": 0.009991620667278767,
                "vz": 0.021978050470352173
            }
        },
        "180": {
            "bounding_box": {
                "extent_x": 2.5996146202087402,
                "extent_y": 1.3075095415115356,
                "extent_z": 1.2384252548217773,
                "loc_x": 0.0,
                "loc_y": 0.0,
                "loc_z": 1.2300000190734863
            },
            "transform": {
                "pitch": -0.13821570575237274,
                "roll": -0.01974487118422985,
                "x": -84.52183532714844,
                "y": 126.66061401367188,
                "yaw": 90.23316192626953,
                "z": 0.04392380267381668
            },
            "type": "vehicle.carlamotors.carlacola",
            "velocity": 0.0,
            "velocity_vec": {
                "vx": 0.0,
                "vy": 0.0,
                "vz": 0.0
            }
        }
    },
    "reverse": false,
    "right_distance": 1.7767312569568687,
    "steer": 0.0,
    "steer_noise": 0.0,
    "target_road_option": "RoadOption.LANEFOLLOW",
    "target_waypoint": {
        "pitch": 360.0,
        "roll": 0.0,
        "x": -88.64411163330078,
        "y": 144.5518035888672,
        "yaw": 89.78770446777344,
        "z": 0.0
    },
    "throttle": 0.0,
    "throttle_noise": 0.0
}