{
    "blocking_state": "AgentState.BLOCKED_BY_VEHICLE",
    "brake": 1.0,
    "brake_noise": 0.0,
    "current_waypoint": {
        "pitch": -0.39509209990501404,
        "roll": 0.0,
        "x": -88.21157836914062,
        "y": 126.0645980834961,
        "yaw": 101.12261962890625,
        "z": 0.02335750311613083
    },
    "ego_planned_trajectory": [],
    "ego_vehicle_can_speed": 0.47744865684664456,
    "ego_vehicle_can_timestamp": "809",
    "ego_vehicle_id": 171,
    "ego_vehicle_transform": {
        "pitch": -1.415433645248413,
        "roll": 0.21502885222434998,
        "x": -88.26878356933594,
        "y": 127.55037689208984,
        "yaw": 86.26058197021484,
        "z": 0.10531791299581528
    },
    "ego_velocity": {
        "vx": -0.14252756536006927,
        "vy": 0.45487502217292786,
        "vz": 0.02705230563879013
    },
    "hand_brake": false,
    "left_distance": 1.7500671983903753,
    "next_target_location": null,
    "other_actors": {
        "171": {
            "bounding_box": {
                "extent_x": 2.452350616455078,
                "extent_y": 1.0303291082382202,
                "extent_z": 0.7391985058784485,
                "loc_x": 0.060644909739494324,
                "loc_y": 0.0,
                "loc_z": 0.7473415732383728
            },
            "transform": {
                "pitch": -1.415433645248413,
                "roll": 0.21502885222434998,
                "x": -88.26878356933594,
                "y": 127.55037689208984,
                "yaw": 86.26058197021484,
                "z": 0.10531791299581528
            },
            "type": "vehicle.lincoln.mkz2017",
            "velocity": 0.47668164710243505,
            "velocity_vec": {
                "vx": -0.14252756536006927,
                "vy": 0.45487502217292786,
                "vz": 0.02705230563879013
            }
        },
        "173": {
            "bounding_box": {
                "extent_x": 2.073613166809082,
                "extent_y": 1.0016015768051147,
                "extent_z": 0.691210925579071,
                "loc_x": 0.0,
                "loc_y": 0.0,
                "loc_z": 0.7043752670288086
            },
            "transform": {
                "pitch": 0.06269430369138718,
                "roll": 0.03986436501145363,
                "x": -83.50419616699219,
                "y": 131.97776794433594,
                "yaw": 162.77667236328125,
                "z": 0.024157637730240822
            },
            "type": "vehicle.audi.tt",
            "velocity": 0.011365860756287668,
            "velocity_vec": {
                "vx": -0.010211825370788574,
                "vy": 0.0049901315942406654,
                "vz": 0.007690460421144962
            }
        },
        "180": {
            "bounding_box": {
                "extent_x": 2.5996146202087402,
                "extent_y": 1.3075095415115356,
                "extent_z": 1.2384252548217773,
                "loc_x": 0.0,
                "loc_y": 0.0,
                "loc_z": 1.2300000190734863
            },
            "transform": {
                "pitch": -0.13821570575237274,
                "roll": -0.01974487118422985,
                "x": -84.52183532714844,
                "y": 126.66061401367188,
                "yaw": 90.23316192626953,
                "z": 0.04392380267381668
            },
            "type": "vehicle.carlamotors.carlacola",
            "velocity": 0.0,
            "velocity_vec": {
                "vx": 0.0,
                "vy": 0.0,
                "vz": 0.0
            }
        }
    },
    "reverse": false,
    "right_distance": 1.7070778829231459,
    "steer": 0.0,
    "steer_noise": 0.0,
    "target_road_option": "RoadOption.LANEFOLLOW",
    "target_waypoint": {
        "pitch": 360.0,
        "roll": 0.0,
        "x": -88.64411163330078,
        "y": 144.5518035888672,
        "yaw": 89.78770446777344,
        "z": 0.0
    },
    "throttle": 0.0,
    "throttle_noise": 0.0
}