{
    "blocking_state": "AgentState.BLOCKED_BY_VEHICLE",
    "brake": 1.0,
    "brake_noise": 0.0,
    "current_waypoint": {
        "pitch": -0.39509209990501404,
        "roll": 0.0,
        "x": -88.21157836914062,
        "y": 126.0645980834961,
        "yaw": 101.12261962890625,
        "z": 0.02335750311613083
    },
    "ego_planned_trajectory": [],
    "ego_vehicle_can_speed": 0.044892555859834087,
    "ego_vehicle_can_timestamp": "810",
    "ego_vehicle_id": 171,
    "ego_vehicle_transform": {
        "pitch": -1.4145525693893433,
        "roll": 0.4260546863079071,
        "x": -88.2721176147461,
        "y": 127.55622863769531,
        "yaw": 86.06137084960938,
        "z": 0.10638534277677536
    },
    "ego_velocity": {
        "vx": -0.04146083816885948,
        "vy": 0.000727210019249469,
        "vz": 0.01719917543232441
    },
    "hand_brake": false,
    "left_distance": 1.7533136181106739,
    "next_target_location": null,
    "other_actors": {
        "171": {
            "bounding_box": {
                "extent_x": 2.452350616455078,
                "extent_y": 1.0303291082382202,
                "extent_z": 0.7391985058784485,
                "loc_x": 0.060644909739494324,
                "loc_y": 0.0,
                "loc_z": 0.7473415732383728
            },
            "transform": {
                "pitch": -1.4145525693893433,
                "roll": 0.4260546863079071,
                "x": -88.2721176147461,
                "y": 127.55622863769531,
                "yaw": 86.06137084960938,
                "z": 0.10638534277677536
            },
            "type": "vehicle.lincoln.mkz2017",
            "velocity": 0.04146721519557893,
            "velocity_vec": {
                "vx": -0.04146083816885948,
                "vy": 0.000727210019249469,
                "vz": 0.01719917543232441
            }
        },
        "173": {
            "bounding_box": {
                "extent_x": 2.073613166809082,
                "extent_y": 1.0016015768051147,
                "extent_z": 0.691210925579071,
                "loc_x": 0.0,
                "loc_y": 0.0,
                "loc_z": 0.7043752670288086
            },
            "transform": {
                "pitch": 0.04378151148557663,
                "roll": 0.03419748693704605,
                "x": -83.504150390625,
                "y": 131.977783203125,
                "yaw": 162.77862548828125,
                "z": 0.024521559476852417
            },
            "type": "vehicle.audi.tt",
            "velocity": 0.0023851096093219543,
            "velocity_vec": {
                "vx": -0.0003165817179251462,
                "vy": 0.002364005893468857,
                "vz": 0.0021912117954343557
            }
        },
        "180": {
            "bounding_box": {
                "extent_x": 2.5996146202087402,
                "extent_y": 1.3075095415115356,
                "extent_z": 1.2384252548217773,
                "loc_x": 0.0,
                "loc_y": 0.0,
                "loc_z": 1.2300000190734863
            },
            "transform": {
                "pitch": -0.13821570575237274,
                "roll": -0.01974487118422985,
                "x": -84.52183532714844,
                "y": 126.66061401367188,
                "yaw": 90.23316192626953,
                "z": 0.04392380267381668
            },
            "type": "vehicle.carlamotors.carlacola",
            "velocity": 0.0,
            "velocity_vec": {
                "vx": 0.0,
                "vy": 0.0,
                "vz": 0.0
            }
        }
    },
    "reverse": false,
    "right_distance": 1.703954510502801,
    "steer": 0.0,
    "steer_noise": 0.0,
    "target_road_option": "RoadOption.LANEFOLLOW",
    "target_waypoint": {
        "pitch": 360.0,
        "roll": 0.0,
        "x": -88.64411163330078,
        "y": 144.5518035888672,
        "yaw": 89.78770446777344,
        "z": 0.0
    },
    "throttle": 0.0,
    "throttle_noise": 0.0
}