{
    "blocking_state": "AgentState.BLOCKED_BY_VEHICLE",
    "brake": 1.0,
    "brake_noise": 0.0,
    "current_waypoint": {
        "pitch": -0.39509209990501404,
        "roll": 0.0,
        "x": -88.21157836914062,
        "y": 126.0645980834961,
        "yaw": 101.12261962890625,
        "z": 0.02335750311613083
    },
    "ego_planned_trajectory": [],
    "ego_vehicle_can_speed": 0.013435801822070303,
    "ego_vehicle_can_timestamp": "820",
    "ego_vehicle_id": 171,
    "ego_vehicle_transform": {
        "pitch": -0.17010584473609924,
        "roll": 0.18881340324878693,
        "x": -88.27075958251953,
        "y": 127.56341552734375,
        "yaw": 86.06816864013672,
        "z": 0.08653438091278076
    },
    "ego_velocity": {
        "vx": 0.008866977877914906,
        "vy": -0.006337130442261696,
        "vz": -0.007857369258999825
    },
    "hand_brake": false,
    "left_distance": 1.7510812353514862,
    "next_target_location": null,
    "other_actors": {
        "171": {
            "bounding_box": {
                "extent_x": 2.452350616455078,
                "extent_y": 1.0303291082382202,
                "extent_z": 0.7391985058784485,
                "loc_x": 0.060644909739494324,
                "loc_y": 0.0,
                "loc_z": 0.7473415732383728
            },
            "transform": {
                "pitch": -0.17010584473609924,
                "roll": 0.18881340324878693,
                "x": -88.27075958251953,
                "y": 127.56341552734375,
                "yaw": 86.06816864013672,
                "z": 0.08653438091278076
            },
            "type": "vehicle.lincoln.mkz2017",
            "velocity": 0.010898739327540237,
            "velocity_vec": {
                "vx": 0.008866977877914906,
                "vy": -0.006337130442261696,
                "vz": -0.007857369258999825
            }
        },
        "173": {
            "bounding_box": {
                "extent_x": 2.073613166809082,
                "extent_y": 1.0016015768051147,
                "extent_z": 0.691210925579071,
                "loc_x": 0.0,
                "loc_y": 0.0,
                "loc_z": 0.7043752670288086
            },
            "transform": {
                "pitch": 0.022273246198892593,
                "roll": 0.0060652922838926315,
                "x": -83.505126953125,
                "y": 131.9754638671875,
                "yaw": 162.72120666503906,
                "z": 0.022995643317699432
            },
            "type": "vehicle.audi.tt",
            "velocity": 0.006649126505700892,
            "velocity_vec": {
                "vx": -0.002526359399780631,
                "vy": -0.006150478962808847,
                "vz": -0.0028668385930359364
            }
        },
        "180": {
            "bounding_box": {
                "extent_x": 2.5996146202087402,
                "extent_y": 1.3075095415115356,
                "extent_z": 1.2384252548217773,
                "loc_x": 0.0,
                "loc_y": 0.0,
                "loc_z": 1.2300000190734863
            },
            "transform": {
                "pitch": -0.13821570575237274,
                "roll": -0.01974487118422985,
                "x": -84.52183532714844,
                "y": 126.66061401367188,
                "yaw": 90.23316192626953,
                "z": 0.04392380267381668
            },
            "type": "vehicle.carlamotors.carlacola",
            "velocity": 0.0,
            "velocity_vec": {
                "vx": 0.0,
                "vy": 0.0,
                "vz": 0.0
            }
        }
    },
    "reverse": false,
    "right_distance": 1.7044833553114123,
    "steer": 0.0,
    "steer_noise": 0.0,
    "target_road_option": "RoadOption.LANEFOLLOW",
    "target_waypoint": {
        "pitch": 360.0,
        "roll": 0.0,
        "x": -88.64411163330078,
        "y": 144.5518035888672,
        "yaw": 89.78770446777344,
        "z": 0.0
    },
    "throttle": 0.0,
    "throttle_noise": 0.0
}