{
    "blocking_state": "AgentState.BLOCKED_BY_VEHICLE",
    "brake": 1.0,
    "brake_noise": 0.0,
    "current_waypoint": {
        "pitch": -0.39509209990501404,
        "roll": 0.0,
        "x": -88.21157836914062,
        "y": 126.0645980834961,
        "yaw": 101.12261962890625,
        "z": 0.02335750311613083
    },
    "ego_planned_trajectory": [],
    "ego_vehicle_can_speed": 0.004258484175151884,
    "ego_vehicle_can_timestamp": "826",
    "ego_vehicle_id": 171,
    "ego_vehicle_transform": {
        "pitch": -3.415094397496432e-05,
        "roll": 0.06592389196157455,
        "x": -88.27023315429688,
        "y": 127.56432342529297,
        "yaw": 86.0669937133789,
        "z": 0.0834527537226677
    },
    "ego_velocity": {
        "vx": 0.0036452014464884996,
        "vy": -0.0012890346115455031,
        "vz": -0.0017848203424364328
    },
    "hand_brake": false,
    "left_distance": 1.7504438601814596,
    "next_target_location": null,
    "other_actors": {
        "171": {
            "bounding_box": {
                "extent_x": 2.452350616455078,
                "extent_y": 1.0303291082382202,
                "extent_z": 0.7391985058784485,
                "loc_x": 0.060644909739494324,
                "loc_y": 0.0,
                "loc_z": 0.7473415732383728
            },
            "transform": {
                "pitch": -3.415094397496432e-05,
                "roll": 0.06592389196157455,
                "x": -88.27023315429688,
                "y": 127.56432342529297,
                "yaw": 86.0669937133789,
                "z": 0.0834527537226677
            },
            "type": "vehicle.lincoln.mkz2017",
            "velocity": 0.003866407093833255,
            "velocity_vec": {
                "vx": 0.0036452014464884996,
                "vy": -0.0012890346115455031,
                "vz": -0.0017848203424364328
            }
        },
        "173": {
            "bounding_box": {
                "extent_x": 2.073613166809082,
                "extent_y": 1.0016015768051147,
                "extent_z": 0.691210925579071,
                "loc_x": 0.0,
                "loc_y": 0.0,
                "loc_z": 0.7043752670288086
            },
            "transform": {
                "pitch": 0.02836577408015728,
                "roll": 0.0006131475092843175,
                "x": -83.50607299804688,
                "y": 131.97337341308594,
                "yaw": 162.66358947753906,
                "z": 0.022339439019560814
            },
            "type": "vehicle.audi.tt",
            "velocity": 0.01348299953821128,
            "velocity_vec": {
                "vx": -0.004860973451286554,
                "vy": -0.012576255947351456,
                "vz": -0.0022734401281923056
            }
        },
        "180": {
            "bounding_box": {
                "extent_x": 2.5996146202087402,
                "extent_y": 1.3075095415115356,
                "extent_z": 1.2384252548217773,
                "loc_x": 0.0,
                "loc_y": 0.0,
                "loc_z": 1.2300000190734863
            },
            "transform": {
                "pitch": -0.13821570575237274,
                "roll": -0.01974487118422985,
                "x": -84.52183532714844,
                "y": 126.66061401367188,
                "yaw": 90.23316192626953,
                "z": 0.04392380267381668
            },
            "type": "vehicle.carlamotors.carlacola",
            "velocity": 0.0,
            "velocity_vec": {
                "vx": 0.0,
                "vy": 0.0,
                "vz": 0.0
            }
        }
    },
    "reverse": false,
    "right_distance": 1.7048963692936725,
    "steer": 0.0,
    "steer_noise": 0.0,
    "target_road_option": "RoadOption.LANEFOLLOW",
    "target_waypoint": {
        "pitch": 360.0,
        "roll": 0.0,
        "x": -88.64411163330078,
        "y": 144.5518035888672,
        "yaw": 89.78770446777344,
        "z": 0.0
    },
    "throttle": 0.0,
    "throttle_noise": 0.0
}