{
    "blocking_state": "AgentState.BLOCKED_BY_VEHICLE",
    "brake": 1.0,
    "brake_noise": 0.0,
    "current_waypoint": {
        "pitch": -0.39509209990501404,
        "roll": 0.0,
        "x": -88.21157836914062,
        "y": 126.0645980834961,
        "yaw": 101.12261962890625,
        "z": 0.02335750311613083
    },
    "ego_planned_trajectory": [],
    "ego_vehicle_can_speed": 3.2271494686992375e-05,
    "ego_vehicle_can_timestamp": "849",
    "ego_vehicle_id": 171,
    "ego_vehicle_transform": {
        "pitch": 0.024670641869306564,
        "roll": 0.032781608402729034,
        "x": -88.2703628540039,
        "y": 127.56446075439453,
        "yaw": 86.0673828125,
        "z": 0.08293189853429794
    },
    "ego_velocity": {
        "vx": 2.7088242859463207e-05,
        "vy": -1.6530566426808946e-05,
        "vz": 5.866586889169412e-06
    },
    "hand_brake": false,
    "left_distance": 1.750555549575664,
    "next_target_location": null,
    "other_actors": {
        "171": {
            "bounding_box": {
                "extent_x": 2.452350616455078,
                "extent_y": 1.0303291082382202,
                "extent_z": 0.7391985058784485,
                "loc_x": 0.060644909739494324,
                "loc_y": 0.0,
                "loc_z": 0.7473415732383728
            },
            "transform": {
                "pitch": 0.024670641869306564,
                "roll": 0.032781608402729034,
                "x": -88.2703628540039,
                "y": 127.56446075439453,
                "yaw": 86.0673828125,
                "z": 0.08293189853429794
            },
            "type": "vehicle.lincoln.mkz2017",
            "velocity": 3.173377581701242e-05,
            "velocity_vec": {
                "vx": 2.7088242859463207e-05,
                "vy": -1.6530566426808946e-05,
                "vz": 5.866586889169412e-06
            }
        },
        "173": {
            "bounding_box": {
                "extent_x": 2.073613166809082,
                "extent_y": 1.0016015768051147,
                "extent_z": 0.691210925579071,
                "loc_x": 0.0,
                "loc_y": 0.0,
                "loc_z": 0.7043752670288086
            },
            "transform": {
                "pitch": 0.04625403881072998,
                "roll": -0.018798828125,
                "x": -83.50711822509766,
                "y": 131.973388671875,
                "yaw": 162.6764678955078,
                "z": 0.02155422233045101
            },
            "type": "vehicle.audi.tt",
            "velocity": 0.004153880787776977,
            "velocity_vec": {
                "vx": -0.0023553466890007257,
                "vy": -0.0034215592313557863,
                "vz": -0.0020007824059575796
            }
        },
        "180": {
            "bounding_box": {
                "extent_x": 2.5996146202087402,
                "extent_y": 1.3075095415115356,
                "extent_z": 1.2384252548217773,
                "loc_x": 0.0,
                "loc_y": 0.0,
                "loc_z": 1.2300000190734863
            },
            "transform": {
                "pitch": -0.13821570575237274,
                "roll": -0.01974487118422985,
                "x": -84.52183532714844,
                "y": 126.66061401367188,
                "yaw": 90.23316192626953,
                "z": 0.04392380267381668
            },
            "type": "vehicle.carlamotors.carlacola",
            "velocity": 0.0,
            "velocity_vec": {
                "vx": 0.0,
                "vy": 0.0,
                "vz": 0.0
            }
        }
    },
    "reverse": false,
    "right_distance": 1.7047479254195854,
    "steer": 0.0,
    "steer_noise": 0.0,
    "target_road_option": "RoadOption.LANEFOLLOW",
    "target_waypoint": {
        "pitch": 360.0,
        "roll": 0.0,
        "x": -88.64411163330078,
        "y": 144.5518035888672,
        "yaw": 89.78770446777344,
        "z": 0.0
    },
    "throttle": 0.0,
    "throttle_noise": 0.0
}