{
    "blocking_state": "AgentState.BLOCKED_BY_VEHICLE",
    "brake": 1.0,
    "brake_noise": 0.0,
    "current_waypoint": {
        "pitch": -0.39509209990501404,
        "roll": 0.0,
        "x": -88.21157836914062,
        "y": 126.0645980834961,
        "yaw": 101.12261962890625,
        "z": 0.02335750311613083
    },
    "ego_planned_trajectory": [],
    "ego_vehicle_can_speed": 3.442215863171955e-05,
    "ego_vehicle_can_timestamp": "841",
    "ego_vehicle_id": 171,
    "ego_vehicle_transform": {
        "pitch": 0.024943849071860313,
        "roll": 0.033347904682159424,
        "x": -88.27034759521484,
        "y": 127.56446838378906,
        "yaw": 86.0673828125,
        "z": 0.08292754739522934
    },
    "ego_velocity": {
        "vx": 3.319887036923319e-05,
        "vy": -7.019452368695056e-06,
        "vz": -5.783364031231031e-06
    },
    "hand_brake": false,
    "left_distance": 1.7505400092314878,
    "next_target_location": null,
    "other_actors": {
        "171": {
            "bounding_box": {
                "extent_x": 2.452350616455078,
                "extent_y": 1.0303291082382202,
                "extent_z": 0.7391985058784485,
                "loc_x": 0.060644909739494324,
                "loc_y": 0.0,
                "loc_z": 0.7473415732383728
            },
            "transform": {
                "pitch": 0.024943849071860313,
                "roll": 0.033347904682159424,
                "x": -88.27034759521484,
                "y": 127.56446838378906,
                "yaw": 86.0673828125,
                "z": 0.08292754739522934
            },
            "type": "vehicle.lincoln.mkz2017",
            "velocity": 3.3932841103413785e-05,
            "velocity_vec": {
                "vx": 3.319887036923319e-05,
                "vy": -7.019452368695056e-06,
                "vz": -5.783364031231031e-06
            }
        },
        "173": {
            "bounding_box": {
                "extent_x": 2.073613166809082,
                "extent_y": 1.0016015768051147,
                "extent_z": 0.691210925579071,
                "loc_x": 0.0,
                "loc_y": 0.0,
                "loc_z": 0.7043752670288086
            },
            "transform": {
                "pitch": 0.045209020376205444,
                "roll": -0.02471923828125,
                "x": -83.5064697265625,
                "y": 131.97438049316406,
                "yaw": 162.70394897460938,
                "z": 0.021516647189855576
            },
            "type": "vehicle.audi.tt",
            "velocity": 0.006433500583862281,
            "velocity_vec": {
                "vx": 0.0010607909644022584,
                "vy": 0.006345443427562714,
                "vz": 0.0014035296626389027
            }
        },
        "180": {
            "bounding_box": {
                "extent_x": 2.5996146202087402,
                "extent_y": 1.3075095415115356,
                "extent_z": 1.2384252548217773,
                "loc_x": 0.0,
                "loc_y": 0.0,
                "loc_z": 1.2300000190734863
            },
            "transform": {
                "pitch": -0.13821570575237274,
                "roll": -0.01974487118422985,
                "x": -84.52183532714844,
                "y": 126.66061401367188,
                "yaw": 90.23316192626953,
                "z": 0.04392380267381668
            },
            "type": "vehicle.carlamotors.carlacola",
            "velocity": 0.0,
            "velocity_vec": {
                "vx": 0.0,
                "vy": 0.0,
                "vz": 0.0
            }
        }
    },
    "reverse": false,
    "right_distance": 1.704763168593625,
    "steer": 0.0,
    "steer_noise": 0.0,
    "target_road_option": "RoadOption.LANEFOLLOW",
    "target_waypoint": {
        "pitch": 360.0,
        "roll": 0.0,
        "x": -88.64411163330078,
        "y": 144.5518035888672,
        "yaw": 89.78770446777344,
        "z": 0.0
    },
    "throttle": 0.0,
    "throttle_noise": 0.0
}