{
    "blocking_state": "AgentState.BLOCKED_BY_VEHICLE",
    "brake": 1.0,
    "brake_noise": 0.0,
    "current_waypoint": {
        "pitch": -0.39509209990501404,
        "roll": 0.0,
        "x": -88.21157836914062,
        "y": 126.0645980834961,
        "yaw": 101.12261962890625,
        "z": 0.02335750311613083
    },
    "ego_planned_trajectory": [],
    "ego_vehicle_can_speed": 2.8618147476096635e-05,
    "ego_vehicle_can_timestamp": "870",
    "ego_vehicle_id": 171,
    "ego_vehicle_transform": {
        "pitch": 0.024861887097358704,
        "roll": 0.03185337409377098,
        "x": -88.27037048339844,
        "y": 127.56446838378906,
        "yaw": 86.0673828125,
        "z": 0.08293254673480988
    },
    "ego_velocity": {
        "vx": 2.2696829546475783e-05,
        "vy": -1.705747126834467e-05,
        "vz": 3.5909563393943245e-06
    },
    "hand_brake": false,
    "left_distance": 1.750563024976829,
    "next_target_location": null,
    "other_actors": {
        "171": {
            "bounding_box": {
                "extent_x": 2.452350616455078,
                "extent_y": 1.0303291082382202,
                "extent_z": 0.7391985058784485,
                "loc_x": 0.060644909739494324,
                "loc_y": 0.0,
                "loc_z": 0.7473415732383728
            },
            "transform": {
                "pitch": 0.024861887097358704,
                "roll": 0.03185337409377098,
                "x": -88.27037048339844,
                "y": 127.56446838378906,
                "yaw": 86.0673828125,
                "z": 0.08293254673480988
            },
            "type": "vehicle.lincoln.mkz2017",
            "velocity": 2.8391960086126143e-05,
            "velocity_vec": {
                "vx": 2.2696829546475783e-05,
                "vy": -1.705747126834467e-05,
                "vz": 3.5909563393943245e-06
            }
        },
        "173": {
            "bounding_box": {
                "extent_x": 2.073613166809082,
                "extent_y": 1.0016015768051147,
                "extent_z": 0.691210925579071,
                "loc_x": 0.0,
                "loc_y": 0.0,
                "loc_z": 0.7043752670288086
            },
            "transform": {
                "pitch": 0.039997585117816925,
                "roll": -0.013427735306322575,
                "x": -83.50877380371094,
                "y": 131.970458984375,
                "yaw": 162.60191345214844,
                "z": 0.02184581756591797
            },
            "type": "vehicle.audi.tt",
            "velocity": 0.007440993176967551,
            "velocity_vec": {
                "vx": 0.0013941001379862428,
                "vy": 0.007309231441468,
                "vz": 0.0011774229351431131
            }
        },
        "180": {
            "bounding_box": {
                "extent_x": 2.5996146202087402,
                "extent_y": 1.3075095415115356,
                "extent_z": 1.2384252548217773,
                "loc_x": 0.0,
                "loc_y": 0.0,
                "loc_z": 1.2300000190734863
            },
            "transform": {
                "pitch": -0.13821570575237274,
                "roll": -0.01974487118422985,
                "x": -84.52183532714844,
                "y": 126.66061401367188,
                "yaw": 90.23316192626953,
                "z": 0.04392380267381668
            },
            "type": "vehicle.carlamotors.carlacola",
            "velocity": 0.0,
            "velocity_vec": {
                "vx": 0.0,
                "vy": 0.0,
                "vz": 0.0
            }
        }
    },
    "reverse": false,
    "right_distance": 1.7047405214841251,
    "steer": 0.0,
    "steer_noise": 0.0,
    "target_road_option": "RoadOption.LANEFOLLOW",
    "target_waypoint": {
        "pitch": 360.0,
        "roll": 0.0,
        "x": -88.64411163330078,
        "y": 144.5518035888672,
        "yaw": 89.78770446777344,
        "z": 0.0
    },
    "throttle": 0.0,
    "throttle_noise": 0.0
}